pathway,OIPN_NES,OIPN_FDR,OIPN_pathway_size,NC_NES,NC_FDR,NC_pathway_size,classification
HALLMARK_ADIPOGENESIS,-1.6259823205469,0.0016930786942977,189,-1.80132499919739,0.0011476839737409,176,significant_both_concordant
HALLMARK_ALLOGRAFT_REJECTION,1.7513175246054,0.000683200109312,162,2.40544203639602,0.0013824375138243,140,significant_both_concordant
HALLMARK_ANDROGEN_RESPONSE,-1.35037080938997,0.0608456639139806,94,-1.27193173816921,0.15410587615773,86,not_significant_either
HALLMARK_ANGIOGENESIS,1.46181563569545,0.0649862150452934,35,1.03696764447042,0.462307371928363,31,not_significant_either
HALLMARK_APICAL_JUNCTION,1.56662881731198,0.004658577994948,182,-1.35919845464889,0.042138619201726,174,significant_both_discordant
HALLMARK_APICAL_SURFACE,1.14434225002267,0.27972027972028,39,-0.848817394223361,0.740491525917203,33,not_significant_either
HALLMARK_APOPTOSIS,1.73622216257023,0.000683200109312,152,2.05502260558451,0.0013824375138243,137,significant_both_concordant
HALLMARK_BILE_ACID_METABOLISM,-1.19358734707294,0.174287780769076,95,-1.79809071130414,0.0013824375138243,79,significant_NC_only
HALLMARK_CHOLESTEROL_HOMEOSTASIS,-1.84170482759846,0.0012786415711947,73,-2.09156479421532,0.0011476839737409,66,significant_both_concordant
HALLMARK_COAGULATION,1.76071399332661,0.0016930786942977,109,1.53345217260646,0.0101392456401244,95,significant_both_concordant
HALLMARK_COMPLEMENT,-1.27603619738897,0.072411913037552,166,1.9491359363558,0.0013824375138243,141,significant_NC_only
HALLMARK_DNA_REPAIR,-0.979262689126138,0.52433455557819,141,1.6678050847995,0.0013824375138243,134,significant_NC_only
HALLMARK_E2F_TARGETS,2.76667943432245,0.000683200109312,195,3.2554729839039,0.0013824375138243,187,significant_both_concordant
HALLMARK_EPITHELIAL_MESENCHYMAL_TRANSITION,1.99638833716378,0.000683200109312,186,2.07472739922398,0.0013824375138243,174,significant_both_concordant
HALLMARK_ESTROGEN_RESPONSE_EARLY,1.05919375795485,0.341894525432527,177,-1.42730757759764,0.0228082557278846,165,significant_NC_only
HALLMARK_ESTROGEN_RESPONSE_LATE,1.30109620865745,0.060119748723989,179,-1.21856363565875,0.163280116110305,161,not_significant_either
HALLMARK_FATTY_ACID_METABOLISM,-2.09189705788412,0.000683200109312,144,-2.09647398578152,0.0011476839737409,131,significant_both_concordant
HALLMARK_G2M_CHECKPOINT,2.90241604835369,0.000683200109312,188,2.6456530003064,0.0013824375138243,182,significant_both_concordant
HALLMARK_GLYCOLYSIS,-1.14343490641917,0.185509786736781,186,1.28503002881627,0.044747534410854,168,significant_NC_only
HALLMARK_HEDGEHOG_SIGNALING,-0.820436938150071,0.755483346872461,35,-0.773765377904568,0.836408247108947,31,not_significant_either
HALLMARK_HEME_METABOLISM,1.43355391576824,0.0154327958203472,178,-1.39482685346902,0.0279525893026994,168,significant_both_discordant
HALLMARK_HYPOXIA,1.33352735240908,0.041994750656168,185,-1.0687252373112,0.407899482986654,169,significant_OIPN_only
HALLMARK_IL2_STAT5_SIGNALING,1.30310227175815,0.0583971258458062,181,1.6416372725866,0.0013824375138243,162,significant_NC_only
HALLMARK_IL6_JAK_STAT3_SIGNALING,1.61487493643777,0.0123492727160461,78,2.31714195482732,0.0013824375138243,69,significant_both_concordant
HALLMARK_INFLAMMATORY_RESPONSE,1.29544220675282,0.0608456639139806,177,2.09107847835882,0.0013824375138243,155,significant_NC_only
HALLMARK_INTERFERON_ALPHA_RESPONSE,2.21684250010936,0.000683200109312,91,1.70492696825455,0.0033250207813798,86,significant_both_concordant
HALLMARK_INTERFERON_GAMMA_RESPONSE,2.1889740562122,0.000683200109312,178,2.18692610093016,0.0013824375138243,163,significant_both_concordant
HALLMARK_KRAS_SIGNALING_DN,1.21369744380417,0.133431836685463,139,-1.97598283975583,0.0011476839737409,105,significant_NC_only
HALLMARK_KRAS_SIGNALING_UP,1.2008494642047,0.133431836685463,182,1.90105061137364,0.0013824375138243,163,significant_NC_only
HALLMARK_MITOTIC_SPINDLE,2.26335521012611,0.000683200109312,192,1.34934385387471,0.0223966805761841,188,significant_both_concordant
HALLMARK_MTORC1_SIGNALING,-1.66283413696033,0.000683200109312,198,-1.4019932021313,0.0264243546517106,184,significant_both_concordant
HALLMARK_MYC_TARGETS_V1,-1.17319533152476,0.149856792144026,194,2.5605834924765,0.0013824375138243,183,significant_NC_only
HALLMARK_MYC_TARGETS_V2,1.56580874301814,0.0217438573602957,58,1.99789969452434,0.0013824375138243,51,significant_both_concordant
HALLMARK_MYOGENESIS,2.0106339006107,0.000683200109312,177,-2.77822026786161,0.0011476839737409,183,significant_both_discordant
HALLMARK_NOTCH_SIGNALING,0.906319425521674,0.614848490917466,32,-0.949032843986135,0.593875604605218,30,not_significant_either
HALLMARK_OXIDATIVE_PHOSPHORYLATION,-2.77446866556841,0.000683200109312,179,-2.11514887661567,0.0011476839737409,178,significant_both_concordant
HALLMARK_P53_PATHWAY,2.04113510479887,0.000683200109312,184,1.67837161126477,0.0013824375138243,169,significant_both_concordant
HALLMARK_PANCREAS_BETA_CELLS,-1.7380769231238,0.0123492727160461,28,-0.668082270793318,0.892801495793082,16,significant_OIPN_only
HALLMARK_PEROXISOME,-1.53813322422307,0.0145180023228804,93,-1.13159187696872,0.318188119849731,85,significant_OIPN_only
HALLMARK_PI3K_AKT_MTOR_SIGNALING,1.06138802876442,0.35970770868075,100,1.15982246264907,0.208908956129119,90,not_significant_either
HALLMARK_PROTEIN_SECRETION,-2.03586966609952,0.000683200109312,93,-1.02053088836207,0.492504638106256,90,significant_OIPN_only
HALLMARK_REACTIVE_OXYGEN_SPECIES_PATHWAY,-1.7553639767432,0.0083147474273193,46,0.754780654297978,0.892801495793082,42,significant_OIPN_only
HALLMARK_SPERMATOGENESIS,1.4440947634294,0.0285460543009388,107,-0.971138340735076,0.580186197868879,77,significant_OIPN_only
HALLMARK_TGF_BETA_SIGNALING,1.29607227736603,0.133431836685463,53,1.84384241679567,0.0013824375138243,49,significant_NC_only
HALLMARK_TNFA_SIGNALING_VIA_NFKB,1.69041987964629,0.000683200109312,185,2.5707841609148,0.0013824375138243,168,significant_both_concordant
HALLMARK_UNFOLDED_PROTEIN_RESPONSE,-1.1510603918747,0.217625806086928,102,1.17066301005582,0.186664089212145,99,not_significant_either
HALLMARK_UV_RESPONSE_DN,1.48048193366676,0.0154327958203472,139,-1.44010073113922,0.0272614622057001,136,significant_both_discordant
HALLMARK_UV_RESPONSE_UP,1.09111484773488,0.285051738093676,146,-1.06472333814263,0.411602402376936,135,not_significant_either
HALLMARK_WNT_BETA_CATENIN_SIGNALING,1.77953543576118,0.0068159688412853,39,1.29637050121881,0.161001042752868,33,significant_OIPN_only
HALLMARK_XENOBIOTIC_METABOLISM,1.37231498101663,0.0296220495765393,169,-0.946867969131445,0.629333046702854,137,significant_OIPN_only
