pathway,symbol,n_ranked,n_leading_edge,n_LE_in_significant_pathways,n_positive_log2FC,n_negative_log2FC,n_gene_FDR_lt_0_05,all_three_ranked,shared_ge3,shared_all3,positive_all3,negative_all3,OIPN_GSE160543_LE,OIPN_GSE160543_log2FC,OIPN_GSE160543_gene_FDR,NC_GSE246156_LE,NC_GSE246156_log2FC,NC_GSE246156_gene_FDR,CCI_GSE212311_LE,CCI_GSE212311_log2FC,CCI_GSE212311_gene_FDR
HALLMARK_FATTY_ACID_METABOLISM,Bckdhb,3,3,3,0,3,1,TRUE,TRUE,TRUE,FALSE,TRUE,TRUE,-0.164348187956222,0.614077694014419,TRUE,-1.05864743655268,1.4658541746503e-06,TRUE,-0.23109865754214,0.532115890813476
HALLMARK_FATTY_ACID_METABOLISM,Ech1,3,3,3,0,3,1,TRUE,TRUE,TRUE,FALSE,TRUE,TRUE,-0.168043162276736,0.340003166498337,TRUE,-0.874141858155086,7.94447021778799e-05,TRUE,-0.105390583370556,0.835514138653252
HALLMARK_FATTY_ACID_METABOLISM,Gabarapl1,3,3,3,0,3,2,TRUE,TRUE,TRUE,FALSE,TRUE,TRUE,-0.220596952172013,0.0413357685098914,TRUE,-1.05681796796013,4.49722589719893e-06,TRUE,-0.143827657666552,0.472833215782101
HALLMARK_FATTY_ACID_METABOLISM,Hmgcs1,3,3,3,0,3,2,TRUE,TRUE,TRUE,FALSE,TRUE,TRUE,-0.416069298590807,0.0196550971164726,TRUE,-4.5379716618207,6.87343401235796e-46,TRUE,-0.157086843781141,0.544812090069614
HALLMARK_FATTY_ACID_METABOLISM,Hsd17b10,3,3,3,0,3,1,TRUE,TRUE,TRUE,FALSE,TRUE,TRUE,-0.266537176209765,0.239135417436258,TRUE,-1.27700115305367,2.14188804372753e-05,TRUE,-0.241781634153835,0.347410788569085
HALLMARK_FATTY_ACID_METABOLISM,Hsph1,3,3,3,0,3,3,TRUE,TRUE,TRUE,FALSE,TRUE,TRUE,-0.4568921449697,0.00682663431197748,TRUE,-1.10656343841158,4.6050589934943e-07,TRUE,-0.360301035385023,0.00493154805743024
HALLMARK_FATTY_ACID_METABOLISM,Idh3g,3,3,3,0,3,1,TRUE,TRUE,TRUE,FALSE,TRUE,TRUE,-0.102022102021012,0.573878082236608,TRUE,-0.818635650866729,0.000102442235772869,TRUE,-0.12587489542941,0.641432788422983
HALLMARK_FATTY_ACID_METABOLISM,Nsdhl,3,3,3,0,3,1,TRUE,TRUE,TRUE,FALSE,TRUE,TRUE,-0.283582800919149,0.111711067518404,TRUE,-2.72901680320063,7.28041135692012e-19,TRUE,-0.149131064026394,0.496323768292913
HALLMARK_FATTY_ACID_METABOLISM,Sdha,3,3,3,0,3,1,TRUE,TRUE,TRUE,FALSE,TRUE,TRUE,-0.178437019633635,0.0860280862481799,TRUE,-0.953965506881696,0.000164181819116925,TRUE,-0.126043107520615,0.668982616175829
HALLMARK_FATTY_ACID_METABOLISM,Sucla2,3,3,3,0,3,1,TRUE,TRUE,TRUE,FALSE,TRUE,TRUE,-0.291292318290106,0.0523739261732846,TRUE,-1.39672006929546,4.92444429467325e-09,TRUE,-0.174385917965811,0.390321220497194
HALLMARK_OXIDATIVE_PHOSPHORYLATION,Acadm,3,3,3,0,3,1,TRUE,TRUE,TRUE,FALSE,TRUE,TRUE,-0.16762542568507,0.253703349835063,TRUE,-1.31427594807473,6.52504060264881e-07,TRUE,-0.0983348802201957,0.880673959531879
HALLMARK_OXIDATIVE_PHOSPHORYLATION,Acadvl,3,3,3,0,3,0,TRUE,TRUE,TRUE,FALSE,TRUE,TRUE,-0.143195512505363,0.411767533675513,TRUE,-0.372043777972758,0.0557818507166687,TRUE,-0.0760566439991583,0.947290842557969
HALLMARK_OXIDATIVE_PHOSPHORYLATION,Cox11,3,3,3,0,3,1,TRUE,TRUE,TRUE,FALSE,TRUE,TRUE,-0.184248404608335,0.429245333672578,TRUE,-1.21360227343454,0.000398788695754813,TRUE,-0.138639770276427,0.915553193125361
HALLMARK_OXIDATIVE_PHOSPHORYLATION,Cox6c,3,3,3,0,3,1,TRUE,TRUE,TRUE,FALSE,TRUE,TRUE,-0.334357021390504,0.324355064582158,TRUE,-0.787042588488613,0.00196767276167763,TRUE,-0.0735385414212426,0.908988106371654
HALLMARK_OXIDATIVE_PHOSPHORYLATION,Cox7b,3,3,3,0,3,1,TRUE,TRUE,TRUE,FALSE,TRUE,TRUE,-0.26363664969419,0.311684701055505,TRUE,-0.929876002448418,0.000329120700507367,TRUE,-0.107647226637387,0.904277673623637
HALLMARK_OXIDATIVE_PHOSPHORYLATION,Cyc1,3,3,3,0,3,1,TRUE,TRUE,TRUE,FALSE,TRUE,TRUE,-0.0914608517384491,0.668630439262497,TRUE,-0.916600636979785,0.000171021802923723,TRUE,-0.125728245448659,0.903821466760316
HALLMARK_OXIDATIVE_PHOSPHORYLATION,Ech1,3,3,3,0,3,1,TRUE,TRUE,TRUE,FALSE,TRUE,TRUE,-0.168043162276736,0.340003166498337,TRUE,-0.874141858155086,7.94447021778799e-05,TRUE,-0.105390583370556,0.835514138653252
HALLMARK_OXIDATIVE_PHOSPHORYLATION,Hsd17b10,3,3,3,0,3,1,TRUE,TRUE,TRUE,FALSE,TRUE,TRUE,-0.266537176209765,0.239135417436258,TRUE,-1.27700115305367,2.14188804372753e-05,TRUE,-0.241781634153835,0.347410788569085
HALLMARK_OXIDATIVE_PHOSPHORYLATION,Idh3g,3,3,3,0,3,1,TRUE,TRUE,TRUE,FALSE,TRUE,TRUE,-0.102022102021012,0.573878082236608,TRUE,-0.818635650866729,0.000102442235772869,TRUE,-0.12587489542941,0.641432788422983
HALLMARK_OXIDATIVE_PHOSPHORYLATION,Isca1,3,3,3,0,3,1,TRUE,TRUE,TRUE,FALSE,TRUE,TRUE,-0.208621914522388,0.12261999908471,TRUE,-1.18404643442169,1.85297530096278e-08,TRUE,-0.165948108797875,0.565773557017701
HALLMARK_OXIDATIVE_PHOSPHORYLATION,Iscu,3,3,3,0,3,1,TRUE,TRUE,TRUE,FALSE,TRUE,TRUE,-0.217638603088963,0.0586032833358894,TRUE,-1.60884666108087,2.18289801920591e-20,TRUE,-0.255859805239165,0.440680915262023
HALLMARK_OXIDATIVE_PHOSPHORYLATION,Mdh1,3,3,3,0,3,1,TRUE,TRUE,TRUE,FALSE,TRUE,TRUE,-0.211564692097958,0.157804290084807,TRUE,-0.738138752823529,0.00105159967243184,TRUE,-0.324211050803853,0.11041123719821
HALLMARK_OXIDATIVE_PHOSPHORYLATION,Ndufa2,3,3,3,0,3,1,TRUE,TRUE,TRUE,FALSE,TRUE,TRUE,-0.287733543857006,0.329138396845105,TRUE,-0.585924297101692,0.0210858100516573,TRUE,-0.1828203600312,0.750202819362835
HALLMARK_OXIDATIVE_PHOSPHORYLATION,Ndufa9,3,3,3,0,3,1,TRUE,TRUE,TRUE,FALSE,TRUE,TRUE,-0.181630216139793,0.455773477878163,TRUE,-0.773226139748665,0.00017638418864556,TRUE,-0.181718622519798,0.324717480792411
HALLMARK_OXIDATIVE_PHOSPHORYLATION,Ndufab1,3,3,3,0,3,1,TRUE,TRUE,TRUE,FALSE,TRUE,TRUE,-0.170355291543823,0.370058922231702,TRUE,-1.19760538381469,2.36395452351497e-05,TRUE,-0.137665673626076,0.716185487740784
HALLMARK_OXIDATIVE_PHOSPHORYLATION,Ndufb3,3,3,3,0,3,1,TRUE,TRUE,TRUE,FALSE,TRUE,TRUE,-0.216246554453747,0.382254164125788,TRUE,-1.09858346538741,0.000773189163900543,TRUE,-0.173380744864537,0.53162834964722
HALLMARK_OXIDATIVE_PHOSPHORYLATION,Ndufb5,3,3,3,0,3,1,TRUE,TRUE,TRUE,FALSE,TRUE,TRUE,-0.144890049726912,0.489315679486548,TRUE,-1.07843866380293,8.31799773972832e-05,TRUE,-0.0729690480550356,0.941363403614903
HALLMARK_OXIDATIVE_PHOSPHORYLATION,Ndufs1,3,3,3,0,3,1,TRUE,TRUE,TRUE,FALSE,TRUE,TRUE,-0.37134518692393,0.00100164145556759,TRUE,-0.627463137740581,0.0585540245377644,TRUE,-0.215331733252869,0.208746776892665
HALLMARK_OXIDATIVE_PHOSPHORYLATION,Ndufs2,3,3,3,0,3,1,TRUE,TRUE,TRUE,FALSE,TRUE,TRUE,-0.159985572420518,0.259941318275219,TRUE,-0.68505542848477,0.00289587733325337,TRUE,-0.139446964207693,0.802403897046259
HALLMARK_OXIDATIVE_PHOSPHORYLATION,Ndufs3,3,3,3,0,3,1,TRUE,TRUE,TRUE,FALSE,TRUE,TRUE,-0.105611619538079,0.623850843279986,TRUE,-1.46714423011289,5.24832188986174e-09,TRUE,-0.154706338163068,0.88339562844191
HALLMARK_OXIDATIVE_PHOSPHORYLATION,Ndufs4,3,3,3,0,3,1,TRUE,TRUE,TRUE,FALSE,TRUE,TRUE,-0.126049945504817,0.592877195300371,TRUE,-0.669636254680287,0.00500805254670534,TRUE,-0.173294465089625,0.635887539817384
HALLMARK_OXIDATIVE_PHOSPHORYLATION,Opa1,3,3,3,0,3,1,TRUE,TRUE,TRUE,FALSE,TRUE,TRUE,-0.19121484803922,0.218851149767336,TRUE,-0.720749922818702,0.00188854044891893,TRUE,-0.0838275687652696,0.809261739704146
HALLMARK_OXIDATIVE_PHOSPHORYLATION,Pdha1,3,3,3,0,3,1,TRUE,TRUE,TRUE,FALSE,TRUE,TRUE,-0.155366729324005,0.143692346267673,TRUE,-0.752478443973502,0.00666228943337168,TRUE,-0.0838445133295207,0.924891373064366
HALLMARK_OXIDATIVE_PHOSPHORYLATION,Pdhb,3,3,3,0,3,2,TRUE,TRUE,TRUE,FALSE,TRUE,TRUE,-0.333621735966542,0.00205710752482584,TRUE,-0.654385800150921,0.00384779261600835,TRUE,-0.18522186140867,0.517379471513166
HALLMARK_OXIDATIVE_PHOSPHORYLATION,Pdhx,3,3,3,0,3,1,TRUE,TRUE,TRUE,FALSE,TRUE,TRUE,-0.192873215824816,0.352853081792546,TRUE,-0.588821161876261,0.0114636395746369,TRUE,-0.229114590964183,0.419110686390141
HALLMARK_OXIDATIVE_PHOSPHORYLATION,Phyh,3,3,3,0,3,1,TRUE,TRUE,TRUE,FALSE,TRUE,TRUE,-0.123614266482347,0.565215960676173,TRUE,-1.08544936969901,1.15819097428963e-06,TRUE,-0.224499543365832,0.517375231000479
HALLMARK_OXIDATIVE_PHOSPHORYLATION,Prdx3,3,3,3,0,3,1,TRUE,TRUE,TRUE,FALSE,TRUE,TRUE,-0.313168371109786,0.0184088602679958,TRUE,-0.473797285029923,0.0505743624976623,TRUE,-0.168310339096632,0.665720801853431
HALLMARK_OXIDATIVE_PHOSPHORYLATION,Rhot1,3,3,3,0,3,1,TRUE,TRUE,TRUE,FALSE,TRUE,TRUE,-0.125893429002833,0.374146900445457,TRUE,-0.569714868506328,0.0156247045506532,TRUE,-0.102829567524164,0.864527699961645
HALLMARK_OXIDATIVE_PHOSPHORYLATION,Sdha,3,3,3,0,3,1,TRUE,TRUE,TRUE,FALSE,TRUE,TRUE,-0.178437019633635,0.0860280862481799,TRUE,-0.953965506881696,0.000164181819116925,TRUE,-0.126043107520615,0.668982616175829
HALLMARK_OXIDATIVE_PHOSPHORYLATION,Slc25a4,3,3,3,0,3,2,TRUE,TRUE,TRUE,FALSE,TRUE,TRUE,-0.317464537481108,1.66162191504688e-06,TRUE,-1.94372152761192,1.59667805186497e-10,TRUE,-0.0796043081486495,0.884244661535368
HALLMARK_OXIDATIVE_PHOSPHORYLATION,Sucla2,3,3,3,0,3,1,TRUE,TRUE,TRUE,FALSE,TRUE,TRUE,-0.291292318290106,0.0523739261732846,TRUE,-1.39672006929546,4.92444429467325e-09,TRUE,-0.174385917965811,0.390321220497194
HALLMARK_OXIDATIVE_PHOSPHORYLATION,Uqcrc2,3,3,3,0,3,2,TRUE,TRUE,TRUE,FALSE,TRUE,TRUE,-0.246588567848066,0.0395942146415576,TRUE,-0.801014307383778,0.00470969170920215,TRUE,-0.137911468390891,0.791772085476615
HALLMARK_OXIDATIVE_PHOSPHORYLATION,Uqcrfs1,3,3,3,0,3,2,TRUE,TRUE,TRUE,FALSE,TRUE,TRUE,-0.318707893283582,0.00123405891404776,TRUE,-0.612240533141061,0.0143795089796656,TRUE,-0.117802064202662,0.738082049148828
HALLMARK_OXIDATIVE_PHOSPHORYLATION,Uqcrh,3,3,3,0,3,1,TRUE,TRUE,TRUE,FALSE,TRUE,TRUE,-0.350307987799302,0.296235458744892,TRUE,-0.522879717541708,0.0129850385112987,TRUE,-0.113619603228515,0.742975730857927
