"pathway","NES_OIPN","NES_NC","NES_CCI","padj_OIPN","padj_NC","padj_CCI"
"HALLMARK_ALLOGRAFT_REJECTION",1.7513175246054,2.40544203639602,2.24643927507488,0.000683200109312018,0.00138243751382438,0.00148729847105717
"HALLMARK_APOPTOSIS",1.73622216257023,2.05502260558451,1.65171119990134,0.000683200109312018,0.00138243751382438,0.00995449374288965
"HALLMARK_E2F_TARGETS",2.76667943432245,3.2554729839039,1.08823610435494,0.000683200109312018,0.00138243751382438,0.395401980472266
"HALLMARK_EPITHELIAL_MESENCHYMAL_TRANSITION",1.99638833716378,2.07472739922398,1.83160154638796,0.000683200109312018,0.00138243751382438,0.00148729847105717
"HALLMARK_FATTY_ACID_METABOLISM",-2.09189705788412,-2.09647398578152,-1.45694341457902,0.000683200109312018,0.00114768397374099,0.0313194009452765
"HALLMARK_G2M_CHECKPOINT",2.90241604835369,2.6456530003064,1.48257407385836,0.000683200109312018,0.00138243751382438,0.0258831981068289
"HALLMARK_INTERFERON_ALPHA_RESPONSE",2.21684250010936,1.70492696825455,1.80882876224347,0.000683200109312018,0.00332502078137988,0.00808799741184083
"HALLMARK_INTERFERON_GAMMA_RESPONSE",2.1889740562122,2.18692610093016,2.35329975009228,0.000683200109312018,0.00138243751382438,0.00148729847105717
"HALLMARK_MITOTIC_SPINDLE",2.26335521012611,1.34934385387471,1.03355636589664,0.000683200109312018,0.0223966805761841,0.482741035581083
"HALLMARK_MTORC1_SIGNALING",-1.66283413696033,-1.4019932021313,1.14722091793292,0.000683200109312018,0.0264243546517106,0.301764935137242
"HALLMARK_MYOGENESIS",2.0106339006107,-2.77822026786161,-1.36546053442159,0.000683200109312018,0.00114768397374099,0.0622744957049858
"HALLMARK_OXIDATIVE_PHOSPHORYLATION",-2.77446866556841,-2.11514887661567,-2.148932559987,0.000683200109312018,0.00114768397374099,0.00176672202395675
"HALLMARK_P53_PATHWAY",2.04113510479887,1.67837161126477,1.55119233834525,0.000683200109312018,0.00138243751382438,0.014476319154583
"HALLMARK_PROTEIN_SECRETION",-2.03586966609952,-1.02053088836207,-1.33048355301084,0.000683200109312018,0.492504638106256,0.132366482504604
"HALLMARK_TNFA_SIGNALING_VIA_NFKB",1.69041987964629,2.5707841609148,2.46979155663855,0.000683200109312018,0.00138243751382438,0.00148729847105717
"HALLMARK_CHOLESTEROL_HOMEOSTASIS",-1.84170482759846,-2.09156479421532,1.50937857202666,0.00127864157119476,0.00114768397374099,0.0622744957049858
"HALLMARK_ADIPOGENESIS",-1.6259823205469,-1.80132499919739,1.06378877063235,0.00169307869429771,0.00114768397374099,0.438963210702341
"HALLMARK_COAGULATION",1.76071399332661,1.53345217260646,1.84289154543157,0.00169307869429771,0.0101392456401244,0.00192067607797945
"HALLMARK_APICAL_JUNCTION",1.56662881731198,-1.35919845464889,-1.07135811103061,0.00465857799494803,0.042138619201726,0.395401980472266
"HALLMARK_WNT_BETA_CATENIN_SIGNALING",1.77953543576118,1.29637050121881,0.694769787581101,0.0068159688412853,0.161001042752868,0.926631747373506
"HALLMARK_REACTIVE_OXYGEN_SPECIES_PATHWAY",-1.7553639767432,0.754780654297978,1.24571622774772,0.00831474742731933,0.892801495793082,0.2807836703789
"HALLMARK_IL6_JAK_STAT3_SIGNALING",1.61487493643777,2.31714195482732,2.44957584089756,0.0123492727160461,0.00138243751382438,0.00148729847105717
"HALLMARK_PANCREAS_BETA_CELLS",-1.7380769231238,-0.668082270793318,-1.22055530146851,0.0123492727160461,0.892801495793082,0.305300767918089
"HALLMARK_PEROXISOME",-1.53813322422307,-1.13159187696872,1.06869271086464,0.0145180023228804,0.318188119849731,0.439765015410772
"HALLMARK_HEME_METABOLISM",1.43355391576824,-1.39482685346902,-1.23916427242275,0.0154327958203472,0.0279525893026994,0.140840804458444
"HALLMARK_UV_RESPONSE_DN",1.48048193366676,-1.44010073113922,1.00080418916056,0.0154327958203472,0.0272614622057001,0.516483251473083
"HALLMARK_MYC_TARGETS_V2",1.56580874301814,1.99789969452434,0.971968479808122,0.0217438573602957,0.00138243751382438,0.551206586160163
"HALLMARK_SPERMATOGENESIS",1.4440947634294,-0.971138340735076,1.0010512117191,0.0285460543009388,0.580186197868879,0.516483251473083
"HALLMARK_XENOBIOTIC_METABOLISM",1.37231498101663,-0.946867969131445,1.21781174196887,0.0296220495765393,0.629333046702854,0.209192335677904
"HALLMARK_HYPOXIA",1.33352735240908,-1.0687252373112,1.50825589961404,0.041994750656168,0.407899482986654,0.0212243074173369
"HALLMARK_IL2_STAT5_SIGNALING",1.30310227175815,1.6416372725866,1.77328359844081,0.0583971258458062,0.00138243751382438,0.00192067607797945
"HALLMARK_ESTROGEN_RESPONSE_LATE",1.30109620865745,-1.21856363565875,1.2731826238435,0.060119748723989,0.163280116110305,0.140840804458444
"HALLMARK_ANDROGEN_RESPONSE",-1.35037080938997,-1.27193173816921,1.39324702461237,0.0608456639139806,0.15410587615773,0.10888732146006
"HALLMARK_INFLAMMATORY_RESPONSE",1.29544220675282,2.09107847835882,2.32555646211451,0.0608456639139806,0.00138243751382438,0.00148729847105717
"HALLMARK_ANGIOGENESIS",1.46181563569545,1.03696764447042,0.880151703252425,0.0649862150452934,0.462307371928363,0.666651154132539
"HALLMARK_COMPLEMENT",-1.27603619738897,1.9491359363558,1.65571186438199,0.072411913037552,0.00138243751382438,0.00676018252492817
"HALLMARK_KRAS_SIGNALING_DN",1.21369744380417,-1.97598283975583,1.14936195678323,0.133431836685463,0.00114768397374099,0.305300767918089
"HALLMARK_KRAS_SIGNALING_UP",1.2008494642047,1.90105061137364,1.59134124368995,0.133431836685463,0.00138243751382438,0.0117380076688317
"HALLMARK_TGF_BETA_SIGNALING",1.29607227736603,1.84384241679567,1.35890335182728,0.133431836685463,0.00138243751382438,0.153507968492398
"HALLMARK_MYC_TARGETS_V1",-1.17319533152476,2.5605834924765,0.632140029886787,0.149856792144026,0.00138243751382438,0.999151391717583
"HALLMARK_BILE_ACID_METABOLISM",-1.19358734707294,-1.79809071130414,-0.964333957888621,0.174287780769076,0.00138243751382438,0.571924090986556
"HALLMARK_GLYCOLYSIS",-1.14343490641917,1.28503002881627,-0.9807883716543,0.185509786736781,0.044747534410854,0.551206586160163
"HALLMARK_UNFOLDED_PROTEIN_RESPONSE",-1.1510603918747,1.17066301005582,-1.13126942861004,0.217625806086928,0.186664089212145,0.346503304944254
"HALLMARK_APICAL_SURFACE",1.14434225002267,-0.848817394223361,1.35165686643266,0.27972027972028,0.740491525917203,0.194167119604085
"HALLMARK_UV_RESPONSE_UP",1.09111484773488,-1.06472333814263,1.23372504748052,0.285051738093676,0.411602402376936,0.202566047275945
"HALLMARK_ESTROGEN_RESPONSE_EARLY",1.05919375795485,-1.42730757759764,1.31413652935149,0.341894525432527,0.0228082557278846,0.115760347845728
"HALLMARK_PI3K_AKT_MTOR_SIGNALING",1.06138802876442,1.15982246264907,1.04746265947237,0.35970770868075,0.208908956129119,0.477266610362973
"HALLMARK_DNA_REPAIR",-0.979262689126138,1.6678050847995,-1.01737041638344,0.52433455557819,0.00138243751382438,0.511296076099881
"HALLMARK_NOTCH_SIGNALING",0.906319425521674,-0.949032843986135,-1.01670618168731,0.614848490917466,0.593875604605218,0.516483251473083
"HALLMARK_HEDGEHOG_SIGNALING",-0.820436938150071,-0.773765377904568,0.928815496971056,0.755483346872461,0.836408247108947,0.593742083103785
