accession,gsm,group,replicate,analysis_role
GSE160543,GSM4875003,Vehicle,1,primary
GSE160543,GSM4875004,Vehicle,2,primary
GSE160543,GSM4875005,Vehicle,3,primary
GSE160543,GSM4875006,Vehicle,4,primary
GSE160543,GSM4875011,Oxaliplatin,1,primary
GSE160543,GSM4875012,Oxaliplatin,2,primary
GSE160543,GSM4875013,Oxaliplatin,3,primary
GSE160543,GSM4875014,Oxaliplatin,4,primary
GSE160543,GSM4875007,Paclitaxel,1,excluded
GSE160543,GSM4875008,Paclitaxel,2,excluded
GSE160543,GSM4875009,Paclitaxel,3,excluded
GSE160543,GSM4875010,Paclitaxel,4,excluded
