"pathway","OIPN_NES","OIPN_FDR","OIPN_set_size","NC_NES","NC_FDR","NC_set_size","CCI_NES","CCI_FDR","CCI_set_size","significant_models","direction","significant_all_three","concordant_significant_all_three","shared_leading_edge_n","shared_leading_edge_genes"
"HALLMARK_ALLOGRAFT_REJECTION",1.7513175246054,0.000683200109312018,162,2.40544203639602,0.00138243751382438,140,2.24643927507488,0.00148729847105717,141,"OIPN+NC+CCI","positive_all_three",TRUE,TRUE,20,"Icam1;Csf1;Il4r;Itgal;Il2rb;Gbp2;Cd80;Itgb2;Map4k1;Csk;Bcl3;Ptprc;Fgr;Tgfb1;Spi1;Ccl7;Dyrk3;Igsf6;Lyn;Tlr3"
"HALLMARK_APOPTOSIS",1.73622216257023,0.000683200109312018,152,2.05502260558451,0.00138243751382438,137,1.65171119990134,0.00995449374288965,140,"OIPN+NC+CCI","positive_all_three",TRUE,TRUE,6,"Cdkn1a;Top2a;Emp1;Erbb3;Tspo;Casp7"
"HALLMARK_COAGULATION",1.76071399332661,0.00169307869429771,109,1.53345217260646,0.0101392456401244,95,1.84289154543157,0.00192067607797945,107,"OIPN+NC+CCI","positive_all_three",TRUE,TRUE,4,"Bmp1;Pros1;Ctse;Serpine1"
"HALLMARK_EPITHELIAL_MESENCHYMAL_TRANSITION",1.99638833716378,0.000683200109312018,186,2.07472739922398,0.00138243751382438,174,1.83160154638796,0.00148729847105717,170,"OIPN+NC+CCI","positive_all_three",TRUE,TRUE,8,"Col16a1;Mcm7;Vim;Crlf1;Postn;Tgfb1;Mgp;Emp3"
"HALLMARK_FATTY_ACID_METABOLISM",-2.09189705788412,0.000683200109312018,144,-2.09647398578152,0.00114768397374099,131,-1.45694341457902,0.0313194009452765,133,"OIPN+NC+CCI","negative_all_three",TRUE,TRUE,10,"Hsph1;Hmgcs1;Gabarapl1;Sucla2;Sdha;Nsdhl;Hsd17b10;Ech1;Idh3g;Bckdhb"
"HALLMARK_G2M_CHECKPOINT",2.90241604835369,0.000683200109312018,188,2.6456530003064,0.00138243751382438,182,1.48257407385836,0.0258831981068289,170,"OIPN+NC+CCI","positive_all_three",TRUE,TRUE,19,"Top2a;Mcm5;Cenpf;Prc1;Ccnf;Kif11;Tpx2;Mybl2;Kif22;Ezh2;Bard1;Plk1;Pttg1;Kif15;Cdc6;Bcl3;Cdkn3;Traip;Tgfb1"
"HALLMARK_IL6_JAK_STAT3_SIGNALING",1.61487493643777,0.0123492727160461,78,2.31714195482732,0.00138243751382438,69,2.44957584089756,0.00148729847105717,73,"OIPN+NC+CCI","positive_all_three",TRUE,TRUE,8,"Csf1;Il4r;Cxcl1;Pim1;Tgfb1;Tnfrsf1a;Ccl7;Tnfrsf1b"
"HALLMARK_INTERFERON_ALPHA_RESPONSE",2.21684250010936,0.000683200109312018,91,1.70492696825455,0.00332502078137988,86,1.80882876224347,0.00808799741184083,77,"OIPN+NC+CCI","positive_all_three",TRUE,TRUE,5,"Csf1;Il4r;Gbp2;Ifi30;Parp9"
"HALLMARK_INTERFERON_GAMMA_RESPONSE",2.1889740562122,0.000683200109312018,178,2.18692610093016,0.00138243751382438,163,2.35329975009228,0.00148729847105717,156,"OIPN+NC+CCI","positive_all_three",TRUE,TRUE,18,"Cdkn1a;Icam1;Il4r;Serping1;Il2rb;Ifi30;Irf5;Pnp;Pim1;Casp7;Pla2g4a;Btg1;Ccl7;Ptpn1;Ptpn6;Myd88;Ripk1;Tnfaip6"
"HALLMARK_OXIDATIVE_PHOSPHORYLATION",-2.77446866556841,0.000683200109312018,179,-2.11514887661567,0.00114768397374099,178,-2.148932559987,0.00176672202395675,178,"OIPN+NC+CCI","negative_all_three",TRUE,TRUE,34,"Slc25a4;Ndufs1;Uqcrfs1;Pdhb;Prdx3;Uqcrc2;Sucla2;Iscu;Sdha;Isca1;Pdha1;Mdh1;Opa1;Hsd17b10;Acadm;Ndufs2;Uqcrh;Cox7b;Cox6c;Ndufa2;Ech1;Pdhx;Ndufab1;Rhot1;Ndufb3;Acadvl;Cox11;Ndufa9;Ndufb5;Phyh;Idh3g;Ndufs4;Ndufs3;Cyc1"
"HALLMARK_P53_PATHWAY",2.04113510479887,0.000683200109312018,184,1.67837161126477,0.00138243751382438,169,1.55119233834525,0.014476319154583,169,"OIPN+NC+CCI","positive_all_three",TRUE,TRUE,6,"Cdkn1a;Rhbdf2;Ifi30;Tgfb1;Rgs16;Btg1"
"HALLMARK_TNFA_SIGNALING_VIA_NFKB",1.69041987964629,0.000683200109312018,185,2.5707841609148,0.00138243751382438,168,2.46979155663855,0.00148729847105717,173,"OIPN+NC+CCI","positive_all_three",TRUE,TRUE,15,"Cdkn1a;Icam1;Csf1;Tnfaip8;Cd80;Cxcl1;Bcl3;Litaf;Btg1;Birc3;Zfp36;Clcf1;Fos;Egr1;Serpine1"
