"pathway","OIPN_GSE160543_NES","OIPN_GSE160543_FDR","OIPN_GSE160543_set_size","NC_GSE246156_NES","NC_GSE246156_FDR","NC_GSE246156_set_size","CCI_GSE212311_NES","CCI_GSE212311_FDR","CCI_GSE212311_set_size","n_positive_significant","n_negative_significant","shared_positive","shared_negative","oipn_direction","physical_direction","oipn_support","physical_support"
"HALLMARK_ADIPOGENESIS",-1.6259823205469,0.00169307869429771,189,-1.80132499919739,0.00114768397374099,176,1.06378877063235,0.438963210702341,180,0,2,FALSE,FALSE,FALSE,FALSE,FALSE,FALSE
"HALLMARK_ALLOGRAFT_REJECTION",1.7513175246054,0.000683200109312018,162,2.40544203639602,0.00138243751382438,140,2.24643927507488,0.00148729847105717,141,3,0,TRUE,FALSE,FALSE,FALSE,FALSE,FALSE
"HALLMARK_ANDROGEN_RESPONSE",-1.35037080938997,0.0608456639139806,94,-1.27193173816921,0.15410587615773,86,1.39324702461237,0.10888732146006,89,0,0,FALSE,FALSE,FALSE,FALSE,FALSE,FALSE
"HALLMARK_ANGIOGENESIS",1.46181563569545,0.0649862150452934,35,1.03696764447042,0.462307371928363,31,0.880151703252425,0.666651154132539,32,0,0,FALSE,FALSE,FALSE,FALSE,FALSE,FALSE
"HALLMARK_APICAL_JUNCTION",1.56662881731198,0.00465857799494803,182,-1.35919845464889,0.042138619201726,174,-1.07135811103061,0.395401980472266,161,1,1,FALSE,FALSE,TRUE,FALSE,TRUE,FALSE
"HALLMARK_APICAL_SURFACE",1.14434225002267,0.27972027972028,39,-0.848817394223361,0.740491525917203,33,1.35165686643266,0.194167119604085,35,0,0,FALSE,FALSE,FALSE,FALSE,FALSE,FALSE
"HALLMARK_APOPTOSIS",1.73622216257023,0.000683200109312018,152,2.05502260558451,0.00138243751382438,137,1.65171119990134,0.00995449374288965,140,3,0,TRUE,FALSE,FALSE,FALSE,FALSE,FALSE
"HALLMARK_BILE_ACID_METABOLISM",-1.19358734707294,0.174287780769076,95,-1.79809071130414,0.00138243751382438,79,-0.964333957888621,0.571924090986556,87,0,1,FALSE,FALSE,FALSE,FALSE,FALSE,FALSE
"HALLMARK_CHOLESTEROL_HOMEOSTASIS",-1.84170482759846,0.00127864157119476,73,-2.09156479421532,0.00114768397374099,66,1.50937857202666,0.0622744957049858,69,0,2,FALSE,FALSE,FALSE,FALSE,FALSE,FALSE
"HALLMARK_COAGULATION",1.76071399332661,0.00169307869429771,109,1.53345217260646,0.0101392456401244,95,1.84289154543157,0.00192067607797945,107,3,0,TRUE,FALSE,FALSE,FALSE,FALSE,FALSE
"HALLMARK_COMPLEMENT",-1.27603619738897,0.072411913037552,166,1.9491359363558,0.00138243751382438,141,1.65571186438199,0.00676018252492817,156,2,0,FALSE,FALSE,FALSE,TRUE,FALSE,TRUE
"HALLMARK_DNA_REPAIR",-0.979262689126138,0.52433455557819,141,1.6678050847995,0.00138243751382438,134,-1.01737041638344,0.511296076099881,120,1,0,FALSE,FALSE,FALSE,FALSE,FALSE,FALSE
"HALLMARK_E2F_TARGETS",2.76667943432245,0.000683200109312018,195,3.2554729839039,0.00138243751382438,187,1.08823610435494,0.395401980472266,181,2,0,FALSE,FALSE,FALSE,FALSE,FALSE,FALSE
"HALLMARK_EPITHELIAL_MESENCHYMAL_TRANSITION",1.99638833716378,0.000683200109312018,186,2.07472739922398,0.00138243751382438,174,1.83160154638796,0.00148729847105717,170,3,0,TRUE,FALSE,FALSE,FALSE,FALSE,FALSE
"HALLMARK_ESTROGEN_RESPONSE_EARLY",1.05919375795485,0.341894525432527,177,-1.42730757759764,0.0228082557278846,165,1.31413652935149,0.115760347845728,163,0,1,FALSE,FALSE,FALSE,FALSE,FALSE,FALSE
"HALLMARK_ESTROGEN_RESPONSE_LATE",1.30109620865745,0.060119748723989,179,-1.21856363565875,0.163280116110305,161,1.2731826238435,0.140840804458444,165,0,0,FALSE,FALSE,FALSE,FALSE,FALSE,FALSE
"HALLMARK_FATTY_ACID_METABOLISM",-2.09189705788412,0.000683200109312018,144,-2.09647398578152,0.00114768397374099,131,-1.45694341457902,0.0313194009452765,133,0,3,FALSE,TRUE,FALSE,FALSE,FALSE,FALSE
"HALLMARK_G2M_CHECKPOINT",2.90241604835369,0.000683200109312018,188,2.6456530003064,0.00138243751382438,182,1.48257407385836,0.0258831981068289,170,3,0,TRUE,FALSE,FALSE,FALSE,FALSE,FALSE
"HALLMARK_GLYCOLYSIS",-1.14343490641917,0.185509786736781,186,1.28503002881627,0.044747534410854,168,-0.9807883716543,0.551206586160163,172,1,0,FALSE,FALSE,FALSE,FALSE,FALSE,FALSE
"HALLMARK_HEDGEHOG_SIGNALING",-0.820436938150071,0.755483346872461,35,-0.773765377904568,0.836408247108947,31,0.928815496971056,0.593742083103785,29,0,0,FALSE,FALSE,FALSE,FALSE,FALSE,FALSE
"HALLMARK_HEME_METABOLISM",1.43355391576824,0.0154327958203472,178,-1.39482685346902,0.0279525893026994,168,-1.23916427242275,0.140840804458444,159,1,1,FALSE,FALSE,TRUE,FALSE,TRUE,FALSE
"HALLMARK_HYPOXIA",1.33352735240908,0.041994750656168,185,-1.0687252373112,0.407899482986654,169,1.50825589961404,0.0212243074173369,176,2,0,FALSE,FALSE,FALSE,FALSE,FALSE,FALSE
"HALLMARK_IL2_STAT5_SIGNALING",1.30310227175815,0.0583971258458062,181,1.6416372725866,0.00138243751382438,162,1.77328359844081,0.00192067607797945,161,2,0,FALSE,FALSE,FALSE,FALSE,FALSE,TRUE
"HALLMARK_IL6_JAK_STAT3_SIGNALING",1.61487493643777,0.0123492727160461,78,2.31714195482732,0.00138243751382438,69,2.44957584089756,0.00148729847105717,73,3,0,TRUE,FALSE,FALSE,FALSE,FALSE,FALSE
"HALLMARK_INFLAMMATORY_RESPONSE",1.29544220675282,0.0608456639139806,177,2.09107847835882,0.00138243751382438,155,2.32555646211451,0.00148729847105717,163,2,0,FALSE,FALSE,FALSE,FALSE,FALSE,TRUE
"HALLMARK_INTERFERON_ALPHA_RESPONSE",2.21684250010936,0.000683200109312018,91,1.70492696825455,0.00332502078137988,86,1.80882876224347,0.00808799741184083,77,3,0,TRUE,FALSE,FALSE,FALSE,FALSE,FALSE
"HALLMARK_INTERFERON_GAMMA_RESPONSE",2.1889740562122,0.000683200109312018,178,2.18692610093016,0.00138243751382438,163,2.35329975009228,0.00148729847105717,156,3,0,TRUE,FALSE,FALSE,FALSE,FALSE,FALSE
"HALLMARK_KRAS_SIGNALING_DN",1.21369744380417,0.133431836685463,139,-1.97598283975583,0.00114768397374099,105,1.14936195678323,0.305300767918089,132,0,1,FALSE,FALSE,FALSE,FALSE,FALSE,FALSE
"HALLMARK_KRAS_SIGNALING_UP",1.2008494642047,0.133431836685463,182,1.90105061137364,0.00138243751382438,163,1.59134124368995,0.0117380076688317,158,2,0,FALSE,FALSE,FALSE,FALSE,FALSE,TRUE
"HALLMARK_MITOTIC_SPINDLE",2.26335521012611,0.000683200109312018,192,1.34934385387471,0.0223966805761841,188,1.03355636589664,0.482741035581083,173,2,0,FALSE,FALSE,FALSE,FALSE,FALSE,FALSE
"HALLMARK_MTORC1_SIGNALING",-1.66283413696033,0.000683200109312018,198,-1.4019932021313,0.0264243546517106,184,1.14722091793292,0.301764935137242,181,0,2,FALSE,FALSE,FALSE,FALSE,FALSE,FALSE
"HALLMARK_MYC_TARGETS_V1",-1.17319533152476,0.149856792144026,194,2.5605834924765,0.00138243751382438,183,0.632140029886787,0.999151391717583,167,1,0,FALSE,FALSE,FALSE,TRUE,FALSE,FALSE
"HALLMARK_MYC_TARGETS_V2",1.56580874301814,0.0217438573602957,58,1.99789969452434,0.00138243751382438,51,0.971968479808122,0.551206586160163,53,2,0,FALSE,FALSE,FALSE,FALSE,FALSE,FALSE
"HALLMARK_MYOGENESIS",2.0106339006107,0.000683200109312018,177,-2.77822026786161,0.00114768397374099,183,-1.36546053442159,0.0622744957049858,163,1,1,FALSE,FALSE,TRUE,FALSE,TRUE,FALSE
"HALLMARK_NOTCH_SIGNALING",0.906319425521674,0.614848490917466,32,-0.949032843986135,0.593875604605218,30,-1.01670618168731,0.516483251473083,30,0,0,FALSE,FALSE,TRUE,FALSE,FALSE,FALSE
"HALLMARK_OXIDATIVE_PHOSPHORYLATION",-2.77446866556841,0.000683200109312018,179,-2.11514887661567,0.00114768397374099,178,-2.148932559987,0.00176672202395675,178,0,3,FALSE,TRUE,FALSE,FALSE,FALSE,FALSE
"HALLMARK_P53_PATHWAY",2.04113510479887,0.000683200109312018,184,1.67837161126477,0.00138243751382438,169,1.55119233834525,0.014476319154583,169,3,0,TRUE,FALSE,FALSE,FALSE,FALSE,FALSE
"HALLMARK_PANCREAS_BETA_CELLS",-1.7380769231238,0.0123492727160461,28,-0.668082270793318,0.892801495793082,16,-1.22055530146851,0.305300767918089,26,0,1,FALSE,FALSE,FALSE,FALSE,FALSE,FALSE
"HALLMARK_PEROXISOME",-1.53813322422307,0.0145180023228804,93,-1.13159187696872,0.318188119849731,85,1.06869271086464,0.439765015410772,90,0,1,FALSE,FALSE,FALSE,FALSE,FALSE,FALSE
"HALLMARK_PI3K_AKT_MTOR_SIGNALING",1.06138802876442,0.35970770868075,100,1.15982246264907,0.208908956129119,90,1.04746265947237,0.477266610362973,89,0,0,FALSE,FALSE,FALSE,FALSE,FALSE,FALSE
"HALLMARK_PROTEIN_SECRETION",-2.03586966609952,0.000683200109312018,93,-1.02053088836207,0.492504638106256,90,-1.33048355301084,0.132366482504604,81,0,1,FALSE,FALSE,FALSE,FALSE,FALSE,FALSE
"HALLMARK_REACTIVE_OXYGEN_SPECIES_PATHWAY",-1.7553639767432,0.00831474742731933,46,0.754780654297978,0.892801495793082,42,1.24571622774772,0.2807836703789,43,0,1,FALSE,FALSE,FALSE,TRUE,FALSE,FALSE
"HALLMARK_SPERMATOGENESIS",1.4440947634294,0.0285460543009388,107,-0.971138340735076,0.580186197868879,77,1.0010512117191,0.516483251473083,95,1,0,FALSE,FALSE,FALSE,FALSE,TRUE,FALSE
"HALLMARK_TGF_BETA_SIGNALING",1.29607227736603,0.133431836685463,53,1.84384241679567,0.00138243751382438,49,1.35890335182728,0.153507968492398,50,1,0,FALSE,FALSE,FALSE,FALSE,FALSE,FALSE
"HALLMARK_TNFA_SIGNALING_VIA_NFKB",1.69041987964629,0.000683200109312018,185,2.5707841609148,0.00138243751382438,168,2.46979155663855,0.00148729847105717,173,3,0,TRUE,FALSE,FALSE,FALSE,FALSE,FALSE
"HALLMARK_UNFOLDED_PROTEIN_RESPONSE",-1.1510603918747,0.217625806086928,102,1.17066301005582,0.186664089212145,99,-1.13126942861004,0.346503304944254,94,0,0,FALSE,FALSE,FALSE,FALSE,FALSE,FALSE
"HALLMARK_UV_RESPONSE_DN",1.48048193366676,0.0154327958203472,139,-1.44010073113922,0.0272614622057001,136,1.00080418916056,0.516483251473083,126,1,1,FALSE,FALSE,FALSE,FALSE,TRUE,FALSE
"HALLMARK_UV_RESPONSE_UP",1.09111484773488,0.285051738093676,146,-1.06472333814263,0.411602402376936,135,1.23372504748052,0.202566047275945,132,0,0,FALSE,FALSE,FALSE,FALSE,FALSE,FALSE
"HALLMARK_WNT_BETA_CATENIN_SIGNALING",1.77953543576118,0.0068159688412853,39,1.29637050121881,0.161001042752868,33,0.694769787581101,0.926631747373506,36,1,0,FALSE,FALSE,FALSE,FALSE,TRUE,FALSE
"HALLMARK_XENOBIOTIC_METABOLISM",1.37231498101663,0.0296220495765393,169,-0.946867969131445,0.629333046702854,137,1.21781174196887,0.209192335677904,147,1,0,FALSE,FALSE,FALSE,FALSE,TRUE,FALSE
