"input","md5"
"results/GSE160543_Oxaliplatin_vs_Vehicle/Pathway_analysis/ranked_statistics.csv","ea381220b462770aae736e29492263db"
"results/GSE160543_Oxaliplatin_vs_Vehicle/DE_all_genes.csv","d855d3e7c544ccc3f99b871d270bf94b"
"data/metadata/gse160543_analysis_selection.csv","abf3451f261be14b99a727f43e0873b3"
"data/gene_sets/GO_BP_rat_locked/membership.csv.gz","45319f04643e71a5837a2b1c97d96443"
"data/gene_sets/GO_BP_rat_locked/mapping_audit.csv.gz","0797ee11aac4091a018049a7ba962cf8"
"data/gene_sets/GO_BP_rat_locked/pathway_metadata.csv","d46cf2374abca7f60243fb5511179e5b"
"data/gene_sets/GO_BP_rat_locked/manifest.csv","a386d540696790691623089cbabdef4e"
"scripts/gobp/01_GSEA_GO_BP.R","799a64d48bf40a65d270cc4842a5f246"
"scripts/gobp/helpers.R","f96029e0975ebca0673ebbcf133fded2"
