"pathway","OIPN_GSE160543_NES","OIPN_GSE160543_FDR","OIPN_GSE160543_set_size","NC_GSE246156_NES","NC_GSE246156_FDR","NC_GSE246156_set_size","CCI_GSE212311_NES","CCI_GSE212311_FDR","CCI_GSE212311_set_size","available_all3","shared_positive","shared_negative","oipn_direction","physical_direction","oipn_support","physical_support","n_positive_significant","n_negative_significant"
"GOBP_ACTOMYOSIN_STRUCTURE_ORGANIZATION",1.5986610388365,0.00677955933583437,195,-2.07365990834369,4.43166398407777e-08,189,1.18002360310019,0.374841325247659,173,TRUE,FALSE,FALSE,FALSE,FALSE,TRUE,FALSE,1,1
"GOBP_ADRENAL_GLAND_DEVELOPMENT",1.90351899781634,0.0102963540114041,22,1.56209548814145,0.0933172122176489,18,0.703900535269406,0.923661300283556,18,TRUE,FALSE,FALSE,FALSE,FALSE,TRUE,FALSE,1,0
"GOBP_ANIMAL_ORGAN_REGENERATION",1.96777041897556,0.0027501806593213,39,1.11444220871302,0.435190186227868,35,0.876169636744886,0.808088737035834,37,TRUE,FALSE,FALSE,FALSE,FALSE,TRUE,FALSE,1,0
"GOBP_APICAL_JUNCTION_ASSEMBLY",1.72897476764776,0.0156319213958677,57,-0.748807350380756,0.929321549884323,48,0.949394691171918,0.730059893632884,48,TRUE,FALSE,FALSE,FALSE,FALSE,TRUE,FALSE,1,0
"GOBP_APOPTOTIC_PROCESS_INVOLVED_IN_DEVELOPMENT",1.86498345094169,0.00729777052941758,35,-0.799578944126692,0.86439690173173,31,1.17463858498339,0.485476485326729,30,TRUE,FALSE,FALSE,FALSE,FALSE,TRUE,FALSE,1,0
"GOBP_APOPTOTIC_PROCESS_INVOLVED_IN_MORPHOGENESIS",2.16212305512065,0.00047669977708821,25,1.01194846208042,0.607186104667317,22,1.06446390233708,0.610494777289316,23,TRUE,FALSE,FALSE,FALSE,FALSE,TRUE,FALSE,1,0
"GOBP_ARACHIDONATE_METABOLIC_PROCESS",2.03929115287603,0.0015046452867086,38,-1.06129989063523,0.552642481949614,28,0.738082621765493,0.915412029399585,31,TRUE,FALSE,FALSE,FALSE,FALSE,TRUE,FALSE,1,0
"GOBP_BASEMENT_MEMBRANE_ORGANIZATION",1.7188037564534,0.0295210605009405,40,-1.33372145467123,0.222564894145135,37,1.21015434690723,0.445670424618472,33,TRUE,FALSE,FALSE,FALSE,FALSE,TRUE,FALSE,1,0
"GOBP_BICELLULAR_TIGHT_JUNCTION_ASSEMBLY",1.73485166079933,0.0221993518118414,47,-0.772545391933873,0.89620398362164,38,-0.653054245582065,0.983626157349539,38,TRUE,FALSE,FALSE,TRUE,FALSE,TRUE,FALSE,1,0
"GOBP_BIOMINERAL_TISSUE_DEVELOPMENT",1.99145748500885,1.67218670396926e-05,152,-1.21781107635335,0.2629938858014,129,0.874803531737605,0.852251630270822,140,TRUE,FALSE,FALSE,FALSE,FALSE,TRUE,FALSE,1,0
"GOBP_BLOOD_VESSEL_ENDOTHELIAL_CELL_MIGRATION",1.7710338333089,0.00345674640027548,111,-0.949560301450672,0.712711307417825,106,1.52589777555014,0.0750624839940482,103,TRUE,FALSE,FALSE,FALSE,FALSE,TRUE,FALSE,1,0
"GOBP_BONE_DEVELOPMENT",1.60515698258907,0.00363835635409891,200,-1.03032855082597,0.578724685192224,179,1.0582043394749,0.568746190789634,181,TRUE,FALSE,FALSE,FALSE,FALSE,TRUE,FALSE,1,0
"GOBP_BONE_GROWTH",1.7253644516406,0.0323645028285485,32,0.886382972308043,0.78055941422807,29,-1.08175135240412,0.586409663696481,29,TRUE,FALSE,FALSE,FALSE,FALSE,TRUE,FALSE,1,0
"GOBP_BONE_MINERALIZATION",2.06371052114999,3.70495529961063e-05,111,-1.2063993725149,0.289972442992816,97,1.0512746978511,0.596701160982596,103,TRUE,FALSE,FALSE,FALSE,FALSE,TRUE,FALSE,1,0
"GOBP_BONE_MORPHOGENESIS",1.60870392029191,0.0256905546661644,90,-0.961751251899273,0.691531623662681,79,-1.09240660309452,0.531041135680825,82,TRUE,FALSE,FALSE,TRUE,FALSE,TRUE,FALSE,1,0
"GOBP_BRANCHING_MORPHOGENESIS_OF_AN_EPITHELIAL_TUBE",1.76990335357031,0.00159592397767658,138,1.13734824516752,0.32456352730697,112,0.918529793325021,0.788562899967987,120,TRUE,FALSE,FALSE,FALSE,FALSE,TRUE,FALSE,1,0
"GOBP_CANONICAL_WNT_SIGNALING_PATHWAY",1.38303055560165,0.0311107398399321,299,0.94285560786556,0.801895180530956,256,-0.804635312147545,0.993411714940723,273,TRUE,FALSE,FALSE,FALSE,FALSE,TRUE,FALSE,1,0
"GOBP_CARDIAC_CHAMBER_DEVELOPMENT",1.65116970950283,0.00819607659945734,155,-1.01960187699235,0.5959959493261,134,1.17926155510779,0.389246107992798,143,TRUE,FALSE,FALSE,FALSE,FALSE,TRUE,FALSE,1,0
"GOBP_CARDIAC_CHAMBER_MORPHOGENESIS",1.58355439022095,0.016960708942165,114,-1.01737116931998,0.604774387399948,98,1.39101769133152,0.162169314135063,105,TRUE,FALSE,FALSE,FALSE,FALSE,TRUE,FALSE,1,0
"GOBP_CARDIAC_SEPTUM_DEVELOPMENT",1.78065941054516,0.00322930595472504,99,1.04182393936659,0.53123495149511,88,0.861408980294947,0.852546854089532,92,TRUE,FALSE,FALSE,FALSE,FALSE,TRUE,FALSE,1,0
"GOBP_CARDIAC_SEPTUM_MORPHOGENESIS",1.67450185902241,0.0223948422567508,63,1.27052987065453,0.222015542328042,57,1.20579741718645,0.414939701520196,60,TRUE,FALSE,FALSE,FALSE,FALSE,TRUE,FALSE,1,0
"GOBP_CARTILAGE_DEVELOPMENT",1.61347206231325,0.00670915863021642,179,1.01397620555637,0.588685902066792,160,1.13842034692717,0.437138316004344,163,TRUE,FALSE,FALSE,FALSE,FALSE,TRUE,FALSE,1,0
"GOBP_CARTILAGE_DEVELOPMENT_INVOLVED_IN_ENDOCHONDRAL_BONE_MORPHOGENESIS",1.76766983760286,0.026191073253362,32,0.793374605001967,0.889064903992246,30,-1.35909058508142,0.293167931736786,32,TRUE,FALSE,FALSE,FALSE,FALSE,TRUE,FALSE,1,0
"GOBP_CELLULAR_EXTRAVASATION",1.7491956378681,0.0127479469795876,61,1.41496950844308,0.0986510109561166,55,1.28323582890765,0.330774669746599,57,TRUE,FALSE,FALSE,FALSE,FALSE,TRUE,FALSE,1,0
"GOBP_CELLULAR_RESPONSE_TO_ABIOTIC_STIMULUS",1.61292192633282,0.00126673062086099,314,1.0805126391261,0.347019186619207,276,1.30894342904233,0.125891686438561,279,TRUE,FALSE,FALSE,FALSE,FALSE,TRUE,FALSE,1,0
"GOBP_CELLULAR_RESPONSE_TO_LIPOPROTEIN_PARTICLE_STIMULUS",1.67635809234217,0.0422514345065329,34,1.39714318347639,0.158153701968135,31,1.69333450645163,0.0628696542311192,33,TRUE,FALSE,FALSE,FALSE,FALSE,TRUE,FALSE,1,0
"GOBP_CELLULAR_RESPONSE_TO_RETINOIC_ACID",1.63353506416925,0.0438476240876221,57,1.56104390664634,0.0513750160071712,39,-0.859779970854807,0.840971729977516,53,TRUE,FALSE,FALSE,FALSE,FALSE,TRUE,FALSE,1,0
"GOBP_CELL_CELL_ADHESION_MEDIATED_BY_INTEGRIN",1.95675272930768,0.00470438952131755,27,1.48168474501313,0.113268801082539,25,1.65206659529896,0.103538398461255,24,TRUE,FALSE,FALSE,FALSE,FALSE,TRUE,FALSE,1,0
"GOBP_CELL_FATE_COMMITMENT",1.66150056408691,0.00124088204995986,220,1.03600761606397,0.53110884161857,180,1.3203192674094,0.171784496480085,193,TRUE,FALSE,FALSE,FALSE,FALSE,TRUE,FALSE,1,0
"GOBP_CELL_FATE_DETERMINATION",1.75367782574271,0.0323645028285485,29,-1.21171591905012,0.361915089257519,24,-1.15867285622177,0.500346537068025,26,TRUE,FALSE,FALSE,TRUE,FALSE,TRUE,FALSE,1,0
"GOBP_CELL_FATE_SPECIFICATION",1.54780419597944,0.0484324241411613,75,-1.00443391678894,0.62136455193996,59,-0.812941944171142,0.903148728200104,64,TRUE,FALSE,FALSE,TRUE,FALSE,TRUE,FALSE,1,0
"GOBP_CELL_MIGRATION_INVOLVED_IN_SPROUTING_ANGIOGENESIS",1.74577772316694,0.0125125367424155,55,-0.852245582296034,0.825257291851183,53,1.2094887849304,0.415744652938299,51,TRUE,FALSE,FALSE,FALSE,FALSE,TRUE,FALSE,1,0
"GOBP_CELL_SURFACE_RECEPTOR_PROTEIN_SERINE_THREONINE_KINASE_SIGNALING_PATHWAY",1.52101738270179,0.00236447926345459,342,1.12360806207298,0.255736272102305,295,0.953988035600287,0.765009252055651,310,TRUE,FALSE,FALSE,FALSE,FALSE,TRUE,FALSE,1,0
"GOBP_CIRCADIAN_REGULATION_OF_GENE_EXPRESSION",1.75801387115856,0.0124192652164902,58,1.32665893979899,0.164246846711302,57,1.35121787244196,0.267312624679396,54,TRUE,FALSE,FALSE,FALSE,FALSE,TRUE,FALSE,1,0
"GOBP_COLLAGEN_FIBRIL_ORGANIZATION",2.25144279035649,4.91387078011194e-06,75,-0.963990634419129,0.686993403317662,69,-0.699632662653958,0.983826183085108,65,TRUE,FALSE,FALSE,TRUE,FALSE,TRUE,FALSE,1,0
"GOBP_CONNECTIVE_TISSUE_DEVELOPMENT",1.54597970426554,0.00230503938099026,272,-0.964010118515837,0.712711307417825,242,1.2166108105938,0.273772767586145,246,TRUE,FALSE,FALSE,FALSE,FALSE,TRUE,FALSE,1,0
"GOBP_CONSTITUTIVE_HETEROCHROMATIN_FORMATION",1.73538455840947,0.0174347221068731,46,0.891054385600784,0.791254304509065,39,1.03693740850145,0.629689548255047,42,TRUE,FALSE,FALSE,FALSE,FALSE,TRUE,FALSE,1,0
"GOBP_CORTICAL_ACTIN_CYTOSKELETON_ORGANIZATION",1.88256168110637,0.00736718170224109,38,1.35718106951806,0.175411905298976,36,1.29589971486598,0.345494354384406,40,TRUE,FALSE,FALSE,FALSE,FALSE,TRUE,FALSE,1,0
"GOBP_CYTOKINESIS",1.64530749083758,0.00635968209694283,160,1.21839370050437,0.151560947009008,161,-1.00103997364712,0.655723012838735,153,TRUE,FALSE,FALSE,FALSE,FALSE,TRUE,FALSE,1,0
"GOBP_CYTOKINETIC_PROCESS",1.9427703302392,0.00229044773152195,49,1.21158274778057,0.292373395754801,46,-1.15456289736912,0.481885262365052,44,TRUE,FALSE,FALSE,FALSE,FALSE,TRUE,FALSE,1,0
"GOBP_CYTOSKELETON_DEPENDENT_CYTOKINESIS",1.87047281014464,0.0009231622415687,106,1.3612340585611,0.0715118705257063,112,-1.1529954898338,0.421378384978919,105,TRUE,FALSE,FALSE,FALSE,FALSE,TRUE,FALSE,1,0
"GOBP_DNA_METHYLATION_DEPENDENT_CONSTITUTIVE_HETEROCHROMATIN_FORMATION",1.71746530964951,0.0413483916378843,28,1.38387548068375,0.192487662894123,23,0.976490131965532,0.692922579693908,24,TRUE,FALSE,FALSE,FALSE,FALSE,TRUE,FALSE,1,0
"GOBP_EMBRYONIC_CAMERA_TYPE_EYE_DEVELOPMENT",1.97064070719868,0.00355035136972874,34,0.98036888915549,0.648115538473606,31,0.980953215450731,0.690301882525864,33,TRUE,FALSE,FALSE,FALSE,FALSE,TRUE,FALSE,1,0
"GOBP_EMBRYONIC_CAMERA_TYPE_EYE_MORPHOGENESIS",1.89390108281438,0.0109604163580236,22,0.671267170883851,0.960394446509382,19,0.871563959818414,0.797243697478992,21,TRUE,FALSE,FALSE,FALSE,FALSE,TRUE,FALSE,1,0
"GOBP_EMBRYONIC_EYE_MORPHOGENESIS",2.0517445259561,0.00126908605615812,30,0.629708234879127,0.984109693779736,26,-0.808017183208507,0.861697432672511,28,TRUE,FALSE,FALSE,FALSE,FALSE,TRUE,FALSE,1,0
"GOBP_EMBRYONIC_ORGAN_DEVELOPMENT",1.6350030635602,0.000286739599332411,389,1.06272124223333,0.406872703233102,326,0.906513368008183,0.852783972553233,348,TRUE,FALSE,FALSE,FALSE,FALSE,TRUE,FALSE,1,0
"GOBP_EMBRYONIC_ORGAN_MORPHOGENESIS",1.4207614884221,0.0335660246983576,247,0.912897355688861,0.856290849772512,201,-1.07679651898156,0.501679651386381,221,TRUE,FALSE,FALSE,FALSE,FALSE,TRUE,FALSE,1,0
"GOBP_ENDOCHONDRAL_BONE_MORPHOGENESIS",1.68245227622193,0.0269087410517251,57,-0.828650182367779,0.850452735975479,51,-1.21206486049732,0.401641173367956,54,TRUE,FALSE,FALSE,TRUE,FALSE,TRUE,FALSE,1,0
"GOBP_ENDODERMAL_CELL_DIFFERENTIATION",1.86182443697061,0.00704533421042407,39,0.854853540074592,0.835165574380368,37,1.04352505140428,0.627109447815419,31,TRUE,FALSE,FALSE,FALSE,FALSE,TRUE,FALSE,1,0
"GOBP_ENDODERM_DEVELOPMENT",1.7185420543325,0.0183030368743721,67,1.08739814106157,0.447539633399191,61,0.831265814434126,0.866664306718045,56,TRUE,FALSE,FALSE,FALSE,FALSE,TRUE,FALSE,1,0
"GOBP_ENDODERM_FORMATION",1.73975734601841,0.0172912481345314,46,0.96653718794559,0.672950768849206,42,1.03668595601789,0.62704880489915,38,TRUE,FALSE,FALSE,FALSE,FALSE,TRUE,FALSE,1,0
"GOBP_ENDOTHELIAL_CELL_MIGRATION",1.78986305773351,0.000140681837707998,213,0.975414648244997,0.700957313867855,196,1.45454699205742,0.0555440414507772,191,TRUE,FALSE,FALSE,FALSE,FALSE,TRUE,FALSE,1,0
"GOBP_ENDOTHELIUM_DEVELOPMENT",1.54203248797214,0.0298584396805769,134,-0.859165664534873,0.848046512972305,116,1.00263643371855,0.655760918232941,120,TRUE,FALSE,FALSE,FALSE,FALSE,TRUE,FALSE,1,0
"GOBP_ENTRAINMENT_OF_CIRCADIAN_CLOCK_BY_PHOTOPERIOD",1.82211239486421,0.0285437382503796,21,1.18728724284563,0.388507464709597,19,1.2858294492322,0.398262926925922,19,TRUE,FALSE,FALSE,FALSE,FALSE,TRUE,FALSE,1,0
"GOBP_EPIGENETIC_REGULATION_OF_GENE_EXPRESSION",1.81497305411439,2.74358449597622e-05,255,1.30133833872109,0.0544994695112019,242,1.06838463869364,0.541417181358787,229,TRUE,FALSE,FALSE,FALSE,FALSE,TRUE,FALSE,1,0
"GOBP_EPITHELIAL_CELL_DEVELOPMENT",1.67203350323166,0.00196342393778251,187,-0.982488022963496,0.663080512459935,157,1.02611396660112,0.626096599701803,173,TRUE,FALSE,FALSE,FALSE,FALSE,TRUE,FALSE,1,0
"GOBP_EPITHELIAL_CELL_MORPHOGENESIS",1.83642450554608,0.0145197631123446,31,0.892046686361333,0.765058608024286,27,-0.996759124183426,0.660739740827838,30,TRUE,FALSE,FALSE,FALSE,FALSE,TRUE,FALSE,1,0
"GOBP_EXTRACELLULAR_MATRIX_ASSEMBLY",1.93013684900674,0.00353010681671769,42,-0.814823238082944,0.853973057463513,39,-0.857377861866592,0.821752397386324,32,TRUE,FALSE,FALSE,TRUE,FALSE,TRUE,FALSE,1,0
"GOBP_EYE_MORPHOGENESIS",1.5040747701633,0.0351120708913545,147,-1.27998507261546,0.198451682264836,118,-0.941447437633019,0.766693982311831,128,TRUE,FALSE,FALSE,TRUE,FALSE,TRUE,FALSE,1,0
"GOBP_FACE_MORPHOGENESIS",1.69183100922103,0.0441653466806289,31,-1.03843267764723,0.584134355139437,26,1.00461178655616,0.659183242365031,26,TRUE,FALSE,FALSE,FALSE,FALSE,TRUE,FALSE,1,0
"GOBP_FAT_CELL_DIFFERENTIATION",1.55126102138502,0.0074430127805368,226,-1.01950208239105,0.599174028200928,196,1.14108022793767,0.420601715622956,201,TRUE,FALSE,FALSE,FALSE,FALSE,TRUE,FALSE,1,0
"GOBP_FEMALE_MEIOTIC_NUCLEAR_DIVISION",1.9768279626599,0.0027501806593213,35,1.44463560579936,0.125373515243676,32,0.694805731783752,0.948908876365435,32,TRUE,FALSE,FALSE,FALSE,FALSE,TRUE,FALSE,1,0
"GOBP_FORMATION_OF_PRIMARY_GERM_LAYER",1.8573699101402,0.00143898124367893,104,0.992349690198255,0.633375372489252,91,1.18416254986283,0.411856414694522,96,TRUE,FALSE,FALSE,FALSE,FALSE,TRUE,FALSE,1,0
"GOBP_GASTRULATION",1.7024389068182,0.00278629087623796,157,1.12153536811059,0.327040629898985,136,0.956767898338048,0.737293023449683,145,TRUE,FALSE,FALSE,FALSE,FALSE,TRUE,FALSE,1,0
"GOBP_GLAND_DEVELOPMENT",1.77156896983672,4.93220806800955e-06,372,1.25764304720578,0.0716341735716076,301,1.23655024714714,0.215399560638056,326,TRUE,FALSE,FALSE,FALSE,FALSE,TRUE,FALSE,1,0
"GOBP_GLAND_MORPHOGENESIS",1.51470942661354,0.0404128303662458,109,1.20024519465666,0.241086047530407,95,1.12267845983796,0.488943353074301,99,TRUE,FALSE,FALSE,FALSE,FALSE,TRUE,FALSE,1,0
"GOBP_GLIAL_CELL_DEVELOPMENT",1.60722095204458,0.00883094873510677,120,-1.18771649695562,0.317554190684911,110,1.45427184737945,0.115995062127587,107,TRUE,FALSE,FALSE,FALSE,FALSE,TRUE,FALSE,1,0
"GOBP_GLOMERULUS_DEVELOPMENT",1.72966807358739,0.0126825010748157,68,-1.20696866872556,0.335332696740319,57,0.813309751252673,0.884632034632035,60,TRUE,FALSE,FALSE,FALSE,FALSE,TRUE,FALSE,1,0
"GOBP_HEART_MORPHOGENESIS",1.69801529915,0.00059193858348671,233,-1.25751658867305,0.173369108547857,208,1.16282227779725,0.380604971582428,213,TRUE,FALSE,FALSE,FALSE,FALSE,TRUE,FALSE,1,0
"GOBP_HEMOGLOBIN_METABOLIC_PROCESS",1.78662744390723,0.0323645028285485,18,-0.942775995618921,0.703692338958977,18,0.749259529557096,0.887744990402926,17,TRUE,FALSE,FALSE,FALSE,FALSE,TRUE,FALSE,1,0
"GOBP_HEPATICOBILIARY_SYSTEM_DEVELOPMENT",1.57201406435111,0.013126036142034,127,1.16841380543146,0.265132688712449,109,1.21550542214228,0.356986203737762,114,TRUE,FALSE,FALSE,FALSE,FALSE,TRUE,FALSE,1,0
"GOBP_HETEROCHROMATIN_ORGANIZATION",1.98361132699482,3.79486662226644e-05,157,1.28307610137569,0.0906472245236123,151,1.04869677891969,0.594022807051676,143,TRUE,FALSE,FALSE,FALSE,FALSE,TRUE,FALSE,1,0
"GOBP_ICOSANOID_METABOLIC_PROCESS",1.69407844125785,0.0102542273629968,87,-0.918280664032457,0.752154137896759,69,1.60979274531244,0.0615623785464438,73,TRUE,FALSE,FALSE,FALSE,FALSE,TRUE,FALSE,1,0
"GOBP_INTEGRIN_ACTIVATION",1.81825622280578,0.0173799021906395,26,1.09560453248884,0.491288515650182,24,1.70098234840717,0.0776117495017984,25,TRUE,FALSE,FALSE,FALSE,FALSE,TRUE,FALSE,1,0
"GOBP_IN_UTERO_EMBRYONIC_DEVELOPMENT",1.56909212314562,0.000679181331314108,375,1.1737785700645,0.156530300010639,320,0.946853780455626,0.785476255885925,326,TRUE,FALSE,FALSE,FALSE,FALSE,TRUE,FALSE,1,0
"GOBP_KIDNEY_EPITHELIUM_DEVELOPMENT",1.51566708600374,0.0286990789633143,132,1.24593522740785,0.174194238642127,101,-0.851456047789606,0.890038242532452,114,TRUE,FALSE,FALSE,FALSE,FALSE,TRUE,FALSE,1,0
"GOBP_LEUKOCYTE_ADHESION_TO_VASCULAR_ENDOTHELIAL_CELL",1.6701130880291,0.0348999768022597,45,1.15001949243472,0.381350048824615,37,1.56044880428156,0.116174311926606,44,TRUE,FALSE,FALSE,FALSE,FALSE,TRUE,FALSE,1,0
"GOBP_LYMPH_VESSEL_DEVELOPMENT",1.86677786977917,0.0162036574542848,29,-1.11796828204898,0.480029395864306,26,-0.567528773400002,0.996620893833528,28,TRUE,FALSE,FALSE,TRUE,FALSE,TRUE,FALSE,1,0
"GOBP_MAMMARY_GLAND_DEVELOPMENT",1.57349556306993,0.0144185267334092,121,-0.81071587781493,0.896971944529315,100,1.03257622940226,0.618788194608935,104,TRUE,FALSE,FALSE,FALSE,FALSE,TRUE,FALSE,1,0
"GOBP_MEGAKARYOCYTE_DEVELOPMENT",1.74217754271109,0.0445963936194071,20,-0.677208501934432,0.937177977807507,17,1.7955839483229,0.0621087192784474,18,TRUE,FALSE,FALSE,FALSE,FALSE,TRUE,FALSE,1,0
"GOBP_MEMBRANELESS_ORGANELLE_ASSEMBLY",1.81695325451838,1.04695816969596e-06,406,-1.2732943068488,0.0856765853285397,388,0.863592242158291,0.929480463793052,366,TRUE,FALSE,FALSE,FALSE,FALSE,TRUE,FALSE,1,0
"GOBP_MESENCHYMAL_CELL_MIGRATION",1.78569461076196,0.00944769210147317,55,1.08908758136403,0.449869656803269,53,1.35214864720837,0.266458632674849,46,TRUE,FALSE,FALSE,FALSE,FALSE,TRUE,FALSE,1,0
"GOBP_MESENCHYME_MORPHOGENESIS",1.71968817111316,0.0156319213958677,55,-0.803144329743657,0.875154086606084,48,0.913336454692831,0.773422220397543,50,TRUE,FALSE,FALSE,FALSE,FALSE,TRUE,FALSE,1,0
"GOBP_MESODERMAL_CELL_DIFFERENTIATION",1.74414176970317,0.0367836246738613,25,0.984853839248488,0.641363621421238,24,1.24055507986669,0.425791417584778,23,TRUE,FALSE,FALSE,FALSE,FALSE,TRUE,FALSE,1,0
"GOBP_MIRNA_METABOLIC_PROCESS",1.9767672247929,0.000361461607014958,87,1.42765956541258,0.0611300038124285,88,1.46548547333151,0.127181481701338,83,TRUE,FALSE,FALSE,FALSE,FALSE,TRUE,FALSE,1,0
"GOBP_MISMATCH_REPAIR",1.90479076970471,0.0119203836415362,29,1.31817850661145,0.225517615736552,28,1.13203110931922,0.541001713457489,25,TRUE,FALSE,FALSE,FALSE,FALSE,TRUE,FALSE,1,0
"GOBP_MITOTIC_CYTOKINETIC_PROCESS",1.81532983579718,0.0114654271827238,35,1.40546535715503,0.14912903709316,33,-0.679235832856746,0.965433693542464,32,TRUE,FALSE,FALSE,FALSE,FALSE,TRUE,FALSE,1,0
"GOBP_MITOTIC_G2_DNA_DAMAGE_CHECKPOINT_SIGNALING",2.10398642023239,0.00108253073286265,31,1.55350639790523,0.0708018025207793,32,1.332428396853,0.33731120641432,31,TRUE,FALSE,FALSE,FALSE,FALSE,TRUE,FALSE,1,0
"GOBP_MONOSACCHARIDE_BIOSYNTHETIC_PROCESS",1.59307203337167,0.0301419939443422,87,-1.76789807952425,0.0020505993679309,79,1.21584452509489,0.391301938450081,73,TRUE,FALSE,FALSE,FALSE,FALSE,TRUE,FALSE,1,1
"GOBP_MORPHOGENESIS_OF_A_BRANCHING_STRUCTURE",1.62970622786278,0.00736718170224109,177,1.08505494096728,0.415124071412492,145,1.01482379903,0.637260027039207,157,TRUE,FALSE,FALSE,FALSE,FALSE,TRUE,FALSE,1,0
"GOBP_MUSCLE_CELL_DEVELOPMENT",1.48611237685098,0.0360702200828019,170,-2.37280188402583,4.84520547945206e-09,170,-1.22866288739274,0.272101127809233,157,TRUE,FALSE,FALSE,TRUE,FALSE,TRUE,FALSE,1,1
"GOBP_MUSCLE_CELL_DIFFERENTIATION",1.482954312121,0.00352188856687876,391,-1.79190755679182,2.28782634886599e-07,371,1.24588000434113,0.187532915054777,349,TRUE,FALSE,FALSE,FALSE,FALSE,TRUE,FALSE,1,1
"GOBP_MUSCLE_ORGAN_DEVELOPMENT",1.67622887081371,0.000146088067730699,310,-2.09488184548315,4.84520547945206e-09,292,1.1987997779446,0.29467344402114,272,TRUE,FALSE,FALSE,FALSE,FALSE,TRUE,FALSE,1,1
"GOBP_MUSCLE_TISSUE_DEVELOPMENT",1.65297168006126,0.00015726978163421,370,-1.76862320505945,4.02294512537539e-06,338,1.29376510465628,0.117459313471684,331,TRUE,FALSE,FALSE,FALSE,FALSE,TRUE,FALSE,1,1
"GOBP_NEGATIVE_REGULATION_OF_ACTIVIN_RECEPTOR_SIGNALING_PATHWAY",1.75804322093603,0.0466213372904255,17,-0.847952641163932,0.792937502366108,15,1.05111138416503,0.626542185669544,15,TRUE,FALSE,FALSE,FALSE,FALSE,TRUE,FALSE,1,0
"GOBP_NEGATIVE_REGULATION_OF_CANONICAL_WNT_SIGNALING_PATHWAY",1.49539575981485,0.0378482570352247,129,1.09754405124739,0.406195547768079,110,0.739893424678063,0.983015378967073,124,TRUE,FALSE,FALSE,FALSE,FALSE,TRUE,FALSE,1,0
"GOBP_NEGATIVE_REGULATION_OF_CARBOHYDRATE_METABOLIC_PROCESS",1.76417492747125,0.0145743767328756,46,-1.64360491266456,0.0277900287983373,42,0.828911895314283,0.852783972553233,41,TRUE,FALSE,FALSE,FALSE,FALSE,TRUE,FALSE,1,1
"GOBP_NEGATIVE_REGULATION_OF_CELL_CYCLE_G1_S_PHASE_TRANSITION",2.23673663169884,3.88282213076868e-05,57,1.14726030403409,0.367937246858598,50,1.047314990919,0.619267780553095,48,TRUE,FALSE,FALSE,FALSE,FALSE,TRUE,FALSE,1,0
"GOBP_NEGATIVE_REGULATION_OF_CELL_GROWTH",1.65945802198501,0.00392590434604615,147,-1.08143285485448,0.476555389001205,130,1.04741975311545,0.592979809102538,135,TRUE,FALSE,FALSE,FALSE,FALSE,TRUE,FALSE,1,0
"GOBP_NEGATIVE_REGULATION_OF_CELL_MIGRATION_INVOLVED_IN_SPROUTING_ANGIOGENESIS",1.74074892981281,0.0485049651615735,16,0.811578236150285,0.839404092678024,15,-0.600988606206258,0.978306814681323,16,TRUE,FALSE,FALSE,FALSE,FALSE,TRUE,FALSE,1,0
"GOBP_NEGATIVE_REGULATION_OF_COLD_INDUCED_THERMOGENESIS",1.61712018176515,0.0495810255238965,46,-1.44688635968697,0.1109664653846,45,1.09926381121485,0.561912162460519,41,TRUE,FALSE,FALSE,FALSE,FALSE,TRUE,FALSE,1,0
"GOBP_NEGATIVE_REGULATION_OF_GROWTH",1.66813097176136,0.00317116473213353,182,-1.09646679083679,0.446390589052394,162,1.13838317704844,0.430659059176622,171,TRUE,FALSE,FALSE,FALSE,FALSE,TRUE,FALSE,1,0
"GOBP_NEGATIVE_REGULATION_OF_LIPID_CATABOLIC_PROCESS",1.89804736759733,0.0107701021814602,22,-1.40387248314229,0.199438694373436,19,1.30084631423933,0.389246107992798,19,TRUE,FALSE,FALSE,FALSE,FALSE,TRUE,FALSE,1,0
"GOBP_NEGATIVE_REGULATION_OF_MIRNA_METABOLIC_PROCESS",2.08557754616051,0.00128882163703562,26,1.21037658855471,0.331195594176829,27,1.30806521847183,0.37029325186761,26,TRUE,FALSE,FALSE,FALSE,FALSE,TRUE,FALSE,1,0
"GOBP_NEGATIVE_REGULATION_OF_ORGANELLE_ORGANIZATION",1.34607108092333,0.0474513017217936,329,-0.956531958511698,0.734537969356028,318,0.948553005998286,0.773618428747634,298,TRUE,FALSE,FALSE,FALSE,FALSE,TRUE,FALSE,1,0
"GOBP_NEGATIVE_REGULATION_OF_OSSIFICATION",1.99096655123456,0.00343641865898681,31,1.45901863292972,0.121515628302374,30,1.14720454044064,0.510067700018781,31,TRUE,FALSE,FALSE,FALSE,FALSE,TRUE,FALSE,1,0
"GOBP_NEGATIVE_REGULATION_OF_RESPONSE_TO_CYTOKINE_STIMULUS",1.68746974490236,0.0170604735625865,79,1.1017871736096,0.42168606561762,72,1.14767347066509,0.474948274240572,75,TRUE,FALSE,FALSE,FALSE,FALSE,TRUE,FALSE,1,0
"GOBP_NEGATIVE_REGULATION_OF_SMALL_MOLECULE_METABOLIC_PROCESS",1.59764754008763,0.0278862016292342,89,-1.44329808516328,0.0795287187039764,79,1.0125635380079,0.652636720431033,80,TRUE,FALSE,FALSE,FALSE,FALSE,TRUE,FALSE,1,0
"GOBP_NEGATIVE_REGULATION_OF_VASCULATURE_DEVELOPMENT",1.7985250197559,0.00265235377633175,95,1.26407044352704,0.177191820144638,87,1.31849468673332,0.25192777523286,87,TRUE,FALSE,FALSE,FALSE,FALSE,TRUE,FALSE,1,0
"GOBP_NEGATIVE_REGULATION_OF_WNT_SIGNALING_PATHWAY",1.61768948510129,0.00796295070302454,157,1.04693616956623,0.502704129462872,135,-0.836990430841414,0.929013300631333,148,TRUE,FALSE,FALSE,FALSE,FALSE,TRUE,FALSE,1,0
"GOBP_NEPHRON_DEVELOPMENT",1.6779864672957,0.00469289864678094,141,-0.968681155683594,0.685060184022676,110,-0.87674060875268,0.861176011872557,122,TRUE,FALSE,FALSE,TRUE,FALSE,TRUE,FALSE,1,0
"GOBP_NON_CANONICAL_WNT_SIGNALING_PATHWAY",1.69642596952791,0.0193180621392289,65,-0.910347013116451,0.750852862615231,54,1.01777313154006,0.6486943100331,61,TRUE,FALSE,FALSE,FALSE,FALSE,TRUE,FALSE,1,0
"GOBP_NUCLEOTIDE_EXCISION_REPAIR",1.59243573156564,0.0326358837959262,85,1.15191784163287,0.333696463352364,80,-0.608189974022374,1,73,TRUE,FALSE,FALSE,FALSE,FALSE,TRUE,FALSE,1,0
"GOBP_NUCLEUS_LOCALIZATION",1.91799320274473,0.0102542273629968,33,-0.830632771018103,0.82865179368698,29,-0.849780586632108,0.821774283733097,27,TRUE,FALSE,FALSE,TRUE,FALSE,TRUE,FALSE,1,0
"GOBP_ODONTOGENESIS",1.68855007264019,0.00910548159226286,104,1.1926305871745,0.261102650217803,86,0.80833232070108,0.914570509086795,95,TRUE,FALSE,FALSE,FALSE,FALSE,TRUE,FALSE,1,0
"GOBP_ODONTOGENESIS_OF_DENTIN_CONTAINING_TOOTH",1.72652379902696,0.0153654723168013,70,1.46343436998834,0.0740416659688845,57,1.06751726957737,0.592460128278575,62,TRUE,FALSE,FALSE,FALSE,FALSE,TRUE,FALSE,1,0
"GOBP_OLEFINIC_COMPOUND_METABOLIC_PROCESS",1.92229471559976,0.000371287914763404,119,-1.35874275149808,0.144803679190792,87,1.13741830489914,0.470728308869606,96,TRUE,FALSE,FALSE,FALSE,FALSE,TRUE,FALSE,1,0
"GOBP_ORGAN_GROWTH",1.48344159024026,0.041895359272885,141,0.975314902399359,0.690017033807578,125,1.03888097417317,0.61248743896398,130,TRUE,FALSE,FALSE,FALSE,FALSE,TRUE,FALSE,1,0
"GOBP_OSSIFICATION",1.73389784507106,2.50962474176584e-05,370,1.09905273614945,0.28299622351661,331,0.964134936632477,0.752183888840211,342,TRUE,FALSE,FALSE,FALSE,FALSE,TRUE,FALSE,1,0
"GOBP_PATTERN_SPECIFICATION_PROCESS",1.46785005060197,0.00641943416432126,361,0.934011742894959,0.826476390906344,296,0.816235598982786,0.977392579090179,320,TRUE,FALSE,FALSE,FALSE,FALSE,TRUE,FALSE,1,0
"GOBP_PEPTIDYL_LYSINE_MODIFICATION",1.57063626094117,0.0225857166199186,110,0.692172941662377,1,99,-0.699415543827388,0.99431410053767,92,TRUE,FALSE,FALSE,FALSE,FALSE,TRUE,FALSE,1,0
"GOBP_PERIPHERAL_NERVOUS_SYSTEM_AXON_ENSHEATHMENT",1.68943655494638,0.0484324241411613,29,-1.78330875904051,0.0175461035999467,28,-1.08704555518164,0.586409663696481,26,TRUE,FALSE,FALSE,TRUE,FALSE,TRUE,FALSE,1,1
"GOBP_PEROXISOME_PROLIFERATOR_ACTIVATED_RECEPTOR_SIGNALING_PATHWAY",2.08631143403957,0.00140618928233421,25,0.989255394604828,0.633375372489252,22,0.97168058113499,0.69783766751117,18,TRUE,FALSE,FALSE,FALSE,FALSE,TRUE,FALSE,1,0
"GOBP_POSITIVE_CHEMOTAXIS",1.82913753903515,0.00743336031905791,49,1.02231664108534,0.580360501692853,45,1.0385870374996,0.626652619145702,43,TRUE,FALSE,FALSE,FALSE,FALSE,TRUE,FALSE,1,0
"GOBP_POSITIVE_REGULATION_OF_BIOMINERAL_TISSUE_DEVELOPMENT",1.96609024871631,0.00243142566740607,47,-1.41081474314936,0.149380668887105,41,0.606969017013289,0.99431410053767,45,TRUE,FALSE,FALSE,FALSE,FALSE,TRUE,FALSE,1,0
"GOBP_POSITIVE_REGULATION_OF_BONE_MINERALIZATION",1.84583488832129,0.0187765815868259,40,-1.45803968455082,0.121956250278732,36,0.695043515340937,0.95616368286445,38,TRUE,FALSE,FALSE,FALSE,FALSE,TRUE,FALSE,1,0
"GOBP_POSITIVE_REGULATION_OF_CELL_CYCLE_G2_M_PHASE_TRANSITION",1.76671316275286,0.0339549831248759,27,1.6125390625335,0.0536144669627564,26,1.23042315861167,0.437138316004344,23,TRUE,FALSE,FALSE,FALSE,FALSE,TRUE,FALSE,1,0
"GOBP_POSITIVE_REGULATION_OF_CELL_SUBSTRATE_ADHESION",1.69078242022302,0.00743336031905791,110,-0.926005970192611,0.747585449011495,101,1.57867690595212,0.050446769523059,101,TRUE,FALSE,FALSE,FALSE,FALSE,TRUE,FALSE,1,0
"GOBP_POSITIVE_REGULATION_OF_CHOLESTEROL_EFFLUX",1.81880348412335,0.0260870342992774,25,0.92869133158477,0.713940684251398,21,1.26536812577579,0.410460497354454,22,TRUE,FALSE,FALSE,FALSE,FALSE,TRUE,FALSE,1,0
"GOBP_POSITIVE_REGULATION_OF_CYTOKINESIS",1.87074604496461,0.00567983980497809,37,1.24929171654646,0.273823954328183,34,-1.21251135244126,0.434450960788711,34,TRUE,FALSE,FALSE,FALSE,FALSE,TRUE,FALSE,1,0
"GOBP_POSITIVE_REGULATION_OF_CYTOSKELETON_ORGANIZATION",1.54951272142962,0.0256898772798156,173,-1.04144169717308,0.553240347338118,156,1.2558497631211,0.275401885293631,159,TRUE,FALSE,FALSE,FALSE,FALSE,TRUE,FALSE,1,0
"GOBP_POSITIVE_REGULATION_OF_DNA_REPAIR",1.74039923642161,0.00346668748220885,125,1.13351374316828,0.321729797023749,122,-0.690046807698962,1,120,TRUE,FALSE,FALSE,FALSE,FALSE,TRUE,FALSE,1,0
"GOBP_POSITIVE_REGULATION_OF_DOUBLE_STRAND_BREAK_REPAIR",1.7362035044178,0.00804135486451507,87,1.16994773233766,0.299337369891388,85,-0.682601260250696,0.995455889971608,84,TRUE,FALSE,FALSE,FALSE,FALSE,TRUE,FALSE,1,0
"GOBP_POSITIVE_REGULATION_OF_ENDOTHELIAL_CELL_MIGRATION",1.61426940781918,0.0246495420090374,101,-0.859019319765678,0.839404092678024,97,1.36544498122851,0.205951073510421,95,TRUE,FALSE,FALSE,FALSE,FALSE,TRUE,FALSE,1,0
"GOBP_POSITIVE_REGULATION_OF_MIRNA_METABOLIC_PROCESS",1.76467841158955,0.0119203836415362,53,1.44870072143508,0.0978181237554946,49,1.54195339036789,0.109413657734971,50,TRUE,FALSE,FALSE,FALSE,FALSE,TRUE,FALSE,1,0
"GOBP_POSITIVE_REGULATION_OF_NUCLEAR_DIVISION",1.78249378240794,0.0109604163580236,49,1.43901076486654,0.106645234589036,44,-0.891773400862447,0.794928507932108,43,TRUE,FALSE,FALSE,FALSE,FALSE,TRUE,FALSE,1,0
"GOBP_POSITIVE_REGULATION_OF_ORGANELLE_ORGANIZATION",1.39648301668113,0.0102491304871171,453,1.19400635339041,0.0810672195465793,426,-0.965210139123679,0.763683343525334,406,TRUE,FALSE,FALSE,FALSE,FALSE,TRUE,FALSE,1,0
"GOBP_POSITIVE_REGULATION_OF_OSSIFICATION",1.79580037436604,0.00935174923214126,49,-1.45471530832191,0.109858978638184,41,1.05155806259501,0.614909832546157,47,TRUE,FALSE,FALSE,FALSE,FALSE,TRUE,FALSE,1,0
"GOBP_POSITIVE_REGULATION_OF_SMAD_PROTEIN_SIGNAL_TRANSDUCTION",1.76032206367899,0.0251663613972795,38,1.10836015964719,0.458593339249137,32,-0.7239917762335,0.945890422645759,34,TRUE,FALSE,FALSE,FALSE,FALSE,TRUE,FALSE,1,0
"GOBP_POSITIVE_REGULATION_OF_STEROL_TRANSPORT",1.69870405085469,0.0396076863372298,33,0.963369135740109,0.671202283720496,25,1.19829234306116,0.46388404770982,30,TRUE,FALSE,FALSE,FALSE,FALSE,TRUE,FALSE,1,0
"GOBP_POSITIVE_REGULATION_OF_TRANSMEMBRANE_RECEPTOR_PROTEIN_SERINE_THREONINE_KINASE_SIGNALING_PATHWAY",1.66959213079743,0.0111530089160943,96,0.978889295441365,0.658716747308781,82,-0.794365980603168,0.94022713276705,85,TRUE,FALSE,FALSE,FALSE,FALSE,TRUE,FALSE,1,0
"GOBP_PRIMARY_ALCOHOL_METABOLIC_PROCESS",1.65354822666428,0.01696051537358,77,-1.29074154682505,0.230621902711944,56,0.941299228870568,0.748493466695959,61,TRUE,FALSE,FALSE,FALSE,FALSE,TRUE,FALSE,1,0
"GOBP_PROTEIN_DNA_COMPLEX_DISASSEMBLY",1.75963411230632,0.0379519755761158,22,1.54653943545788,0.106645234589036,18,-0.780225285443527,0.87118149614503,16,TRUE,FALSE,FALSE,FALSE,FALSE,TRUE,FALSE,1,0
"GOBP_RAS_PROTEIN_SIGNAL_TRANSDUCTION",1.79780830322809,0.00259603474998408,109,-0.796481350792129,0.911973748015144,97,0.858028520602394,0.861697432672511,99,TRUE,FALSE,FALSE,FALSE,FALSE,TRUE,FALSE,1,0
"GOBP_REGENERATION",1.56621960323612,0.012765554803583,147,-1.00061427429311,0.628706728176267,137,1.41084859121538,0.113461832465043,140,TRUE,FALSE,FALSE,FALSE,FALSE,TRUE,FALSE,1,0
"GOBP_REGULATION_OF_BICELLULAR_TIGHT_JUNCTION_ASSEMBLY",1.92416585863235,0.0096145274570976,20,-0.948919863271923,0.691531623662681,17,0.733302630051888,0.895801876955162,16,TRUE,FALSE,FALSE,FALSE,FALSE,TRUE,FALSE,1,0
"GOBP_REGULATION_OF_BIOMINERAL_TISSUE_DEVELOPMENT",2.05438726591394,0.000128931589449095,87,-1.26095333699819,0.247249880651981,76,1.00003880378421,0.665687117496604,80,TRUE,FALSE,FALSE,FALSE,FALSE,TRUE,FALSE,1,0
"GOBP_REGULATION_OF_BLOOD_PRESSURE",1.48923827322663,0.0312246951232621,163,-1.230564291714,0.251351291542953,122,1.21808293374168,0.335984070992244,149,TRUE,FALSE,FALSE,FALSE,FALSE,TRUE,FALSE,1,0
"GOBP_REGULATION_OF_BONE_MINERALIZATION",2.09827082904041,0.000137968409936959,69,-1.35675350300316,0.159117554038432,62,1.02690457555301,0.63468347762835,65,TRUE,FALSE,FALSE,FALSE,FALSE,TRUE,FALSE,1,0
"GOBP_REGULATION_OF_CELLULAR_EXTRAVASATION",1.71996773494087,0.0342137699015096,32,1.11939265796001,0.453822004568896,26,-1.14344334770396,0.518719810488523,29,TRUE,FALSE,FALSE,FALSE,FALSE,TRUE,FALSE,1,0
"GOBP_REGULATION_OF_CELLULAR_RESPONSE_TO_GROWTH_FACTOR_STIMULUS",1.44383917738782,0.012930080775304,293,1.04708564553551,0.464548951113649,253,-1.00927023387497,0.641322768746386,264,TRUE,FALSE,FALSE,FALSE,FALSE,TRUE,FALSE,1,0
"GOBP_REGULATION_OF_CELL_MIGRATION_INVOLVED_IN_SPROUTING_ANGIOGENESIS",1.79606654914628,0.0118568054493052,37,0.789747421396633,0.905730597445772,36,0.859411817231721,0.821752397386324,36,TRUE,FALSE,FALSE,FALSE,FALSE,TRUE,FALSE,1,0
"GOBP_REGULATION_OF_CHONDROCYTE_DIFFERENTIATION",1.65266002115916,0.0479518510840376,43,-1.14423714174889,0.430885467865374,39,-0.863098609122045,0.821774283733097,43,TRUE,FALSE,FALSE,TRUE,FALSE,TRUE,FALSE,1,0
"GOBP_REGULATION_OF_CHROMATIN_ORGANIZATION",2.12161538849182,0.000587548860748667,27,1.18525240667212,0.358852958794258,28,1.05164655175688,0.619267780553095,24,TRUE,FALSE,FALSE,FALSE,FALSE,TRUE,FALSE,1,0
"GOBP_REGULATION_OF_ENDOTHELIAL_CELL_DIFFERENTIATION",1.65648431234226,0.0498950120550582,33,-0.705261810110106,0.937560476243052,28,1.24752683794449,0.415294363616239,32,TRUE,FALSE,FALSE,FALSE,FALSE,TRUE,FALSE,1,0
"GOBP_REGULATION_OF_ENDOTHELIAL_CELL_MIGRATION",1.69612902386754,0.00239421313626698,158,-0.861969166871754,0.858555416107673,149,1.27494195641941,0.25901193489448,148,TRUE,FALSE,FALSE,FALSE,FALSE,TRUE,FALSE,1,0
"GOBP_REGULATION_OF_EPITHELIAL_CELL_DIFFERENTIATION",1.49454500102936,0.0397275307209462,119,1.43224401494496,0.0582627703000883,93,1.41700363801214,0.146392276422764,108,TRUE,FALSE,FALSE,FALSE,FALSE,TRUE,FALSE,1,0
"GOBP_REGULATION_OF_EPITHELIAL_CELL_PROLIFERATION",1.58560568004451,0.00153456145442183,285,1.22344498793817,0.111952053264221,252,1.1934424399833,0.310848751692259,260,TRUE,FALSE,FALSE,FALSE,FALSE,TRUE,FALSE,1,0
"GOBP_REGULATION_OF_EXTRACELLULAR_MATRIX_ORGANIZATION",2.03613408699564,0.000814260349498757,56,0.858890760120508,0.850452735975479,52,1.22946840680616,0.39737677106148,52,TRUE,FALSE,FALSE,FALSE,FALSE,TRUE,FALSE,1,0
"GOBP_REGULATION_OF_FAT_CELL_DIFFERENTIATION",1.66786232242929,0.00496355912569787,122,-0.949881174210395,0.712767262086861,104,1.12254532458155,0.487069933205743,109,TRUE,FALSE,FALSE,FALSE,FALSE,TRUE,FALSE,1,0
"GOBP_REGULATION_OF_GTPASE_ACTIVITY",1.56879037809896,0.0199132983807189,114,-1.12428403313754,0.413506587421753,114,0.949911463132505,0.747497298634946,106,TRUE,FALSE,FALSE,FALSE,FALSE,TRUE,FALSE,1,0
"GOBP_REGULATION_OF_HORMONE_BIOSYNTHETIC_PROCESS",1.75621616393433,0.0379519755761158,22,-0.828370666814035,0.817236095020775,19,0.960477844335858,0.708486914592045,17,TRUE,FALSE,FALSE,FALSE,FALSE,TRUE,FALSE,1,0
"GOBP_REGULATION_OF_INTEGRIN_MEDIATED_SIGNALING_PATHWAY",1.7606095386888,0.0351054849424877,23,1.06316504456516,0.539235815229598,21,1.72220732631554,0.0770218487394958,21,TRUE,FALSE,FALSE,FALSE,FALSE,TRUE,FALSE,1,0
"GOBP_REGULATION_OF_LEUKOCYTE_ADHESION_TO_VASCULAR_ENDOTHELIAL_CELL",1.72514673110457,0.0402370005746983,26,-0.913950315196764,0.733233348979809,19,1.37091086347135,0.313758696467968,25,TRUE,FALSE,FALSE,FALSE,FALSE,TRUE,FALSE,1,0
"GOBP_REGULATION_OF_LIPID_METABOLIC_PROCESS",1.51034289685396,0.00627768849251022,285,-1.24398389719106,0.171675694565787,249,1.13454262467432,0.414939701520196,261,TRUE,FALSE,FALSE,FALSE,FALSE,TRUE,FALSE,1,0
"GOBP_REGULATION_OF_LYMPHOCYTE_MIGRATION",1.65550560126223,0.0338728144824385,56,1.44661738566992,0.0906472245236123,52,1.29078235600962,0.332126628496298,49,TRUE,FALSE,FALSE,FALSE,FALSE,TRUE,FALSE,1,0
"GOBP_REGULATION_OF_MIRNA_METABOLIC_PROCESS",1.99331326433396,0.000348233778030791,75,1.41839165148724,0.0664357020455764,73,1.43892598260646,0.155954452995575,69,TRUE,FALSE,FALSE,FALSE,FALSE,TRUE,FALSE,1,0
"GOBP_REGULATION_OF_MUSCLE_CELL_DIFFERENTIATION",1.48703262900776,0.0421836903585261,123,-1.17510811687436,0.332965766504325,119,1.12016957138365,0.490102228804682,109,TRUE,FALSE,FALSE,FALSE,FALSE,TRUE,FALSE,1,0
"GOBP_REGULATION_OF_MUSCLE_ORGAN_DEVELOPMENT",1.79679568596531,0.0197831659325482,31,-1.50592920221888,0.0908653069124387,34,-0.861236789923956,0.812869621308857,27,TRUE,FALSE,FALSE,TRUE,FALSE,TRUE,FALSE,1,0
"GOBP_REGULATION_OF_NUCLEOTIDE_EXCISION_REPAIR",1.80634312756342,0.0251663613972795,28,0.478667369987394,1,26,-1.03884950371108,0.627633585000621,24,TRUE,FALSE,FALSE,FALSE,FALSE,TRUE,FALSE,1,0
"GOBP_REGULATION_OF_OSSIFICATION",2.20259657211074,1.61099447241007e-06,107,-0.965000159283187,0.68611245820465,94,1.41514739155538,0.148664659582232,99,TRUE,FALSE,FALSE,FALSE,FALSE,TRUE,FALSE,1,0
"GOBP_REGULATION_OF_OSTEOBLAST_DIFFERENTIATION",1.60137876483606,0.010470423140983,117,1.32027011979402,0.0990785083496564,104,1.10319030373867,0.516872545197496,108,TRUE,FALSE,FALSE,FALSE,FALSE,TRUE,FALSE,1,0
"GOBP_REGULATION_OF_SMAD_PROTEIN_SIGNAL_TRANSDUCTION",1.77569221558848,0.0109604163580236,58,1.24460458398066,0.26160823200724,49,-0.732629602759655,0.962109584419619,54,TRUE,FALSE,FALSE,FALSE,FALSE,TRUE,FALSE,1,0
"GOBP_REGULATION_OF_SMALL_GTPASE_MEDIATED_SIGNAL_TRANSDUCTION",1.72569980392761,0.000159970529714199,303,-1.33181601528366,0.0581317515576208,285,1.16483163544018,0.361098950300377,263,TRUE,FALSE,FALSE,FALSE,FALSE,TRUE,FALSE,1,0
"GOBP_REGULATION_OF_STEROID_METABOLIC_PROCESS",1.54198177795129,0.0415232876712329,88,-1.43195133227866,0.0894336856439699,74,1.03564622718971,0.623560794367027,78,TRUE,FALSE,FALSE,FALSE,FALSE,TRUE,FALSE,1,0
"GOBP_REGULATION_OF_TRANSCRIPTION_BY_RNA_POLYMERASE_I",1.68274461079109,0.0357284299858557,41,1.42519013283085,0.122423345146142,41,-0.602694335901914,0.995455889971608,38,TRUE,FALSE,FALSE,FALSE,FALSE,TRUE,FALSE,1,0
"GOBP_REGULATION_OF_TRANSMEMBRANE_RECEPTOR_PROTEIN_SERINE_THREONINE_KINASE_SIGNALING_PATHWAY",1.60554153440044,0.00209816706373,251,-0.91231194146976,0.796718693250583,215,-1.02504537546708,0.618788194608935,225,TRUE,FALSE,FALSE,TRUE,FALSE,TRUE,FALSE,1,0
"GOBP_REGULATION_OF_TUBE_SIZE",1.50944338413159,0.0317600020117183,135,-0.951809473938144,0.711754779229454,106,1.12328395963813,0.479529778239264,126,TRUE,FALSE,FALSE,FALSE,FALSE,TRUE,FALSE,1,0
"GOBP_REGULATION_OF_VIRAL_GENOME_REPLICATION",1.78296896031646,0.0125125367424155,59,1.47818357169869,0.0671821626937323,57,1.36029872512648,0.254388476051782,55,TRUE,FALSE,FALSE,FALSE,FALSE,TRUE,FALSE,1,0
"GOBP_RENAL_SYSTEM_DEVELOPMENT",1.78079264764367,3.70495529961063e-05,292,-0.913536706567139,0.801401853119755,248,-0.936183022492392,0.815574552641443,261,TRUE,FALSE,FALSE,TRUE,FALSE,TRUE,FALSE,1,0
"GOBP_RENAL_SYSTEM_VASCULATURE_DEVELOPMENT",2.02626755453606,0.00381137288680762,29,-1.14918955186655,0.439167142828576,27,0.640984434610064,0.970723477462637,25,TRUE,FALSE,FALSE,FALSE,FALSE,TRUE,FALSE,1,0
"GOBP_RESPIRATORY_SYSTEM_DEVELOPMENT",1.55545257240149,0.0119203836415362,198,-0.919973759491856,0.775493814409899,167,1.15876526676186,0.401641173367956,178,TRUE,FALSE,FALSE,FALSE,FALSE,TRUE,FALSE,1,0
"GOBP_RESPONSE_TO_FLUID_SHEAR_STRESS",1.67438511182077,0.0302967855051699,57,1.16433068645452,0.345459555809808,52,1.21476432659125,0.415294363616239,50,TRUE,FALSE,FALSE,FALSE,FALSE,TRUE,FALSE,1,0
"GOBP_RESPONSE_TO_INTERLEUKIN_1",1.60180332214935,0.0193220847154849,97,1.25324489373947,0.190749587986799,88,1.61798749381432,0.0527064627815843,85,TRUE,FALSE,FALSE,FALSE,FALSE,TRUE,FALSE,1,0
"GOBP_RESPONSE_TO_LIGHT_STIMULUS",1.44183971109879,0.013504151081407,282,1.14297860905026,0.235600805499986,234,1.08117377758585,0.517787671463312,251,TRUE,FALSE,FALSE,FALSE,FALSE,TRUE,FALSE,1,0
"GOBP_RESPONSE_TO_PEPTIDE_HORMONE",1.32527474042023,0.0402370005746983,409,-1.33087113006481,0.0465426581818756,358,1.14316700246083,0.369419042495966,370,TRUE,FALSE,FALSE,FALSE,FALSE,TRUE,FALSE,1,1
"GOBP_RESPONSE_TO_PLATELET_DERIVED_GROWTH_FACTOR",1.73803072212762,0.0377974969258568,25,1.07592823141483,0.512590477770012,27,0.947883430082727,0.72370953441602,25,TRUE,FALSE,FALSE,FALSE,FALSE,TRUE,FALSE,1,0
"GOBP_RESPONSE_TO_RETINOIC_ACID",1.65190320221812,0.0177180480605036,89,1.35014186753334,0.125015682709843,68,-0.954930845673484,0.737293023449683,82,TRUE,FALSE,FALSE,FALSE,FALSE,TRUE,FALSE,1,0
"GOBP_RESPONSE_TO_TRANSFORMING_GROWTH_FACTOR_BETA",1.49417038735804,0.0101239858640428,251,1.22999317293199,0.121411596958175,223,1.27941964552378,0.194315545243619,228,TRUE,FALSE,FALSE,FALSE,FALSE,TRUE,FALSE,1,0
"GOBP_RESPONSE_TO_XENOBIOTIC_STIMULUS",1.38548385927118,0.0265139517650924,313,1.16183843147822,0.19425160848673,255,1.30176634228514,0.140306207244999,276,TRUE,FALSE,FALSE,FALSE,FALSE,TRUE,FALSE,1,0
"GOBP_RETINOIC_ACID_RECEPTOR_SIGNALING_PATHWAY",1.8210083541769,0.0216589194977237,33,1.05156115807954,0.543528119410075,32,1.02402377908891,0.641700349054738,29,TRUE,FALSE,FALSE,FALSE,FALSE,TRUE,FALSE,1,0
"GOBP_RHO_PROTEIN_SIGNAL_TRANSDUCTION",1.86731977920318,0.000318523121554011,136,-1.12668855089937,0.398990719689911,127,1.5068499586024,0.0709061942874483,116,TRUE,FALSE,FALSE,FALSE,FALSE,TRUE,FALSE,1,0
"GOBP_SCHWANN_CELL_DIFFERENTIATION",1.92832135175373,0.00384346431582907,47,-1.49724363479345,0.0758470175554353,46,-0.903741794912181,0.781694607897903,43,TRUE,FALSE,FALSE,TRUE,FALSE,TRUE,FALSE,1,0
"GOBP_SEMAPHORIN_PLEXIN_SIGNALING_PATHWAY",2.07410740299672,0.000955162301701734,48,1.02634518706593,0.564396812164669,47,1.29239024098607,0.35217776148899,39,TRUE,FALSE,FALSE,FALSE,FALSE,TRUE,FALSE,1,0
"GOBP_SIGNAL_TRANSDUCTION_BY_P53_CLASS_MEDIATOR",1.81637413892634,0.000318523121554011,172,1.21193110776894,0.177191820144638,149,1.45141158848015,0.0874733950844818,147,TRUE,FALSE,FALSE,FALSE,FALSE,TRUE,FALSE,1,0
"GOBP_SKELETAL_SYSTEM_DEVELOPMENT",1.58927878739767,0.000240376492488349,479,-1.03272214268258,0.561430655432489,412,1.10310486885316,0.434450960788711,431,TRUE,FALSE,FALSE,FALSE,FALSE,TRUE,FALSE,1,0
"GOBP_SKELETAL_SYSTEM_MORPHOGENESIS",1.67015200483045,0.00160198903393883,205,-0.87593363142637,0.842588878719854,174,0.908000400004172,0.821752397386324,180,TRUE,FALSE,FALSE,FALSE,FALSE,TRUE,FALSE,1,0
"GOBP_SMALL_GTPASE_MEDIATED_SIGNAL_TRANSDUCTION",1.5412425749661,0.000539744409628321,485,-1.18881370984174,0.180363095598097,448,1.21576409899966,0.205709105913467,430,TRUE,FALSE,FALSE,FALSE,FALSE,TRUE,FALSE,1,0
"GOBP_SPROUTING_ANGIOGENESIS",1.93888091450019,6.78804205711865e-05,127,0.919098533633929,0.809728668492621,118,1.29005971814844,0.268587108722165,113,TRUE,FALSE,FALSE,FALSE,FALSE,TRUE,FALSE,1,0
"GOBP_SUBSTRATE_ADHESION_DEPENDENT_CELL_SPREADING",1.64531482707059,0.0128202602740556,97,1.25234236039375,0.187841928912652,89,1.3468176324559,0.226682629300879,87,TRUE,FALSE,FALSE,FALSE,FALSE,TRUE,FALSE,1,0
"GOBP_TIGHT_JUNCTION_ORGANIZATION",1.93587317482608,0.00192895733627799,65,-0.997901620961881,0.633510835735867,53,-0.954671159853911,0.73340129537044,54,TRUE,FALSE,FALSE,TRUE,FALSE,TRUE,FALSE,1,0
"GOBP_VASCULAR_ASSOCIATED_SMOOTH_MUSCLE_CELL_PROLIFERATION",1.79686413918289,0.00763870233813195,51,1.17468519325048,0.333007786481366,48,1.49803486588136,0.137704051073616,49,TRUE,FALSE,FALSE,FALSE,FALSE,TRUE,FALSE,1,0
"GOBP_VASCULAR_PROCESS_IN_CIRCULATORY_SYSTEM",1.71171465079732,0.000354233018961495,249,-1.6380854005377,0.00150590530133388,203,1.04586385819065,0.58716101481195,225,TRUE,FALSE,FALSE,FALSE,FALSE,TRUE,FALSE,1,1
"GOBP_VASCULAR_TRANSPORT",1.70783582825796,0.0111650351458286,84,-2.06500907530089,2.12148533866199e-05,70,0.99275136496038,0.671116443858425,77,TRUE,FALSE,FALSE,FALSE,FALSE,TRUE,FALSE,1,1
"GOBP_VENTRICULAR_SYSTEM_DEVELOPMENT",1.65692750435277,0.0493557102727383,32,0.953253492238432,0.686214720440976,27,-1.13113713176757,0.524728844663982,32,TRUE,FALSE,FALSE,FALSE,FALSE,TRUE,FALSE,1,0
"GOBP_VITAMIN_TRANSPORT",1.84936327934424,0.00922979705084601,44,-1.1424639431273,0.441143956841341,34,0.746900679315138,0.930929643662435,44,TRUE,FALSE,FALSE,FALSE,FALSE,TRUE,FALSE,1,0
"GOBP_WNT_SIGNALING_PATHWAY",1.56402243217279,0.000636425828259828,431,-0.819337344220736,0.955487675811006,380,-0.803182246320988,1,383,TRUE,FALSE,FALSE,TRUE,FALSE,TRUE,FALSE,1,0
"GOBP_WNT_SIGNALING_PATHWAY_PLANAR_CELL_POLARITY_PATHWAY",1.81851616619795,0.00809707343159511,45,1.24523757373604,0.26160823200724,39,1.06687526778063,0.601043032507253,41,TRUE,FALSE,FALSE,FALSE,FALSE,TRUE,FALSE,1,0
