"study","input_type","input","md5"
"OIPN_GSE160543","GSVA_scores","results/GSE160543_Oxaliplatin_vs_Vehicle/Pathway_analysis/GSVA_Hallmark_scores.csv","85f123d7872bfca18899464d22defc05"
"OIPN_GSE160543","sample_metadata","data/metadata/gse160543_analysis_selection.csv","abf3451f261be14b99a727f43e0873b3"
"OIPN_GSE160543","GSEA","results/GSE160543_Oxaliplatin_vs_Vehicle/Pathway_analysis/GSEA_Hallmark_results.csv","b97e8abbfdb9e174e292bd18b4c917f9"
"NC_GSE246156","GSVA_scores","results/GSE246156_NC_L5_day7/pathway_analysis/GSVA_Hallmark_scores.csv","2dc0154b36d7af6ec7860f5e6d055e28"
"NC_GSE246156","sample_metadata","results/GSE246156_NC_L5_day7/locked_primary_samples.csv","2b7d870a767333b8ab24223b8f14438c"
"NC_GSE246156","GSEA","results/GSE246156_NC_L5_day7/pathway_analysis/GSEA_Hallmark_results.csv","bdb0e5288a843139d71462a45dbb55b8"
"CCI_GSE212311","GSVA_scores","results/GSE212311_CCI_L4L6_day11/GSVA_source_aware/GSVA_Hallmark_scores.csv","aa0aa365a7e67c00bfc1b473be33c7f8"
"CCI_GSE212311","sample_metadata","results/GSE212311_CCI_L4L6_day11/locked_primary_samples.csv","d68bbca3f9ff59ca157c2bd53f0569d5"
"CCI_GSE212311","GSEA","results/GSE212311_CCI_L4L6_day11/pathway_analysis_source_aware/GSEA_Hallmark_results.csv","40f6ad35366b88c4053c55e89c7e8a43"
"selection","GSEA_selection","results/manuscript_hallmark_three_dataset/all_50_pathways_classified.csv","440bd56fcafd537a1b0cf6bb379c7984"
