"pathway","symbol","n_ranked","n_leading_edge","shared_all3","direction_matches_all3","opposite_both_physical","OIPN_matches_pathway_direction","n_gene_FDR_lt_0_05","priority_OIPN_plus_physical","strict_significant_all3","OIPN_GSE160543_LE","OIPN_GSE160543_log2FC","OIPN_GSE160543_gene_FDR","NC_GSE246156_LE","NC_GSE246156_log2FC","NC_GSE246156_gene_FDR","CCI_GSE212311_LE","CCI_GSE212311_log2FC","CCI_GSE212311_gene_FDR"
"GOBP_ACTIVATION_OF_IMMUNE_RESPONSE","Ikbke",3,3,TRUE,TRUE,FALSE,TRUE,2,TRUE,FALSE,TRUE,0.760401452093416,0.00313157452124863,TRUE,2.23598558704328,1.10026172711676e-11,TRUE,0.242636065359564,0.858162814887538
"GOBP_ACTIVATION_OF_IMMUNE_RESPONSE","Irak3",3,3,TRUE,TRUE,FALSE,TRUE,2,TRUE,FALSE,TRUE,0.631941891439005,0.00155976019701832,TRUE,0.878125867520487,6.57638099719961e-05,TRUE,0.245044844928754,0.522132434794
"GOBP_ADAPTIVE_IMMUNE_RESPONSE","Ephb2",3,3,TRUE,TRUE,FALSE,TRUE,2,TRUE,FALSE,TRUE,0.572020751641617,0.0264766121358153,TRUE,1.42915570448895,5.27065260331292e-10,TRUE,0.26532150243207,0.536661356246787
"GOBP_ADAPTIVE_IMMUNE_RESPONSE","Icam1",3,3,TRUE,TRUE,FALSE,TRUE,2,TRUE,FALSE,TRUE,0.823176340057854,0.000718966158848219,TRUE,1.31157277268251,4.25281416532404e-07,TRUE,0.252813131824194,0.810368161592969
"GOBP_ADAPTIVE_IMMUNE_RESPONSE","Jak3",3,3,TRUE,TRUE,FALSE,TRUE,2,TRUE,FALSE,TRUE,0.427396542194848,0.04135677874079,TRUE,1.87900751214862,2.06258540474854e-05,TRUE,0.23450615099792,0.740805895320039
"GOBP_B_CELL_ACTIVATION","Cd180",3,3,TRUE,TRUE,FALSE,TRUE,2,TRUE,FALSE,TRUE,0.928469544011367,0.0477322758442387,TRUE,3.34054464435045,4.19037110794436e-09,TRUE,0.783702491174118,0.382701142670785
"GOBP_B_CELL_ACTIVATION","Cdkn1a",3,3,TRUE,TRUE,FALSE,TRUE,3,TRUE,TRUE,TRUE,2.36554425602502,1.35357633394429e-34,TRUE,2.35564858769235,1.78933839512498e-18,TRUE,1.25275470167071,0.00116547161516769
"GOBP_B_CELL_ACTIVATION","Ezh2",3,3,TRUE,TRUE,FALSE,TRUE,2,TRUE,FALSE,TRUE,0.459608539621235,0.0158725931162708,TRUE,1.37909682756798,3.10003711550863e-07,TRUE,0.57062246515141,0.125882713079947
"GOBP_B_CELL_ACTIVATION","St3gal1",3,3,TRUE,TRUE,FALSE,TRUE,2,TRUE,FALSE,TRUE,0.332631355943971,0.0487100393501226,TRUE,1.48448123310389,3.86903333773869e-12,TRUE,0.0901231181186642,0.896768635780967
"GOBP_CELLULAR_RESPONSE_TO_BIOTIC_STIMULUS","Cd68",3,3,TRUE,TRUE,FALSE,TRUE,3,TRUE,TRUE,TRUE,0.475875429309184,0.0351647016514608,TRUE,5.69370776946084,3.54544834963571e-28,TRUE,0.872295096338037,0.0026039181399166
"GOBP_CELL_ADHESION_MEDIATED_BY_INTEGRIN","Col16a1",3,3,TRUE,TRUE,FALSE,TRUE,2,TRUE,FALSE,TRUE,0.437721092872066,0.0311297432235143,TRUE,1.23252737385172,1.91906682931496e-06,TRUE,0.371048406292925,0.115523987798977
"GOBP_CELL_ADHESION_MEDIATED_BY_INTEGRIN","Itgal",3,3,TRUE,TRUE,FALSE,TRUE,3,TRUE,TRUE,TRUE,0.5158130786856,0.0491571447728293,TRUE,3.64924398307014,1.21535031663699e-12,TRUE,0.722344944598314,0.00812363107736976
"GOBP_CYTOKINE_MEDIATED_SIGNALING_PATHWAY","Csf1",3,3,TRUE,TRUE,FALSE,TRUE,3,TRUE,TRUE,TRUE,0.502968114960466,0.00266356540706981,TRUE,1.19180569407285,2.43141460557132e-05,TRUE,1.42952754285414,8.54054282303828e-07
"GOBP_CYTOKINE_MEDIATED_SIGNALING_PATHWAY","Il4r",3,3,TRUE,TRUE,FALSE,TRUE,3,TRUE,TRUE,TRUE,0.399012306967088,0.0317157437091236,TRUE,1.27681718838081,2.15740978230773e-06,TRUE,0.77374273420999,0.000699072148901732
"GOBP_ERK1_AND_ERK2_CASCADE","Iqgap3",3,3,TRUE,TRUE,FALSE,TRUE,2,TRUE,FALSE,TRUE,0.872780670661843,0.000922962415979495,TRUE,2.65905685460737,1.04779678987498e-06,TRUE,0.25735359984409,0.701707649549208
"GOBP_INFLAMMATORY_RESPONSE_TO_ANTIGENIC_STIMULUS","Rhbdf2",3,3,TRUE,TRUE,FALSE,TRUE,2,TRUE,FALSE,TRUE,0.665949592145242,1.00114842481626e-05,TRUE,1.90683483961835,2.77538092182096e-27,TRUE,0.257135398035077,0.706443052945449
"GOBP_INTRINSIC_APOPTOTIC_SIGNALING_PATHWAY_IN_RESPONSE_TO_DNA_DAMAGE","Uri1",3,3,TRUE,TRUE,FALSE,TRUE,2,TRUE,FALSE,TRUE,0.336065840153441,0.0263671444685968,TRUE,0.454285241191163,0.01686263425018,TRUE,0.145127861906348,0.756854234812825
"GOBP_LEUKOCYTE_CELL_CELL_ADHESION","Gpnmb",3,3,TRUE,TRUE,FALSE,TRUE,2,TRUE,FALSE,TRUE,1.30749025088736,7.06453560821637e-13,TRUE,6.32344292723089,5.02359500033231e-37,TRUE,0.201272387228478,0.769711122156457
"GOBP_MEMBRANE_INVAGINATION","Plk1",3,3,TRUE,TRUE,FALSE,TRUE,2,TRUE,FALSE,TRUE,0.971020830346437,0.021087479103544,TRUE,2.74791972559114,1.14749108558847e-07,TRUE,0.505879641801392,0.573351626995194
"GOBP_MUSCLE_CELL_PROLIFERATION","Cdk1",3,3,TRUE,TRUE,FALSE,TRUE,2,TRUE,FALSE,TRUE,1.12068672133653,7.34103794587928e-05,TRUE,3.02506690713131,0.000876838118250431,TRUE,0.455243030401625,0.893751009734315
"GOBP_NEGATIVE_REGULATION_OF_IMMUNE_RESPONSE","Plk2",3,3,TRUE,TRUE,FALSE,TRUE,2,TRUE,FALSE,TRUE,0.379564365507727,0.0118774597654619,TRUE,1.17141622519029,0.011026784692575,TRUE,0.0717837505396076,0.925346932522192
"GOBP_POSITIVE_REGULATION_OF_CELL_DEVELOPMENT","Aspm",3,3,TRUE,TRUE,FALSE,TRUE,2,TRUE,FALSE,TRUE,0.781129392361545,0.00649232254828835,TRUE,2.21510915351749,1.35168739191805e-06,TRUE,0.284134948877284,0.71366374659426
"GOBP_REGULATION_OF_CATALYTIC_ACTIVITY","Arhgap11a",3,3,TRUE,TRUE,FALSE,TRUE,2,TRUE,FALSE,TRUE,0.836146011266308,8.21357266756193e-06,TRUE,2.40311275154014,6.94358666946975e-12,TRUE,0.372926659318084,0.699012516295966
"GOBP_REGULATION_OF_CATALYTIC_ACTIVITY","Tpx2",3,3,TRUE,TRUE,FALSE,TRUE,2,TRUE,FALSE,TRUE,1.05281996992678,0.000885803642087582,TRUE,2.08145941750785,1.46120601159417e-11,TRUE,0.443774315549642,0.16736448097116
"GOBP_REGULATION_OF_PHOSPHORYLATION","Bard1",3,3,TRUE,TRUE,FALSE,TRUE,3,TRUE,TRUE,TRUE,1.24430672270076,0.0160404078203915,TRUE,2.24780423103609,0.000876838118250431,TRUE,1.11417884458566,0.0100783740944256
"GOBP_RESPONSE_TO_BACTERIUM","Lrat",3,3,TRUE,TRUE,FALSE,TRUE,2,TRUE,FALSE,TRUE,1.4798084625023,0.0295657410208251,TRUE,2.21409672069934,3.13713992549036e-06,TRUE,0.452011266749007,0.860522646794704
"GOBP_RESPONSE_TO_WOUNDING","Myof",3,3,TRUE,TRUE,FALSE,TRUE,2,TRUE,FALSE,TRUE,0.337249832149701,0.0417429710547673,TRUE,2.02410743865896,1.99857201225749e-16,TRUE,0.285521296749434,0.110446373646172
