"stem","pathway"
"GO_BP_00041","GOBP_ACTIVATION_OF_GTPASE_ACTIVITY"
"GO_BP_00104","GOBP_ALCOHOL_CATABOLIC_PROCESS"
"GO_BP_00128","GOBP_AMELOGENESIS"
"GO_BP_00164","GOBP_AMP_METABOLIC_PROCESS"
"GO_BP_00167","GOBP_AMYLOID_BETA_CLEARANCE"
"GO_BP_00171","GOBP_AMYLOID_BETA_METABOLIC_PROCESS"
"GO_BP_00172","GOBP_AMYLOID_FIBRIL_FORMATION"
"GO_BP_00180","GOBP_ANATOMICAL_STRUCTURE_MATURATION"
"GO_BP_00187","GOBP_ANGIOTENSIN_ACTIVATED_SIGNALING_PATHWAY"
"GO_BP_00188","GOBP_ANIMAL_ORGAN_FORMATION"
"GO_BP_00189","GOBP_ANIMAL_ORGAN_MATURATION"
"GO_BP_00208","GOBP_ANTIGEN_PROCESSING_AND_PRESENTATION"
"GO_BP_00212","GOBP_ANTIGEN_PROCESSING_AND_PRESENTATION_OF_EXOGENOUS_ANTIGEN"
"GO_BP_00213","GOBP_ANTIGEN_PROCESSING_AND_PRESENTATION_OF_EXOGENOUS_PEPTIDE_ANTIGEN"
"GO_BP_00216","GOBP_ANTIGEN_PROCESSING_AND_PRESENTATION_OF_EXOGENOUS_PEPTIDE_ANTIGEN_VIA_MHC_CLASS_II"
"GO_BP_00218","GOBP_ANTIGEN_PROCESSING_AND_PRESENTATION_OF_PEPTIDE_ANTIGEN"
"GO_BP_00221","GOBP_ANTIGEN_PROCESSING_AND_PRESENTATION_OF_PEPTIDE_OR_POLYSACCHARIDE_ANTIGEN_VIA_MHC_CLASS_II"
"GO_BP_00237","GOBP_APICAL_PROTEIN_LOCALIZATION"
"GO_BP_00249","GOBP_APPENDAGE_DEVELOPMENT"
"GO_BP_00250","GOBP_APPENDAGE_MORPHOGENESIS"
"GO_BP_00254","GOBP_ARF_PROTEIN_SIGNAL_TRANSDUCTION"
"GO_BP_00275","GOBP_ASYMMETRIC_CELL_DIVISION"
"GO_BP_00282","GOBP_ATP_TRANSPORT"
"GO_BP_00292","GOBP_ATRIOVENTRICULAR_VALVE_DEVELOPMENT"
"GO_BP_00325","GOBP_AXON_ENSHEATHMENT_IN_CENTRAL_NERVOUS_SYSTEM"
"GO_BP_00350","GOBP_BICELLULAR_TIGHT_JUNCTION_ASSEMBLY"
"GO_BP_00352","GOBP_BILE_ACID_BIOSYNTHETIC_PROCESS"
"GO_BP_00353","GOBP_BILE_ACID_METABOLIC_PROCESS"
"GO_BP_00365","GOBP_BLASTOCYST_FORMATION"
"GO_BP_00384","GOBP_BONE_MATURATION"
"GO_BP_00387","GOBP_BONE_MORPHOGENESIS"
"GO_BP_00421","GOBP_B_CELL_HOMEOSTASIS"
"GO_BP_00429","GOBP_C4_DICARBOXYLATE_TRANSPORT"
"GO_BP_00453","GOBP_CAMERA_TYPE_EYE_MORPHOGENESIS"
"GO_BP_00465","GOBP_CARBOHYDRATE_CATABOLIC_PROCESS"
"GO_BP_00482","GOBP_CARDIAC_ATRIUM_DEVELOPMENT"
"GO_BP_00483","GOBP_CARDIAC_ATRIUM_MORPHOGENESIS"
"GO_BP_00484","GOBP_CARDIAC_CELL_DEVELOPMENT"
"GO_BP_00498","GOBP_CARDIAC_MUSCLE_CELL_DIFFERENTIATION"
"GO_BP_00549","GOBP_CD8_POSITIVE_ALPHA_BETA_T_CELL_ACTIVATION"
"GO_BP_00550","GOBP_CD8_POSITIVE_ALPHA_BETA_T_CELL_DIFFERENTIATION"
"GO_BP_00556","GOBP_CELLULAR_COMPONENT_ASSEMBLY_INVOLVED_IN_MORPHOGENESIS"
"GO_BP_00559","GOBP_CELLULAR_COMPONENT_MAINTENANCE"
"GO_BP_00564","GOBP_CELLULAR_HYPEROSMOTIC_RESPONSE"
"GO_BP_00567","GOBP_CELLULAR_PIGMENTATION"
"GO_BP_00579","GOBP_CELLULAR_RESPONSE_TO_ANGIOTENSIN"
"GO_BP_00635","GOBP_CELLULAR_RESPONSE_TO_KETONE"
"GO_BP_00670","GOBP_CELLULAR_RESPONSE_TO_PH"
"GO_BP_00674","GOBP_CELLULAR_RESPONSE_TO_PROSTAGLANDIN_STIMULUS"
"GO_BP_00693","GOBP_CELLULAR_RESPONSE_TO_UNFOLDED_PROTEIN"
"GO_BP_00747","GOBP_CELL_FATE_DETERMINATION"
"GO_BP_00748","GOBP_CELL_FATE_SPECIFICATION"
"GO_BP_00751","GOBP_CELL_JUNCTION_DISASSEMBLY"
"GO_BP_00754","GOBP_CELL_KILLING"
"GO_BP_00774","GOBP_CELL_PROLIFERATION_IN_FOREBRAIN"
"GO_BP_00789","GOBP_CELL_VOLUME_HOMEOSTASIS"
"GO_BP_00852","GOBP_CHOLESTEROL_STORAGE"
"GO_BP_00887","GOBP_CILIUM_MOVEMENT"
"GO_BP_00922","GOBP_COLLAGEN_FIBRIL_ORGANIZATION"
"GO_BP_00966","GOBP_CORONARY_VASCULATURE_DEVELOPMENT"
"GO_BP_01018","GOBP_CYTOPLASMIC_TRANSLATION"
"GO_BP_01033","GOBP_DECIDUALIZATION"
"GO_BP_01042","GOBP_DEFINITIVE_HEMOPOIESIS"
"GO_BP_01048","GOBP_DENDRITE_EXTENSION"
"GO_BP_01118","GOBP_DEVELOPMENTAL_GROWTH_INVOLVED_IN_MORPHOGENESIS"
"GO_BP_01120","GOBP_DEVELOPMENTAL_MATURATION"
"GO_BP_01148","GOBP_DIENCEPHALON_DEVELOPMENT"
"GO_BP_01244","GOBP_EAR_DEVELOPMENT"
"GO_BP_01245","GOBP_EAR_MORPHOGENESIS"
"GO_BP_01246","GOBP_EATING_BEHAVIOR"
"GO_BP_01259","GOBP_EMBRYONIC_BRAIN_DEVELOPMENT"
"GO_BP_01271","GOBP_EMBRYONIC_HEART_TUBE_DEVELOPMENT"
"GO_BP_01273","GOBP_EMBRYONIC_HEART_TUBE_MORPHOGENESIS"
"GO_BP_01304","GOBP_ENDOCHONDRAL_BONE_MORPHOGENESIS"
"GO_BP_01305","GOBP_ENDOCRINE_HORMONE_SECRETION"
"GO_BP_01307","GOBP_ENDOCRINE_PROCESS"
"GO_BP_01356","GOBP_ENSHEATHMENT_OF_NEURONS"
"GO_BP_01372","GOBP_EPIBOLY"
"GO_BP_01415","GOBP_ERBB_SIGNALING_PATHWAY"
"GO_BP_01446","GOBP_ESTABLISHMENT_OF_PIGMENT_GRANULE_LOCALIZATION"
"GO_BP_01455","GOBP_ESTABLISHMENT_OF_PROTEIN_LOCALIZATION_TO_ORGANELLE"
"GO_BP_01465","GOBP_ESTABLISHMENT_OF_TISSUE_POLARITY"
"GO_BP_01466","GOBP_ESTABLISHMENT_OR_MAINTENANCE_OF_BIPOLAR_CELL_POLARITY"
"GO_BP_01470","GOBP_ESTABLISHMENT_OR_MAINTENANCE_OF_MONOPOLAR_CELL_POLARITY"
"GO_BP_01474","GOBP_ESTROGEN_RECEPTOR_SIGNALING_PATHWAY"
"GO_BP_01489","GOBP_EXOCYTOSIS"
"GO_BP_01496","GOBP_EXTRACELLULAR_MATRIX_ASSEMBLY"
"GO_BP_01501","GOBP_EXTRACELLULAR_TRANSPORT"
"GO_BP_01502","GOBP_EXTRACELLULAR_VESICLE_BIOGENESIS"
"GO_BP_01510","GOBP_EYE_MORPHOGENESIS"
"GO_BP_01536","GOBP_FATTY_ACID_TRANSMEMBRANE_TRANSPORT"
"GO_BP_01552","GOBP_FEEDING_BEHAVIOR"
"GO_BP_01564","GOBP_FIBRINOLYSIS"
"GO_BP_01571","GOBP_FILOPODIUM_ASSEMBLY"
"GO_BP_01585","GOBP_FOREBRAIN_DEVELOPMENT"
"GO_BP_01693","GOBP_GLUCOSE_6_PHOSPHATE_METABOLIC_PROCESS"
"GO_BP_01694","GOBP_GLUCOSE_CATABOLIC_PROCESS"
"GO_BP_01705","GOBP_GLUTAMATE_SECRETION"
"GO_BP_01717","GOBP_GLYCEROLIPID_CATABOLIC_PROCESS"
"GO_BP_01732","GOBP_GLYCOLYTIC_PROCESS_THROUGH_FRUCTOSE_6_PHOSPHATE"
"GO_BP_01733","GOBP_GLYCOLYTIC_PROCESS_THROUGH_GLUCOSE_6_PHOSPHATE"
"GO_BP_01769","GOBP_GPI_ANCHOR_METABOLIC_PROCESS"
"GO_BP_01791","GOBP_G_PROTEIN_COUPLED_DOPAMINE_RECEPTOR_SIGNALING_PATHWAY"
"GO_BP_01799","GOBP_G_PROTEIN_COUPLED_RECEPTOR_SIGNALING_PATHWAY_COUPLED_TO_CYCLIC_NUCLEOTIDE_SECOND_MESSENGER"
"GO_BP_01809","GOBP_HEART_FORMATION"
"GO_BP_01916","GOBP_ICOSANOID_BIOSYNTHETIC_PROCESS"
"GO_BP_01932","GOBP_IMMUNE_RESPONSE_TO_TUMOR_CELL"
"GO_BP_01955","GOBP_INFLAMMATORY_CELL_APOPTOTIC_PROCESS"
"GO_BP_01967","GOBP_INNER_EAR_AUDITORY_RECEPTOR_CELL_DIFFERENTIATION"
"GO_BP_01968","GOBP_INNER_EAR_MORPHOGENESIS"
"GO_BP_01973","GOBP_INORGANIC_ANION_TRANSPORT"
"GO_BP_01975","GOBP_INORGANIC_ION_IMPORT_ACROSS_PLASMA_MEMBRANE"
"GO_BP_01984","GOBP_INSULIN_LIKE_GROWTH_FACTOR_RECEPTOR_SIGNALING_PATHWAY"
"GO_BP_02025","GOBP_INTERLEUKIN_6_MEDIATED_SIGNALING_PATHWAY"
"GO_BP_02082","GOBP_INTRINSIC_APOPTOTIC_SIGNALING_PATHWAY_IN_RESPONSE_TO_ENDOPLASMIC_RETICULUM_STRESS"
"GO_BP_02086","GOBP_INTRINSIC_APOPTOTIC_SIGNALING_PATHWAY_IN_RESPONSE_TO_OXIDATIVE_STRESS"
"GO_BP_02127","GOBP_LABYRINTHINE_LAYER_BLOOD_VESSEL_DEVELOPMENT"
"GO_BP_02154","GOBP_LENS_FIBER_CELL_DIFFERENTIATION"
"GO_BP_02165","GOBP_LEUKOCYTE_DEGRANULATION"
"GO_BP_02168","GOBP_LEUKOCYTE_MEDIATED_CYTOTOXICITY"
"GO_BP_02202","GOBP_LIPID_OXIDATION"
"GO_BP_02229","GOBP_LONG_CHAIN_FATTY_ACID_BIOSYNTHETIC_PROCESS"
"GO_BP_02233","GOBP_LONG_CHAIN_FATTY_ACID_METABOLIC_PROCESS"
"GO_BP_02271","GOBP_LYMPH_NODE_DEVELOPMENT"
"GO_BP_02272","GOBP_LYMPH_VESSEL_DEVELOPMENT"
"GO_BP_02279","GOBP_LYTIC_VACUOLE_ORGANIZATION"
"GO_BP_02333","GOBP_MACROPHAGE_MIGRATION"
"GO_BP_02389","GOBP_MAST_CELL_ACTIVATION"
"GO_BP_02390","GOBP_MAST_CELL_ACTIVATION_INVOLVED_IN_IMMUNE_RESPONSE"
"GO_BP_02394","GOBP_MATERNAL_PLACENTA_DEVELOPMENT"
"GO_BP_02398","GOBP_MATING_BEHAVIOR"
"GO_BP_02452","GOBP_MEMBRANE_LIPID_CATABOLIC_PROCESS"
"GO_BP_02462","GOBP_MEMBRANE_REPOLARIZATION_DURING_ACTION_POTENTIAL"
"GO_BP_02478","GOBP_MESENCHYMAL_CELL_PROLIFERATION"
"GO_BP_02513","GOBP_METANEPHRIC_NEPHRON_DEVELOPMENT"
"GO_BP_02524","GOBP_METANEPHROS_DEVELOPMENT"
"GO_BP_02531","GOBP_METHYLATION"
"GO_BP_02564","GOBP_MIDDLE_EAR_MORPHOGENESIS"
"GO_BP_02652","GOBP_MODIFIED_AMINO_ACID_BIOSYNTHETIC_PROCESS"
"GO_BP_02655","GOBP_MODIFIED_AMINO_ACID_TRANSPORT"
"GO_BP_02686","GOBP_MONOSACCHARIDE_CATABOLIC_PROCESS"
"GO_BP_02713","GOBP_MRNA_METHYLGUANOSINE_CAP_DECAPPING"
"GO_BP_02714","GOBP_MRNA_MODIFICATION"
"GO_BP_02718","GOBP_MRNA_TRANSCRIPTION"
"GO_BP_02726","GOBP_MULTICELLULAR_ORGANISMAL_LEVEL_WATER_HOMEOSTASIS"
"GO_BP_02740","GOBP_MUSCLE_CELL_APOPTOTIC_PROCESS"
"GO_BP_02742","GOBP_MUSCLE_CELL_DEVELOPMENT"
"GO_BP_02759","GOBP_MYELIN_ASSEMBLY"
"GO_BP_02760","GOBP_MYELIN_MAINTENANCE"
"GO_BP_02781","GOBP_MYOBLAST_PROLIFERATION"
"GO_BP_02782","GOBP_MYOFIBRIL_ASSEMBLY"
"GO_BP_02785","GOBP_MYOTUBE_CELL_DEVELOPMENT"
"GO_BP_02805","GOBP_NATURAL_KILLER_CELL_MEDIATED_IMMUNITY"
"GO_BP_02813","GOBP_NEGATIVE_REGULATION_OF_ACTIN_FILAMENT_POLYMERIZATION"
"GO_BP_02851","GOBP_NEGATIVE_REGULATION_OF_AXONOGENESIS"
"GO_BP_02862","GOBP_NEGATIVE_REGULATION_OF_BMP_SIGNALING_PATHWAY"
"GO_BP_02883","GOBP_NEGATIVE_REGULATION_OF_CAMP_PKA_SIGNAL_TRANSDUCTION"
"GO_BP_02891","GOBP_NEGATIVE_REGULATION_OF_CARDIAC_MUSCLE_TISSUE_GROWTH"
"GO_BP_02895","GOBP_NEGATIVE_REGULATION_OF_CATALYTIC_ACTIVITY"
"GO_BP_02931","GOBP_NEGATIVE_REGULATION_OF_CELL_KILLING"
"GO_BP_02932","GOBP_NEGATIVE_REGULATION_OF_CELL_MATRIX_ADHESION"
"GO_BP_02939","GOBP_NEGATIVE_REGULATION_OF_CELL_SUBSTRATE_ADHESION"
"GO_BP_02940","GOBP_NEGATIVE_REGULATION_OF_CELL_SUBSTRATE_JUNCTION_ORGANIZATION"
"GO_BP_02998","GOBP_NEGATIVE_REGULATION_OF_DNA_REPLICATION"
"GO_BP_03007","GOBP_NEGATIVE_REGULATION_OF_ENDOCYTOSIS"
"GO_BP_03011","GOBP_NEGATIVE_REGULATION_OF_ENDOPLASMIC_RETICULUM_UNFOLDED_PROTEIN_RESPONSE"
"GO_BP_03043","GOBP_NEGATIVE_REGULATION_OF_FATTY_ACID_METABOLIC_PROCESS"
"GO_BP_03046","GOBP_NEGATIVE_REGULATION_OF_FAT_CELL_DIFFERENTIATION"
"GO_BP_03090","GOBP_NEGATIVE_REGULATION_OF_HORMONE_SECRETION"
"GO_BP_03134","GOBP_NEGATIVE_REGULATION_OF_INTRINSIC_APOPTOTIC_SIGNALING_PATHWAY_BY_P53_CLASS_MEDIATOR"
"GO_BP_03143","GOBP_NEGATIVE_REGULATION_OF_KINASE_ACTIVITY"
"GO_BP_03168","GOBP_NEGATIVE_REGULATION_OF_LYMPHOCYTE_DIFFERENTIATION"
"GO_BP_03207","GOBP_NEGATIVE_REGULATION_OF_MOLECULAR_FUNCTION"
"GO_BP_03222","GOBP_NEGATIVE_REGULATION_OF_MUSCLE_CELL_APOPTOTIC_PROCESS"
"GO_BP_03238","GOBP_NEGATIVE_REGULATION_OF_NATURAL_KILLER_CELL_MEDIATED_IMMUNITY"
"GO_BP_03245","GOBP_NEGATIVE_REGULATION_OF_NEURON_DIFFERENTIATION"
"GO_BP_03268","GOBP_NEGATIVE_REGULATION_OF_NUCLEOTIDE_CATABOLIC_PROCESS"
"GO_BP_03271","GOBP_NEGATIVE_REGULATION_OF_ORGANELLE_ASSEMBLY"
"GO_BP_03289","GOBP_NEGATIVE_REGULATION_OF_PEPTIDYL_TYROSINE_PHOSPHORYLATION"
"GO_BP_03314","GOBP_NEGATIVE_REGULATION_OF_PROTEIN_BINDING"
"GO_BP_03328","GOBP_NEGATIVE_REGULATION_OF_PROTEIN_LOCALIZATION_TO_MEMBRANE"
"GO_BP_03330","GOBP_NEGATIVE_REGULATION_OF_PROTEIN_LOCALIZATION_TO_NUCLEUS"
"GO_BP_03336","GOBP_NEGATIVE_REGULATION_OF_PROTEIN_SECRETION"
"GO_BP_03348","GOBP_NEGATIVE_REGULATION_OF_REACTIVE_OXYGEN_SPECIES_METABOLIC_PROCESS"
"GO_BP_03352","GOBP_NEGATIVE_REGULATION_OF_RECEPTOR_MEDIATED_ENDOCYTOSIS"
"GO_BP_03386","GOBP_NEGATIVE_REGULATION_OF_SIGNAL_TRANSDUCTION_BY_P53_CLASS_MEDIATOR"
"GO_BP_03387","GOBP_NEGATIVE_REGULATION_OF_SIGNAL_TRANSDUCTION_IN_ABSENCE_OF_LIGAND"
"GO_BP_03406","GOBP_NEGATIVE_REGULATION_OF_STEM_CELL_DIFFERENTIATION"
"GO_BP_03409","GOBP_NEGATIVE_REGULATION_OF_STEROID_BIOSYNTHETIC_PROCESS"
"GO_BP_03411","GOBP_NEGATIVE_REGULATION_OF_STEROID_METABOLIC_PROCESS"
"GO_BP_03432","GOBP_NEGATIVE_REGULATION_OF_TISSUE_REMODELING"
"GO_BP_03451","GOBP_NEGATIVE_REGULATION_OF_TRANSMEMBRANE_RECEPTOR_PROTEIN_SERINE_THREONINE_KINASE_SIGNALING_PATHWAY"
"GO_BP_03511","GOBP_NEPHRON_DEVELOPMENT"
"GO_BP_03512","GOBP_NEPHRON_EPITHELIUM_DEVELOPMENT"
"GO_BP_03553","GOBP_NEURONAL_STEM_CELL_POPULATION_MAINTENANCE"
"GO_BP_03558","GOBP_NEURON_FATE_COMMITMENT"
"GO_BP_03564","GOBP_NEURON_MIGRATION"
"GO_BP_03579","GOBP_NEUROTRANSMITTER_RECEPTOR_LOCALIZATION_TO_POSTSYNAPTIC_SPECIALIZATION_MEMBRANE"
"GO_BP_03588","GOBP_NEUROTROPHIN_SIGNALING_PATHWAY"
"GO_BP_03592","GOBP_NEUTRAL_LIPID_CATABOLIC_PROCESS"
"GO_BP_03614","GOBP_NK_T_CELL_ACTIVATION"
"GO_BP_03647","GOBP_NUCLEAR_MEMBRANE_ORGANIZATION"
"GO_BP_03671","GOBP_NUCLEOBASE_METABOLIC_PROCESS"
"GO_BP_03679","GOBP_NUCLEOSIDE_DIPHOSPHATE_CATABOLIC_PROCESS"
"GO_BP_03680","GOBP_NUCLEOSIDE_DIPHOSPHATE_METABOLIC_PROCESS"
"GO_BP_03687","GOBP_NUCLEOSIDE_PHOSPHATE_CATABOLIC_PROCESS"
"GO_BP_03708","GOBP_NUCLEUS_LOCALIZATION"
"GO_BP_03770","GOBP_ORGANOPHOSPHATE_CATABOLIC_PROCESS"
"GO_BP_03835","GOBP_PEPTIDE_BIOSYNTHETIC_PROCESS"
"GO_BP_03836","GOBP_PEPTIDE_CATABOLIC_PROCESS"
"GO_BP_03838","GOBP_PEPTIDE_METABOLIC_PROCESS"
"GO_BP_03859","GOBP_PEPTIDYL_SERINE_MODIFICATION"
"GO_BP_03868","GOBP_PERIPHERAL_NERVOUS_SYSTEM_AXON_ENSHEATHMENT"
"GO_BP_03870","GOBP_PERIPHERAL_NERVOUS_SYSTEM_DEVELOPMENT"
"GO_BP_03888","GOBP_PHARYNGEAL_SYSTEM_DEVELOPMENT"
"GO_BP_03906","GOBP_PHOSPHATIDYLETHANOLAMINE_METABOLIC_PROCESS"
"GO_BP_03949","GOBP_PIGMENTATION"
"GO_BP_03953","GOBP_PIGMENT_GRANULE_LOCALIZATION"
"GO_BP_03960","GOBP_PITUITARY_GLAND_DEVELOPMENT"
"GO_BP_03967","GOBP_PLASMA_MEMBRANE_PHOSPHOLIPID_SCRAMBLING"
"GO_BP_03972","GOBP_PLASMA_MEMBRANE_TUBULATION"
"GO_BP_03973","GOBP_PLASMINOGEN_ACTIVATION"
"GO_BP_03978","GOBP_PLATELET_DENSE_GRANULE_ORGANIZATION"
"GO_BP_04021","GOBP_POSITIVE_REGULATION_OF_ADAPTIVE_IMMUNE_RESPONSE"
"GO_BP_04061","GOBP_POSITIVE_REGULATION_OF_BINDING"
"GO_BP_04065","GOBP_POSITIVE_REGULATION_OF_BLOOD_PRESSURE"
"GO_BP_04086","GOBP_POSITIVE_REGULATION_OF_CALCIUM_MEDIATED_SIGNALING"
"GO_BP_04107","GOBP_POSITIVE_REGULATION_OF_CELLULAR_COMPONENT_BIOGENESIS"
"GO_BP_04131","GOBP_POSITIVE_REGULATION_OF_CELL_GROWTH"
"GO_BP_04161","GOBP_POSITIVE_REGULATION_OF_CHONDROCYTE_DIFFERENTIATION"
"GO_BP_04174","GOBP_POSITIVE_REGULATION_OF_COLLAGEN_METABOLIC_PROCESS"
"GO_BP_04184","GOBP_POSITIVE_REGULATION_OF_CYTOKINE_PRODUCTION_INVOLVED_IN_IMMUNE_RESPONSE"
"GO_BP_04220","GOBP_POSITIVE_REGULATION_OF_DNA_TEMPLATED_TRANSCRIPTION_INITIATION"
"GO_BP_04255","GOBP_POSITIVE_REGULATION_OF_ERBB_SIGNALING_PATHWAY"
"GO_BP_04263","GOBP_POSITIVE_REGULATION_OF_EXOCYTOSIS"
"GO_BP_04308","GOBP_POSITIVE_REGULATION_OF_GLUCONEOGENESIS"
"GO_BP_04321","GOBP_POSITIVE_REGULATION_OF_GROWTH"
"GO_BP_04324","GOBP_POSITIVE_REGULATION_OF_G_PROTEIN_COUPLED_RECEPTOR_SIGNALING_PATHWAY"
"GO_BP_04351","GOBP_POSITIVE_REGULATION_OF_INFLAMMASOME_MEDIATED_SIGNALING_PATHWAY"
"GO_BP_04360","GOBP_POSITIVE_REGULATION_OF_INTERFERON_ALPHA_PRODUCTION"
"GO_BP_04362","GOBP_POSITIVE_REGULATION_OF_INTERLEUKIN_10_PRODUCTION"
"GO_BP_04370","GOBP_POSITIVE_REGULATION_OF_INTERLEUKIN_2_PRODUCTION"
"GO_BP_04400","GOBP_POSITIVE_REGULATION_OF_LEUKOCYTE_CHEMOTAXIS"
"GO_BP_04401","GOBP_POSITIVE_REGULATION_OF_LEUKOCYTE_DEGRANULATION"
"GO_BP_04402","GOBP_POSITIVE_REGULATION_OF_LEUKOCYTE_MEDIATED_IMMUNITY"
"GO_BP_04407","GOBP_POSITIVE_REGULATION_OF_LIPID_BIOSYNTHETIC_PROCESS"
"GO_BP_04410","GOBP_POSITIVE_REGULATION_OF_LIPID_METABOLIC_PROCESS"
"GO_BP_04430","GOBP_POSITIVE_REGULATION_OF_MACROPHAGE_CHEMOTAXIS"
"GO_BP_04434","GOBP_POSITIVE_REGULATION_OF_MACROPHAGE_MIGRATION"
"GO_BP_04439","GOBP_POSITIVE_REGULATION_OF_MAP_KINASE_ACTIVITY"
"GO_BP_04444","GOBP_POSITIVE_REGULATION_OF_MEIOTIC_CELL_CYCLE"
"GO_BP_04452","GOBP_POSITIVE_REGULATION_OF_MESENCHYMAL_CELL_PROLIFERATION"
"GO_BP_04499","GOBP_POSITIVE_REGULATION_OF_MUSCLE_CELL_DIFFERENTIATION"
"GO_BP_04501","GOBP_POSITIVE_REGULATION_OF_MUSCLE_HYPERTROPHY"
"GO_BP_04506","GOBP_POSITIVE_REGULATION_OF_MYELOID_LEUKOCYTE_CYTOKINE_PRODUCTION_INVOLVED_IN_IMMUNE_RESPONSE"
"GO_BP_04517","GOBP_POSITIVE_REGULATION_OF_NATURAL_KILLER_CELL_MEDIATED_CYTOTOXICITY"
"GO_BP_04519","GOBP_POSITIVE_REGULATION_OF_NATURAL_KILLER_CELL_MEDIATED_IMMUNITY"
"GO_BP_04521","GOBP_POSITIVE_REGULATION_OF_NERVOUS_SYSTEM_DEVELOPMENT"
"GO_BP_04535","GOBP_POSITIVE_REGULATION_OF_NEUROTRANSMITTER_TRANSPORT"
"GO_BP_04539","GOBP_POSITIVE_REGULATION_OF_NEUTROPHIL_MIGRATION"
"GO_BP_04558","GOBP_POSITIVE_REGULATION_OF_OLIGODENDROCYTE_DIFFERENTIATION"
"GO_BP_04562","GOBP_POSITIVE_REGULATION_OF_ORGAN_GROWTH"
"GO_BP_04573","GOBP_POSITIVE_REGULATION_OF_PEPTIDYL_SERINE_PHOSPHORYLATION"
"GO_BP_04575","GOBP_POSITIVE_REGULATION_OF_PEPTIDYL_TYROSINE_PHOSPHORYLATION"
"GO_BP_04602","GOBP_POSITIVE_REGULATION_OF_PROTEASOMAL_PROTEIN_CATABOLIC_PROCESS"
"GO_BP_04614","GOBP_POSITIVE_REGULATION_OF_PROTEIN_EXPORT_FROM_NUCLEUS"
"GO_BP_04620","GOBP_POSITIVE_REGULATION_OF_PROTEIN_LOCALIZATION_TO_CELL_PERIPHERY"
"GO_BP_04625","GOBP_POSITIVE_REGULATION_OF_PROTEIN_LOCALIZATION_TO_MEMBRANE"
"GO_BP_04628","GOBP_POSITIVE_REGULATION_OF_PROTEIN_LOCALIZATION_TO_PLASMA_MEMBRANE"
"GO_BP_04658","GOBP_POSITIVE_REGULATION_OF_RECEPTOR_SIGNALING_PATHWAY_VIA_STAT"
"GO_BP_04659","GOBP_POSITIVE_REGULATION_OF_REGULATED_SECRETORY_PATHWAY"
"GO_BP_04662","GOBP_POSITIVE_REGULATION_OF_RELEASE_OF_CYTOCHROME_C_FROM_MITOCHONDRIA"
"GO_BP_04668","GOBP_POSITIVE_REGULATION_OF_RESPONSE_TO_ENDOPLASMIC_RETICULUM_STRESS"
"GO_BP_04699","GOBP_POSITIVE_REGULATION_OF_SMOOTHENED_SIGNALING_PATHWAY"
"GO_BP_04702","GOBP_POSITIVE_REGULATION_OF_SMOOTH_MUSCLE_CELL_MIGRATION"
"GO_BP_04704","GOBP_POSITIVE_REGULATION_OF_SMOOTH_MUSCLE_CONTRACTION"
"GO_BP_04714","GOBP_POSITIVE_REGULATION_OF_STEROID_BIOSYNTHETIC_PROCESS"
"GO_BP_04717","GOBP_POSITIVE_REGULATION_OF_STEROID_METABOLIC_PROCESS"
"GO_BP_04722","GOBP_POSITIVE_REGULATION_OF_STRIATED_MUSCLE_CELL_DIFFERENTIATION"
"GO_BP_04786","GOBP_POSITIVE_REGULATION_OF_T_CELL_CYTOKINE_PRODUCTION"
"GO_BP_04790","GOBP_POSITIVE_REGULATION_OF_T_CELL_MEDIATED_IMMUNITY"
"GO_BP_04864","GOBP_POTASSIUM_ION_IMPORT_ACROSS_PLASMA_MEMBRANE"
"GO_BP_04917","GOBP_PROTEASOMAL_UBIQUITIN_INDEPENDENT_PROTEIN_CATABOLIC_PROCESS"
"GO_BP_04928","GOBP_PROTEIN_AUTOUBIQUITINATION"
"GO_BP_04935","GOBP_PROTEIN_CONTAINING_COMPLEX_LOCALIZATION"
"GO_BP_04938","GOBP_PROTEIN_DEACETYLATION"
"GO_BP_04939","GOBP_PROTEIN_DEACYLATION"
"GO_BP_04960","GOBP_PROTEIN_HETEROOLIGOMERIZATION"
"GO_BP_04964","GOBP_PROTEIN_HOMOTETRAMERIZATION"
"GO_BP_05028","GOBP_PROTEIN_LOCALIZATION_TO_NUCLEOLUS"
"GO_BP_05049","GOBP_PROTEIN_N_LINKED_GLYCOSYLATION"
"GO_BP_05084","GOBP_PROTEIN_TETRAMERIZATION"
"GO_BP_05124","GOBP_PURINE_CONTAINING_COMPOUND_SALVAGE"
"GO_BP_05144","GOBP_PURINE_NUCLEOSIDE_MONOPHOSPHATE_METABOLIC_PROCESS"
"GO_BP_05158","GOBP_PYRIDINE_CONTAINING_COMPOUND_BIOSYNTHETIC_PROCESS"
"GO_BP_05162","GOBP_PYRIMIDINE_CONTAINING_COMPOUND_BIOSYNTHETIC_PROCESS"
"GO_BP_05175","GOBP_PYRIMIDINE_NUCLEOBASE_METABOLIC_PROCESS"
"GO_BP_05182","GOBP_PYRIMIDINE_NUCLEOSIDE_MONOPHOSPHATE_METABOLIC_PROCESS"
"GO_BP_05192","GOBP_PYRIMIDINE_RIBONUCLEOTIDE_BIOSYNTHETIC_PROCESS"
"GO_BP_05200","GOBP_PYRUVATE_METABOLIC_PROCESS"
"GO_BP_05212","GOBP_RAP_PROTEIN_SIGNAL_TRANSDUCTION"
"GO_BP_05218","GOBP_RECEPTOR_CATABOLIC_PROCESS"
"GO_BP_05225","GOBP_RECEPTOR_MEDIATED_ENDOCYTOSIS"
"GO_BP_05237","GOBP_REGULATED_EXOCYTOSIS"
"GO_BP_05265","GOBP_REGULATION_OF_ALCOHOL_BIOSYNTHETIC_PROCESS"
"GO_BP_05278","GOBP_REGULATION_OF_AMYLOID_PRECURSOR_PROTEIN_CATABOLIC_PROCESS"
"GO_BP_05281","GOBP_REGULATION_OF_ANATOMICAL_STRUCTURE_SIZE"
"GO_BP_05282","GOBP_REGULATION_OF_ANDROGEN_RECEPTOR_SIGNALING_PATHWAY"
"GO_BP_05318","GOBP_REGULATION_OF_AXON_EXTENSION"
"GO_BP_05337","GOBP_REGULATION_OF_BMP_SIGNALING_PATHWAY"
"GO_BP_05371","GOBP_REGULATION_OF_CARBOHYDRATE_CATABOLIC_PROCESS"
"GO_BP_05387","GOBP_REGULATION_OF_CARDIOCYTE_DIFFERENTIATION"
"GO_BP_05402","GOBP_REGULATION_OF_CELLULAR_COMPONENT_SIZE"
"GO_BP_05439","GOBP_REGULATION_OF_CELL_KILLING"
"GO_BP_05451","GOBP_REGULATION_OF_CELL_SIZE"
"GO_BP_05465","GOBP_REGULATION_OF_CHOLESTEROL_METABOLIC_PROCESS"
"GO_BP_05468","GOBP_REGULATION_OF_CHONDROCYTE_DIFFERENTIATION"
"GO_BP_05474","GOBP_REGULATION_OF_CILIUM_ASSEMBLY"
"GO_BP_05488","GOBP_REGULATION_OF_COMPLEMENT_ACTIVATION"
"GO_BP_05530","GOBP_REGULATION_OF_DNA_DAMAGE_RESPONSE_SIGNAL_TRANSDUCTION_BY_P53_CLASS_MEDIATOR"
"GO_BP_05536","GOBP_REGULATION_OF_DNA_STRAND_ELONGATION"
"GO_BP_05540","GOBP_REGULATION_OF_DNA_TEMPLATED_TRANSCRIPTION_INITIATION"
"GO_BP_05559","GOBP_REGULATION_OF_ENDOPLASMIC_RETICULUM_UNFOLDED_PROTEIN_RESPONSE"
"GO_BP_05589","GOBP_REGULATION_OF_ESTABLISHMENT_OR_MAINTENANCE_OF_CELL_POLARITY"
"GO_BP_05590","GOBP_REGULATION_OF_EXCITATORY_SYNAPSE_ASSEMBLY"
"GO_BP_05594","GOBP_REGULATION_OF_EXOCYTOSIS"
"GO_BP_05595","GOBP_REGULATION_OF_EXOSOMAL_SECRETION"
"GO_BP_05602","GOBP_REGULATION_OF_EXTRINSIC_APOPTOTIC_SIGNALING_PATHWAY_IN_ABSENCE_OF_LIGAND"
"GO_BP_05605","GOBP_REGULATION_OF_FATTY_ACID_BETA_OXIDATION"
"GO_BP_05608","GOBP_REGULATION_OF_FATTY_ACID_OXIDATION"
"GO_BP_05654","GOBP_REGULATION_OF_GLYCOLYTIC_PROCESS"
"GO_BP_05711","GOBP_REGULATION_OF_INFLAMMASOME_MEDIATED_SIGNALING_PATHWAY"
"GO_BP_05737","GOBP_REGULATION_OF_INTRINSIC_APOPTOTIC_SIGNALING_PATHWAY_BY_P53_CLASS_MEDIATOR"
"GO_BP_05758","GOBP_REGULATION_OF_LAMELLIPODIUM_ASSEMBLY"
"GO_BP_05760","GOBP_REGULATION_OF_LAMELLIPODIUM_ORGANIZATION"
"GO_BP_05771","GOBP_REGULATION_OF_LIPID_BIOSYNTHETIC_PROCESS"
"GO_BP_05806","GOBP_REGULATION_OF_MACROPHAGE_CHEMOTAXIS"
"GO_BP_05810","GOBP_REGULATION_OF_MACROPHAGE_MIGRATION"
"GO_BP_05822","GOBP_REGULATION_OF_MEGAKARYOCYTE_DIFFERENTIATION"
"GO_BP_05828","GOBP_REGULATION_OF_MEMBRANE_DEPOLARIZATION"
"GO_BP_05843","GOBP_REGULATION_OF_MESENCHYMAL_CELL_PROLIFERATION"
"GO_BP_05867","GOBP_REGULATION_OF_MITOCHONDRIAL_DEPOLARIZATION"
"GO_BP_05917","GOBP_REGULATION_OF_MUSCLE_HYPERTROPHY"
"GO_BP_05918","GOBP_REGULATION_OF_MUSCLE_ORGAN_DEVELOPMENT"
"GO_BP_05937","GOBP_REGULATION_OF_NATURAL_KILLER_CELL_MEDIATED_IMMUNITY"
"GO_BP_05959","GOBP_REGULATION_OF_NEUROTRANSMITTER_RECEPTOR_LOCALIZATION_TO_POSTSYNAPTIC_SPECIALIZATION_MEMBRANE"
"GO_BP_05997","GOBP_REGULATION_OF_OLIGODENDROCYTE_DIFFERENTIATION"
"GO_BP_06013","GOBP_REGULATION_OF_OXIDATIVE_PHOSPHORYLATION"
"GO_BP_06023","GOBP_REGULATION_OF_PEPTIDYL_SERINE_PHOSPHORYLATION"
"GO_BP_06025","GOBP_REGULATION_OF_PEPTIDYL_TYROSINE_PHOSPHORYLATION"
"GO_BP_06049","GOBP_REGULATION_OF_PLASMA_LIPOPROTEIN_PARTICLE_LEVELS"
"GO_BP_06060","GOBP_REGULATION_OF_POLYSACCHARIDE_BIOSYNTHETIC_PROCESS"
"GO_BP_06066","GOBP_REGULATION_OF_POSTSYNAPTIC_DENSITY_ASSEMBLY"
"GO_BP_06067","GOBP_REGULATION_OF_POSTSYNAPTIC_DENSITY_ORGANIZATION"
"GO_BP_06072","GOBP_REGULATION_OF_POSTSYNAPTIC_SPECIALIZATION_ASSEMBLY"
"GO_BP_06093","GOBP_REGULATION_OF_PROTEIN_BINDING"
"GO_BP_06103","GOBP_REGULATION_OF_PROTEIN_EXPORT_FROM_NUCLEUS"
"GO_BP_06124","GOBP_REGULATION_OF_PROTEIN_LOCALIZATION_TO_PLASMA_MEMBRANE"
"GO_BP_06126","GOBP_REGULATION_OF_PROTEIN_MATURATION"
"GO_BP_06141","GOBP_REGULATION_OF_PROTEIN_TYROSINE_KINASE_ACTIVITY"
"GO_BP_06143","GOBP_REGULATION_OF_PROTEOLYSIS"
"GO_BP_06150","GOBP_REGULATION_OF_REACTIVE_OXYGEN_SPECIES_BIOSYNTHETIC_PROCESS"
"GO_BP_06161","GOBP_REGULATION_OF_REGULATED_SECRETORY_PATHWAY"
"GO_BP_06166","GOBP_REGULATION_OF_RELEASE_OF_CYTOCHROME_C_FROM_MITOCHONDRIA"
"GO_BP_06190","GOBP_REGULATION_OF_RESPONSE_TO_TUMOR_CELL"
"GO_BP_06228","GOBP_REGULATION_OF_SKELETAL_MUSCLE_TISSUE_DEVELOPMENT"
"GO_BP_06260","GOBP_REGULATION_OF_STEROID_BIOSYNTHETIC_PROCESS"
"GO_BP_06302","GOBP_REGULATION_OF_SYSTEMIC_ARTERIAL_BLOOD_PRESSURE_MEDIATED_BY_A_CHEMICAL_SIGNAL"
"GO_BP_06307","GOBP_REGULATION_OF_TELOMERE_MAINTENANCE_IN_RESPONSE_TO_DNA_DAMAGE"
"GO_BP_06308","GOBP_REGULATION_OF_TELOMERE_MAINTENANCE_VIA_TELOMERASE"
"GO_BP_06309","GOBP_REGULATION_OF_TELOMERE_MAINTENANCE_VIA_TELOMERE_LENGTHENING"
"GO_BP_06345","GOBP_REGULATION_OF_TRANSLATION_IN_RESPONSE_TO_STRESS"
"GO_BP_06346","GOBP_REGULATION_OF_TRANSMEMBRANE_RECEPTOR_PROTEIN_SERINE_THREONINE_KINASE_SIGNALING_PATHWAY"
"GO_BP_06361","GOBP_REGULATION_OF_TYPE_2_IMMUNE_RESPONSE"
"GO_BP_06367","GOBP_REGULATION_OF_TYROSINE_PHOSPHORYLATION_OF_STAT_PROTEIN"
"GO_BP_06375","GOBP_REGULATION_OF_T_CELL_MEDIATED_CYTOTOXICITY"
"GO_BP_06398","GOBP_REGULATION_OF_VASCULAR_PERMEABILITY"
"GO_BP_06421","GOBP_REGULATION_OF_WNT_SIGNALING_PATHWAY"
"GO_BP_06429","GOBP_REGULATORY_NCRNA_PROCESSING"
"GO_BP_06435","GOBP_RELEASE_OF_CYTOCHROME_C_FROM_MITOCHONDRIA"
"GO_BP_06437","GOBP_RENAL_ABSORPTION"
"GO_BP_06445","GOBP_RENAL_SYSTEM_DEVELOPMENT"
"GO_BP_06446","GOBP_RENAL_SYSTEM_PROCESS"
"GO_BP_06452","GOBP_RENAL_TUBULE_DEVELOPMENT"
"GO_BP_06458","GOBP_REPLACEMENT_OSSIFICATION"
"GO_BP_06480","GOBP_RESPONSE_TO_ACIDIC_PH"
"GO_BP_06485","GOBP_RESPONSE_TO_ALKALOID"
"GO_BP_06486","GOBP_RESPONSE_TO_AMINE"
"GO_BP_06489","GOBP_RESPONSE_TO_AMPHETAMINE"
"GO_BP_06497","GOBP_RESPONSE_TO_AXON_INJURY"
"GO_BP_06504","GOBP_RESPONSE_TO_BMP"
"GO_BP_06505","GOBP_RESPONSE_TO_CADMIUM_ION"
"GO_BP_06506","GOBP_RESPONSE_TO_CAFFEINE"
"GO_BP_06517","GOBP_RESPONSE_TO_COCAINE"
"GO_BP_06539","GOBP_RESPONSE_TO_ETHER"
"GO_BP_06541","GOBP_RESPONSE_TO_FIBROBLAST_GROWTH_FACTOR"
"GO_BP_06552","GOBP_RESPONSE_TO_GLUCAGON"
"GO_BP_06561","GOBP_RESPONSE_TO_GROWTH_HORMONE"
"GO_BP_06594","GOBP_RESPONSE_TO_INTERLEUKIN_7"
"GO_BP_06607","GOBP_RESPONSE_TO_LEPTIN"
"GO_BP_06625","GOBP_RESPONSE_TO_METAL_ION"
"GO_BP_06634","GOBP_RESPONSE_TO_MONOAMINE"
"GO_BP_06642","GOBP_RESPONSE_TO_NICOTINE"
"GO_BP_06643","GOBP_RESPONSE_TO_NITRIC_OXIDE"
"GO_BP_06656","GOBP_RESPONSE_TO_OXYGEN_RADICAL"
"GO_BP_06657","GOBP_RESPONSE_TO_PAIN"
"GO_BP_06669","GOBP_RESPONSE_TO_PROSTAGLANDIN"
"GO_BP_06671","GOBP_RESPONSE_TO_PROSTAGLANDIN_E"
"GO_BP_06698","GOBP_RESPONSE_TO_TOXIC_SUBSTANCE"
"GO_BP_06704","GOBP_RESPONSE_TO_TYPE_I_INTERFERON"
"GO_BP_06723","GOBP_RESPONSE_TO_ZINC_ION"
"GO_BP_06788","GOBP_RNA_DECAPPING"
"GO_BP_06793","GOBP_RNA_LOCALIZATION"
"GO_BP_06804","GOBP_RNA_TEMPLATED_DNA_BIOSYNTHETIC_PROCESS"
"GO_BP_06814","GOBP_RRNA_METHYLATION"
"GO_BP_06815","GOBP_RRNA_MODIFICATION"
"GO_BP_06829","GOBP_SCF_DEPENDENT_PROTEASOMAL_UBIQUITIN_DEPENDENT_PROTEIN_CATABOLIC_PROCESS"
"GO_BP_06830","GOBP_SCHWANN_CELL_DIFFERENTIATION"
"GO_BP_06841","GOBP_SECRETORY_GRANULE_ORGANIZATION"
"GO_BP_06851","GOBP_SENSORY_ORGAN_MORPHOGENESIS"
"GO_BP_06857","GOBP_SENSORY_PERCEPTION_OF_MECHANICAL_STIMULUS"
"GO_BP_06859","GOBP_SENSORY_PERCEPTION_OF_SMELL"
"GO_BP_06900","GOBP_SIGNAL_TRANSDUCTION_IN_ABSENCE_OF_LIGAND"
"GO_BP_06912","GOBP_SKELETAL_MUSCLE_ADAPTATION"
"GO_BP_06915","GOBP_SKELETAL_MUSCLE_CELL_PROLIFERATION"
"GO_BP_06938","GOBP_SMOOTHENED_SIGNALING_PATHWAY"
"GO_BP_06957","GOBP_SNRNA_TRANSCRIPTION"
"GO_BP_06958","GOBP_SNRNA_TRANSCRIPTION_BY_RNA_POLYMERASE_II"
"GO_BP_06981","GOBP_SPECIFICATION_OF_SYMMETRY"
"GO_BP_06992","GOBP_SPERM_EGG_RECOGNITION"
"GO_BP_07004","GOBP_SPHINGOMYELIN_METABOLIC_PROCESS"
"GO_BP_07043","GOBP_STEROL_HOMEOSTASIS"
"GO_BP_07047","GOBP_STORE_OPERATED_CALCIUM_ENTRY"
"GO_BP_07053","GOBP_STRIATED_MUSCLE_ADAPTATION"
"GO_BP_07059","GOBP_STRIATUM_DEVELOPMENT"
"GO_BP_07060","GOBP_SUBPALLIUM_DEVELOPMENT"
"GO_BP_07085","GOBP_SULFUR_COMPOUND_TRANSPORT"
"GO_BP_07099","GOBP_SYNAPSE_PRUNING"
"GO_BP_07144","GOBP_TELOMERE_MAINTENANCE_VIA_TELOMERE_LENGTHENING"
"GO_BP_07188","GOBP_TIGHT_JUNCTION_ORGANIZATION"
"GO_BP_07208","GOBP_TOOTH_MINERALIZATION"
"GO_BP_07230","GOBP_TRANSCRIPTION_INITIATION_AT_RNA_POLYMERASE_II_PROMOTER"
"GO_BP_07238","GOBP_TRANSEPITHELIAL_TRANSPORT"
"GO_BP_07270","GOBP_TRIGLYCERIDE_CATABOLIC_PROCESS"
"GO_BP_07294","GOBP_TRNA_WOBBLE_BASE_MODIFICATION"
"GO_BP_07297","GOBP_TRNA_WOBBLE_URIDINE_MODIFICATION"
"GO_BP_07328","GOBP_TYROSINE_PHOSPHORYLATION_OF_STAT_PROTEIN"
"GO_BP_07338","GOBP_T_CELL_DIFFERENTIATION_IN_THYMUS"
"GO_BP_07342","GOBP_T_CELL_MEDIATED_CYTOTOXICITY"
"GO_BP_07348","GOBP_T_CELL_SELECTION"
"GO_BP_07354","GOBP_T_HELPER_1_CELL_DIFFERENTIATION"
"GO_BP_07355","GOBP_T_HELPER_1_TYPE_IMMUNE_RESPONSE"
"GO_BP_07398","GOBP_VACUOLAR_LOCALIZATION"
"GO_BP_07486","GOBP_VIRAL_TRANSLATION"
"GO_BP_07489","GOBP_VIRION_ASSEMBLY"
"GO_BP_07503","GOBP_VITAMIN_TRANSMEMBRANE_TRANSPORT"
"GO_BP_07515","GOBP_WNT_SIGNALING_PATHWAY"
