"pathway","hallmark_genes","mapped_genes"
"HALLMARK_ADIPOGENESIS",201,176
"HALLMARK_ALLOGRAFT_REJECTION",196,140
"HALLMARK_ANDROGEN_RESPONSE",98,86
"HALLMARK_ANGIOGENESIS",36,31
"HALLMARK_APICAL_JUNCTION",201,174
"HALLMARK_APICAL_SURFACE",43,33
"HALLMARK_APOPTOSIS",160,137
"HALLMARK_BILE_ACID_METABOLISM",113,79
"HALLMARK_CHOLESTEROL_HOMEOSTASIS",75,66
"HALLMARK_COAGULATION",139,95
"HALLMARK_COMPLEMENT",191,141
"HALLMARK_DNA_REPAIR",148,134
"HALLMARK_E2F_TARGETS",200,187
"HALLMARK_EPITHELIAL_MESENCHYMAL_TRANSITION",200,174
"HALLMARK_ESTROGEN_RESPONSE_EARLY",199,165
"HALLMARK_ESTROGEN_RESPONSE_LATE",199,161
"HALLMARK_FATTY_ACID_METABOLISM",157,131
"HALLMARK_G2M_CHECKPOINT",198,182
"HALLMARK_GLYCOLYSIS",200,168
"HALLMARK_HEDGEHOG_SIGNALING",36,31
"HALLMARK_HEME_METABOLISM",190,168
"HALLMARK_HYPOXIA",199,169
"HALLMARK_IL2_STAT5_SIGNALING",195,162
"HALLMARK_IL6_JAK_STAT3_SIGNALING",88,69
"HALLMARK_INFLAMMATORY_RESPONSE",199,155
"HALLMARK_INTERFERON_ALPHA_RESPONSE",96,86
"HALLMARK_INTERFERON_GAMMA_RESPONSE",193,163
"HALLMARK_KRAS_SIGNALING_DN",197,105
"HALLMARK_KRAS_SIGNALING_UP",198,163
"HALLMARK_MITOTIC_SPINDLE",198,188
"HALLMARK_MTORC1_SIGNALING",202,184
"HALLMARK_MYC_TARGETS_V1",201,183
"HALLMARK_MYC_TARGETS_V2",59,51
"HALLMARK_MYOGENESIS",198,183
"HALLMARK_NOTCH_SIGNALING",32,30
"HALLMARK_OXIDATIVE_PHOSPHORYLATION",202,178
"HALLMARK_P53_PATHWAY",196,169
"HALLMARK_PANCREAS_BETA_CELLS",40,16
"HALLMARK_PEROXISOME",104,85
"HALLMARK_PI3K_AKT_MTOR_SIGNALING",105,90
"HALLMARK_PROTEIN_SECRETION",97,90
"HALLMARK_REACTIVE_OXYGEN_SPECIES_PATHWAY",50,42
"HALLMARK_SPERMATOGENESIS",133,77
"HALLMARK_TGF_BETA_SIGNALING",54,49
"HALLMARK_TNFA_SIGNALING_VIA_NFKB",199,168
"HALLMARK_UNFOLDED_PROTEIN_RESPONSE",113,99
"HALLMARK_UV_RESPONSE_DN",144,136
"HALLMARK_UV_RESPONSE_UP",157,135
"HALLMARK_WNT_BETA_CATENIN_SIGNALING",42,33
"HALLMARK_XENOBIOTIC_METABOLISM",206,137
