"symbol","statistic"
"Il6",5.94979059597667
"En1",5.84903586050101
"Bcl3",5.6553937319235
"Cidec",5.43627796721622
"Cdhr5",5.15953134947691
"Abca12",4.88678021374487
"Cldn7",4.78984478392114
"Pdyn",4.71641652685317
"Gzmb",4.5957538170656
"Grifin",4.58581366265083
"Sstr3",4.5413598419469
"Fmo9",4.37464531809675
"Mlph",4.33515477093339
"Padi3",4.3007606443799
"Il18rap",4.29373655300676
"Csf2rb",4.14385919296521
"Sstr4",4.13513134530655
"Dennd2c",3.96689480162578
"Serpinb2",3.93862840834216
"Itgal",3.83471025739501
"Bard1",3.772436556642
"Spi1",3.76916768613114
"Slc11a1",3.72457794967239
"Il1rl1",3.67331395119135
"Ccnf",3.63445903887641
"Lmx1a",3.62715454506698
"Nlrc4",3.61175056874379
"Steap1",3.55563581310611
"Scube2",3.53387808218731
"Gprc5a",3.46802483681486
"Znf773",3.45058583620849
"Grm5",3.35713517590322
"Tmem61",3.34555993886942
"Kif22",3.34193089498241
"Pou2f2",3.2911058960887
"Adgrd1",3.19997867735958
"Chrna1",3.16268352160835
"Tifab",3.15551883657127
"Cldn23",3.13642623256304
"Crybg1",3.07740343205288
"Rbpjl",3.07358901358371
"Mlxipl",3.07150553636793
"Grm1",3.06543882302565
"Psd4",3.06293193662644
"Dapp1",3.05925240467568
"Igsf23",3.05829164503333
"Fes",3.02454218187843
"Ydjc",3.02168529555214
"Plch2",3.01620835173225
"Anxa3",3.00917810750258
"Prlhr",3.00676946891647
"Vwa3a",3.00634574240776
"Lat2",3.00328625058468
"Pcdh15",2.9597216726468
"Dnmt3b",2.94022648428052
"Angpt4",2.92262445761687
"Zkscan2",2.90705781326829
"Ccdc69",2.88272062327007
"Wdfy4",2.86134474065617
"Ciita",2.81019285505182
"Prc1",2.8044815968303
"Mycl",2.77589071738759
"Marchf1",2.75023055430951
"Cd22",2.72613378695045
"Rsph10b",2.72160183496272
"Ripk3",2.69579539107595
"Mcm10",2.67336056272165
"Havcr2",2.66849817088514
"Abca17",2.65842983687264
"Tpx2",2.65116441034621
"Neurod4",2.64998891374172
"Ppp1r13l",2.63545372682185
"Ckap2",2.6256851357299
"Cxcl1",2.62384751958082
"Hcls1",2.6231364473877
"Cyp27b1",2.58264799851796
"Aox2",2.55468618397485
"Vsig1",2.54314388902188
"Hdc",2.53820063574061
"Lmcd1",2.53415370836441
"Ccrl2",2.5165860021985
"Gja4",2.51021830093583
"Atp8b4",2.49993076217011
"Chrm3",2.48663165676618
"Klhl6",2.48538081941923
"Ajap1",2.47305763093726
"Tcim",2.47209191307278
"Sting1",2.47189218344168
"Tmem86a",2.47053108333092
"Lnp1",2.46269450862975
"Dsc2",2.45818224862968
"Hook1",2.42150351695564
"Kif18b",2.39448896043869
"Tmem273",2.39052678918426
"Pmfbp1",2.38872834544362
"Tlr7",2.38423659089748
"Cabp2",2.37935486076209
"Cfap54",2.37099388626022
"Cebpa",2.36483889495196
"Knstrn",2.35753923799612
"Hmx1",2.3432020758592
"Pttg1",2.33404525839421
"Sh3bp1",2.33367946495294
"Fblim1",2.32922130429679
"Plcg2",2.31822472215759
"Slc1a6",2.31320446449348
"Tbxas1",2.31056600765795
"Lrrc25",2.3050968998529
"Zyg11a",2.30259170875335
"Cmtm2b",2.30127115004631
"Cst7",2.29217359835702
"Tlr13",2.28371524635237
"Pik3r5",2.24794641540705
"Lrrc7",2.24362400593341
"Tmem119",2.23100198015239
"Cyp4b1",2.22920139511777
"Vom2r16",2.22432336749278
"Cym",2.22188312796513
"Cysltr1",2.21922836143306
"Card11",2.21517894323477
"Trpv4",2.20803052319419
"Hormad2",2.20524672541788
"Gabrb1",2.20357166514412
"Acvr1c",2.18988832007344
"Scimp",2.18810169673343
"Timeless",2.15821009530987
"Ttll9",2.14551737770464
"Cd180",2.12391466460112
"Rbbp4l1",2.10346029995544
"Lratd1",2.09727096292313
"Htr1f",2.09510511090623
"Map3k6",2.08471262036024
"Gucy2d",2.07735053406577
"Clec2d2l1",2.075835758304
"Apoh",2.06396361226962
"Bin2",2.05551783821205
"Tagap",2.05451301897506
"Slc16a10",2.03959409449245
"Il18r1",2.03911149777103
"Ggt1",2.0260789324709
"Cd28",2.02350584671908
"Higd2al1",2.02023508746258
"Itih4",2.0152214603994
"Olr59",2.01045306918017
"Dnaaf3",2.00323863489132
"Ciart",1.99946892462953
"Zfp786",1.99896007753847
"Top2a",1.99014168239904
"Grhl1",1.97851884510807
"Nrl",1.96917041119255
"Cenpf",1.9659592859038
"Rhoh",1.93350610066885
"Naprt",1.91620834956936
"Gpr101",1.91377202478924
"Greb1",1.9134692437237
"Nfam1",1.89993937272206
"Pmaip1",1.88908900671789
"Klra2",1.88867873891749
"Traip",1.88740941783015
"Rgs16",1.88630287824389
"Psrc1",1.86894762731973
"Adrb1",1.86570839889419
"Dnah2",1.86457730196034
"Cdk18",1.86162820153629
"Odf1",1.85746732937663
"Pkd1l1",1.85264177819435
"Cep41",1.83568547339385
"Lctl",1.83030206235959
"Sla",1.82662252965424
"Slco4a1",1.81744616508571
"Cmtm2a",1.81090441878575
"Galnt15",1.80751456799093
"Atad5",1.80625746801138
"Tnfsf13b",1.80459017746821
"Sycp2l",1.80048376101817
"Itih3",1.79801773565677
"Hes7",1.79018959422154
"Cracr2a",1.75729543487523
"Map10",1.75604217473871
"Plk1",1.7532148364087
"Rhag",1.74570513574513
"P2ry6",1.73942496558241
"Gvin1",1.73893439143472
"Pkhd1",1.73342064088963
"Myo7a",1.72419238195478
"Myo1f",1.72275089186385
"Bhlhe22",1.70410066704925
"Spata24",1.69804952023038
"B3gnt7",1.68961371724009
"Hsh2d",1.66870359778139
"Rbm47",1.66755085697706
"Cacnb2",1.66736180035494
"Kcnk13",1.65906471866313
"Vom2r19l1",1.65437855753463
"Rpl36l3",1.65121377775662
"Tmem116",1.65070379046065
"Stxbp2",1.64963976178995
"4930438A08Rikl",1.64856785793289
"Pla2g1b",1.64530058159687
"Arhgap33",1.64373398814961
"Tfcp2l1",1.63555462034463
"Epha10",1.62433134551146
"Nox4",1.6240140601987
"Cd86",1.62186309179586
"Grem1",1.62176518036211
"Fyb1",1.62175167168328
"C3ar1",1.61944094253288
"Rspo3",1.61699322801933
"Fam178b",1.61213564473755
"Snai2",1.60906951770245
"Dennd3",1.60469561830517
"Slc6a9",1.60149668117282
"Mei4",1.59722739106041
"Xkr5",1.59588343986663
"Bco1",1.59413292488592
"Kif11",1.58732410233294
"Slc43a1",1.58126697669668
"Clca5",1.57994423572104
"Fgd2",1.57888228650154
"Pik3cg",1.57613824049349
"Mefv",1.57600283585252
"Il1rl2",1.56329545956474
"Ripk4",1.56297263037542
"E2f7",1.556253545762
"Fgr",1.54917642907269
"Ppef2",1.54747357036737
"Aldh3b3",1.54568885562937
"Trim50",1.54164563619391
"Traf5",1.53420678045522
"Il21r",1.53272496007036
"Tdrd5",1.53112779843959
"Zfp366",1.52792401595387
"Mybl2",1.5273661482616
"Zpbp",1.52522092685364
"St14",1.52308149494933
"Pla2g4a",1.51916976170727
"Sec14l3",1.50917178616187
"Iqgap3",1.5089498682342
"Ccl7",1.5039148775025
"Azgp1",1.50347283104428
"Mlkl",1.48499712770079
"Mepe",1.48278435967714
"Plch1",1.48241955737028
"Bco2",1.47318054537323
"Btc",1.46621948224444
"Cdc6",1.46607069831349
"Slc7a15",1.46371131109065
"Avpr1a",1.46268356230201
"Asgr2",1.45264438418217
"Scnn1a",1.43467870987115
"Glis1",1.43450453217549
"Sapcd2",1.43007967564816
"Zdbf2",1.42469887617764
"Gpr84",1.4192993277986
"Or7c19",1.41613585765611
"Snx20",1.41126254980839
"Apoc3",1.40912856686652
"Saxo4",1.40779566620939
"Syt16",1.40276994648432
"Flt4",1.40089747217335
"Vdr",1.39998762161788
"Vwc2",1.39742277269541
"Spata31d1",1.39061377048154
"Slamf8",1.39004688991899
"Rbm44",1.38928499647401
"Itk",1.38725149895853
"Abcb11",1.38573021945265
"Wnt5b",1.3836969851671
"Ccdc40",1.37944952826202
"Napsa",1.36864256536823
"Plppr1",1.36157273828341
"C9h6orf132",1.35951784837032
"Nipal4",1.33814528664867
"Adm",1.33763640502127
"Arl11",1.33707177233211
"E2f8",1.33579119580701
"Lilrb4",1.33519881309951
"Ca9",1.32846771900237
"Tbc1d21",1.32599989445388
"Icos",1.30979209704372
"Gas2l2",1.30883060640763
"Cd200l1",1.30729351474667
"Rubcnl",1.30256053436285
"Magec2l1",1.2992621557592
"Tasl",1.29441783927923
"Mcoln3",1.29393732625414
"Gsdmdl1",1.2932738254904
"Vwce",1.2914123827434
"Sh2b2",1.28505798404817
"Mmp9",1.28286354940972
"Ankrd48",1.28048888830047
"Adra1d",1.27920833561026
"Bmx",1.27638437487514
"Ak9",1.27223828869999
"Arhgap30",1.26872667868282
"Krt76",1.26287676539874
"Gpr45",1.25974485729541
"Cd69",1.25899451575691
"Lpcat2b",1.25633623546573
"Pheta2",1.25559101620487
"B3gnt6",1.25522379539256
"Nlrp1a",1.2532027487375
"Or52e19",1.25201277904332
"Tlr9",1.24510753690189
"Lmnb2",1.24236808382368
"Syce3",1.23767858603706
"LOC120097291",1.23469022455749
"Arhgef38",1.23252372075032
"Ssuh2",1.2286577676612
"Als2cl",1.22810803520956
"Dlx1",1.21870951804039
"Fgf5",1.2145270503693
"Poc1a",1.21091054907574
"Lrg1",1.21050215168264
"Cck",1.21025728837113
"P2ry10b",1.20049071711514
"Mov10l1",1.20043549583464
"Hpgd",1.2000191325993
"Rttn",1.19669326601954
"Was",1.19559580169406
"Cd33",1.19534650342941
"Arsj",1.19383921560006
"Nlrp3",1.18995143717849
"Bmp5",1.18980615582659
"Tmem71",1.1883812275798
"Slc22a18",1.18702547184242
"Bmp3",1.18697086417585
"Lpin3",1.18657353886991
"Cr2",1.18597873681847
"Fam110d",1.18381413036682
"Cfap46",1.17999772348273
"C2h4orf17",1.17209382907271
"Arid3b",1.16791708723301
"Il23a",1.1663821882717
"Cd36l1",1.16577737196268
"Opalin",1.16362468293382
"Cacng8",1.16193693849416
"Tmc3",1.16028971529385
"Hal",1.15944664379361
"Gbp4",1.15691977660388
"Mcm3",1.15394250125835
"Cyp2j4",1.15331036308493
"Begain",1.1508005501725
"Cnksr1",1.1488013695935
"Fam53a",1.14616751277695
"Kcnh4",1.14429517878805
"Rprml",1.14347110120232
"Gckr",1.14162184548605
"Klrk1",1.14078225946944
"Ccnjl",1.1390639638818
"Syt13",1.13795869570807
"Kcp",1.13341530100882
"Slc6a5",1.13188115503055
"Rin1",1.13093295370019
"Megf6",1.1308462074605
"Tnfaip8",1.12895254431939
"Cyp4a8",1.12772390506663
"Zbtb8b",1.12592648416997
"Rorb",1.12367347270352
"Il1r2",1.12303850417344
"Tbx1",1.12290920428312
"Ncaph",1.12211999884033
"Cers3",1.12009102270592
"Gemin7l1",1.11785829288927
"Procr",1.11752723410785
"Vegfc",1.11463833520324
"Wnt3",1.11256012452166
"Mmp8",1.11219856986715
"Clspn",1.10761289904595
"Mnda",1.10597084567483
"Tmem37",1.10553913703837
"Tlcd2",1.10503606520602
"Gapt",1.10402650187147
"Itga2",1.10369747720236
"Nle1",1.09760119235591
"Birc3",1.09715093259162
"Rem1",1.09254982801773
"Cfap91",1.08779739166772
"Rnf144b",1.08773466168005
"Otogl",1.0818440451252
"Syk",1.08154598099223
"Coch",1.08000360213467
"Ccdc190",1.07944168535305
"Il1rn",1.07726583236388
"Slc12a8",1.07592442625047
"Cpg1",1.07394146155616
"Gsdma",1.06830774647635
"C5ar2",1.06467780814894
"Tcf7",1.06463636274213
"Bhmt",1.06294878565018
"Spns3",1.06238284751786
"Kirrel2",1.06061001383913
"Tfr2",1.0577203978121
"Sntg2",1.05613820853241
"Btk",1.05313662242842
"Ung",1.05181741167407
"Rdh8",1.04996468984598
"Hfm1",1.04954250253548
"Ttpa",1.04873183031919
"Rgs22",1.04841214383043
"Echdc3",1.04643495253148
"Csf3r",1.04601877967311
"Cep55",1.04529638335452
"Ctse",1.04384402189814
"Ccl11",1.04304720601621
"Duoxa1",1.04183807453755
"Axdnd1",1.03880677539709
"Lsmem1",1.03516538607257
"Ankk1",1.03394864071052
"Gimap5",1.03364580406792
"Ttc12",1.03192859464323
"Wfikkn2",1.03144460373028
"Mesp2",1.0283762680461
"Myh15",1.02739128464622
"Trim80",1.0272780786809
"Hydin",1.02205278011595
"Tbc1d10c",1.02121438928474
"Trank1",1.01985601544132
"Kcnmb3",1.0195041690292
"Serpinb10",1.01881876988991
"Nagpa",1.01586704744595
"Cfap45",1.01574721699126
"Hif3a",1.01019219313838
"Prkcg",1.00804232633685
"Efna2",1.0067926748388
"Lrrc38",1.00336380719432
"Endou",1.00296011449455
"Cdk1",0.996868069516191
"Mecom",0.994635407344295
"Ifgga4l",0.993523628854619
"Npffr2",0.992004083819336
"Igf2bp2",0.990196928112734
"Tlr1",0.985823214404725
"Crnn",0.985814661317188
"Dctd",0.98572364970153
"C3h9orf50",0.982287660692622
"Slc27a5",0.980754251801564
"Tnfrsf26",0.980481672818911
"Cxcr5",0.977521336308846
"Rbl1",0.973809500409045
"Arhgef33",0.972225682993719
"Acbd5l1",0.970079183252143
"Il20rb",0.968832602784057
"Irak2",0.968276721067161
"Aunip",0.967946087748461
"Ddias",0.963100014515641
"Ube2t",0.960582551405584
"Rpl35l1",0.960379119694339
"Icam5",0.957926202288951
"Dync2i1",0.957348080670396
"Dcx",0.953590354480488
"Wnk3",0.952567623080961
"Gp6",0.951620183708702
"Klhl35",0.94849004771248
"Wdr17",0.943995680768472
"Sh2d4a",0.943955181773077
"Slc7a12",0.942078325829567
"Scrn2",0.939612014348689
"Cd5",0.938065155040468
"Fam167b",0.936547855702684
"Card6",0.930583137182368
"Lrrc78",0.92900107498203
"Upp1",0.928143821753594
"Ncf4",0.927964504426699
"Dlgap2",0.925510059364964
"Ccdc77",0.925493901830949
"Stpg2",0.925284986453937
"Clec2e",0.925123677306238
"Pde4c",0.923983455023579
"Mei1",0.923560201054977
"Clec4a2",0.919205782440212
"Vipr2",0.919107908180181
"Melk",0.91809249876714
"Sema3a",0.91497196518083
"Afg1l",0.912006652335576
"LOC120097197",0.911769373779898
"Ttc39d",0.910625134506931
"Nek8",0.908177047558249
"Rdm1",0.90667643887865
"Nol8",0.904529576927996
"Scarf2",0.9043450275802
"Tle2",0.902099021430347
"Kcnk16",0.899865654395942
"Magee2",0.899806317044806
"Mmp21",0.891127399668794
"Serpinb6b",0.890159618649887
"Ch25h",0.889446452744879
"Zfp772",0.887073644235685
"Troap",0.886684393488915
"Fam169b",0.88472448028644
"Hhex",0.881477459549847
"Wnt4",0.878136105201177
"Epx",0.874418083074399
"Btla",0.870279069159079
"Cps1",0.869825504208065
"Cep72",0.866971827908097
"Il2ra",0.858859317488626
"Tgm7",0.856106777221388
"Alkbh2",0.850721248741224
"Kif4a",0.850020642521082
"Foxp4",0.848602213956682
"Spmip5",0.848247309000838
"Nemp2",0.846273366261148
"Sppl2c",0.845498977030306
"Spata31g1",0.845274735014898
"Il18",0.844698324620561
"Zfp764",0.843462990756109
"Trhr",0.836435644218595
"Exph5",0.835392924140598
"Or52b1",0.832459357308769
"Cmtm8",0.828399555991798
"Rasa4",0.827099825429888
"Rrad",0.823348046563992
"Gpc2",0.820640796685093
"Cd6",0.814993509498252
"Tmem144",0.812886342271023
"Gimap7",0.812738375769021
"Nol4",0.812142173798156
"Cd200r1",0.811112739698005
"Rgs14",0.803941980424592
"Klrc2",0.802430211162981
"Cldn16",0.799393891617775
"Tmprss4",0.798268144672421
"Olr1",0.798207743428246
"Fam110a",0.797312793699805
"Twist1",0.794141211306992
"Hcrtr1",0.790596528076738
"Prdm1",0.788633215896053
"Atp2c2",0.78232065582254
"Map3k8",0.78118656100355
"Irx2",0.77928970685012
"Apobec3",0.779181512516665
"Sytl1",0.778609098851133
"Sec16b",0.778016848376945
"Arsi",0.777937374080918
"Rhbg",0.777507825980432
"Ccdc170",0.773777175424052
"Gmnc",0.773554265342631
"Vom2r53",0.773384434345233
"Il5ra",0.768994213922053
"Ackr2",0.764917605900491
"Kazald1",0.764450615197368
"Trim10",0.763726459667097
"Pdc",0.758060096913805
"Tha1",0.751235489593802
"Ppp1r42",0.750327065299493
"Ppp2r1b",0.748459610421107
"Nedd1",0.746780426861094
"Slc17a9",0.745907444694246
"Selp",0.744060553331819
"Cd40",0.742986154457368
"Them7",0.741795681994491
"Nts",0.740540560949801
"Akap3",0.734707459459194
"Ermap",0.732665930823255
"Cryaa",0.730476390246693
"Sgo1",0.73042227588639
"Tdrd6",0.725333501033127
"Clec14a",0.724870193343149
"Nfkbiz",0.724383128647
"Tm4sf4",0.723678747120652
"Cpsf4l2",0.723179573586781
"Osr1",0.722225925077117
"Oscar",0.717951632793547
"Clec2d2",0.71721743252314
"Sell",0.716900383989461
"Asb5",0.716807680636305
"Prorsd1",0.716398717998414
"Rho",0.714613410626969
"Ccdc120",0.713074963760614
"Adam1b",0.710864909361796
"Slc17a4",0.709998584201362
"Eloc-ps4",0.70813655770425
"B3gat1",0.707955336411783
"Siglec5",0.70726896897402
"Extl1",0.706572903282494
"Maff",0.703299018724302
"Slc6a7",0.70299135784916
"Aldoart2",0.701769819095492
"Mical2",0.699499091936827
"Mettl21c",0.696072782278228
"Dchs2",0.692990001732497
"Spata31d3",0.691383016300043
"Sectm1a",0.686712689668592
"Nat1",0.685163665069168
"Slc23a4",0.68454110250796
"Ngf",0.682241218768774
"Or52ac1",0.680258063699384
"LOC134483393",0.674905935489328
"Dusp2",0.674614460917252
"Ubd",0.674110427166829
"Hmgb2l1",0.672132705120186
"Actl7a",0.670064263780813
"Cyp11b2",0.669833803707003
"Slc1a5",0.669249807333567
"Smtnl1",0.668791859021228
"Klf1",0.667442771890984
"Depdc1",0.666633943873325
"Hunk",0.66545614210939
"Cd2",0.664879911810337
"Oas2",0.660181169289388
"Knl1",0.659171301570715
"Rpl31l2",0.658923126498221
"Gpr132",0.658731304136514
"Slc2a4",0.658309844642465
"LOC100911093",0.657339951119542
"Chrd",0.656267985719614
"Ptgs1",0.654702274217182
"Kif2c",0.654241473880283
"Rps15al7",0.65392815329978
"Cbln3",0.653373649494679
"Slc9a2",0.652390628340705
"Stk32b",0.652328119674544
"Nuf2",0.651772091857571
"Wscd2",0.649762735269656
"Epgn",0.649067914166746
"Dlx5",0.64842582990132
"Foxc2",0.647383558167736
"Kcng4",0.647353585226875
"Pomc",0.645848484255536
"Mfsd4b3",0.645080396673865
"Dchs1",0.644262944150795
"Mcoln2",0.639133247990732
"Ptgs2",0.638570957070729
"Lmnb1",0.637610463475225
"Exoc3l2",0.635260625437772
"Pabir2",0.634980749492439
"Alox15",0.634482300863017
"Cdca2",0.630445383511256
"Pm20d1",0.629922979243713
"Capsl",0.629486066991846
"Agr3",0.628408455352804
"Gabre",0.628203225807332
"Nrbf2l1",0.628131694747777
"Tmem35b",0.627864472493681
"Tnfrsf8",0.627599180647264
"Depdc1b",0.62714170783955
"Slc10a4",0.626196614848769
"Prdm6",0.625885251445737
"Sh3tc1",0.625684677633809
"Eva1a",0.619332822153669
"Cdc42bpg",0.619061865244723
"Otub1l1",0.618875255524632
"Myocd",0.61812851166499
"Susd5",0.617715134185679
"Cdca7",0.616324639625257
"Apoc4",0.61412990700505
"Fndc8",0.610127091610645
"Pnoc",0.609332776229835
"Ucma",0.608661687688066
"Aspg",0.60808817257896
"Trim47",0.607260761566884
"Mnd1",0.606542931973343
"Zfp568",0.605840534503971
"Slc22a2",0.603091578185901
"Grhl2",0.602205610431385
"Alox5",0.601758818316347
"Lin9",0.598352476386273
"Anks4b",0.598169779061327
"Sall1",0.597506546996384
"Nppb",0.597161417006473
"Nfatc4",0.596480412665051
"Slamf6",0.595616564305702
"Cblc",0.595135848065646
"Neil3",0.594941166199231
"C20h21orf58",0.592129725938291
"B430306N03Rikl",0.591985756301593
"Cnih3",0.589614553686042
"Cdc7",0.586136776435529
"Ccdc116",0.585662529220802
"Hlx",0.585123008325773
"Zscan2",0.583744795287962
"Batf3",0.582333963115981
"Topaz1",0.581650510259699
"Slc22a6",0.581162561191187
"Tmem89",0.580208220911995
"Slc35g3",0.579903925785536
"Lrp2bp",0.579069681879995
"Snora81",0.578443318066501
"Fxyd4",0.577281923001564
"Clec4a",0.577271638784241
"Polm",0.575968113114023
"Fut7",0.575225024767993
"Dipk2b",0.573508377789548
"Slitrk6",0.572300024255475
"Smco4",0.571208222637476
"Cfap96",0.565468978477193
"Prr29",0.563766978171994
"Ulk4",0.563358033672026
"Irx3",0.561339845884473
"Lck",0.559987549834919
"Fosb",0.55947346118249
"Tbx6",0.555391767035382
"Trim29",0.554874443383456
"F2rl1",0.553893333174947
"6030498E09Rikl",0.552484407653514
"Rbbp8nl",0.550276103095978
"Zfp316",0.546637218536769
"Etnppl",0.545969548841368
"Ndufb11b",0.545062266442743
"Zfp945l1",0.542837495665295
"Tm6sf2",0.539728387067172
"Akr1c14",0.538988086749769
"Tnfsf9",0.530430850073615
"Pawr",0.530260360162165
"Scml1",0.529697468661813
"Klhl30",0.523025874690294
"Rpp25",0.522150932245159
"Proser2",0.522064952872415
"Aldh3a1",0.519685965478967
"Cfap43",0.518629201458788
"Guca2a",0.517532117315885
"Glis3",0.515870326796783
"Cryge",0.514318650144263
"Acsm1",0.511582833042754
"9030612E09Rikl",0.509057004526826
"Apob",0.508876065929993
"Exo1",0.507957807330388
"Or7d12",0.507938635620905
"Slc25a18",0.507516123300222
"Gys2",0.507398951568465
"Fam110c",0.505623023019867
"Echdc2",0.502454727984577
"Sycp2",0.499744665824714
"Dntt",0.497633927506621
"Srpx2",0.497029309103228
"Tbata",0.496850401351449
"Cthrc1",0.495524701331515
"A630010A05Rikl",0.494753950141709
"Armc2",0.492546537046268
"Osm",0.490847776622784
"Mapk13",0.490522668059926
"Aqp4",0.489619535856006
"Slc52a3",0.489563892242256
"Tlr6",0.489298135962995
"Birc5",0.486200196139266
"Npr1",0.485303378038634
"Cmah",0.485236094532484
"Ctla2a",0.483827931860633
"Chit1",0.482148520060782
"Riiad1",0.481476758233509
"Cgas",0.481084208484642
"Rbpms2",0.47932140471523
"Gcgr",0.474814704672684
"Lrrc8e",0.474488043997395
"Pars2",0.47406834976307
"Crocc",0.471011771709551
"Wdr4",0.470363390607468
"Crhbp",0.469834695813958
"Kif6",0.46975335532461
"Fscn3",0.469595127677179
"Bhlha15",0.469033199294189
"Agtr1a",0.468856818314073
"Blk",0.468415367583745
"F5",0.468346257273701
"Epcam",0.467942298238761
"Asf1b",0.467656985428259
"C15h14orf93",0.467353707971014
"Wscd1",0.466765896845641
"Gbp3",0.465813762488897
"Slfn1",0.465737121369644
"Nlrp10",0.46527128944254
"Fam83g",0.464651220063968
"Mmp12",0.462832331802624
"Bmp7",0.461708688835061
"Egfl6",0.46068697000269
"Acvrl1",0.460177416301884
"Npy5r",0.458720106852575
"C5h1orf94",0.458714317805104
"Pak6",0.458007125708467
"Hnrnpa1-ps20",0.456736688498221
"Tmem132d",0.456636724414308
"Pacrgl",0.456433552169981
"Rspo1",0.455670327225801
"Slc2a2",0.448804073113418
"Wnt10a",0.445021870919122
"Epyc",0.442229925295825
"Bmper",0.441645383555528
"Rgs20",0.441404053067496
"Zfp764l1",0.441340912543866
"Spn",0.440191726949309
"Hapstr2",0.438100927194284
"Prr5l",0.435293898525578
"Nipal1",0.433441672181103
"Rab11fip1",0.42764869873527
"Nkain3",0.426600816747816
"Kif24",0.424965673500966
"Rapgef3",0.424085156399099
"Gja5",0.422542883465542
"Trim69",0.422130881221125
"Zc3h12d",0.421883057570447
"Dus4l",0.420901464877089
"Garin2",0.42038489384919
"Itprip",0.420383609737802
"C1qtnf7",0.417901179132863
"Rps3l1",0.416542444424177
"Fndc10",0.415885363026912
"Il20ra",0.41524068412396
"Fam187a",0.414673268098116
"Atp1b4",0.413663115034022
"Cubn",0.412378247329047
"Abcg5",0.407885594627249
"Ascl2",0.407335860758156
"Efcab10",0.405402278419273
"Neu2",0.404560234119069
"Cftr",0.403970000606894
"Tmem156",0.403328955512525
"Epor",0.402258673902001
"Mdfi",0.401095805536196
"Gipr",0.400609018614973
"Albfm1",0.400101901427497
"Tekt1",0.399583163760459
"Tas1r1",0.399115069824803
"Tmie",0.397135158005534
"Lipt2",0.39706938774016
"Brinp3",0.397001445770533
"Ror2",0.396558159438123
"Odad1",0.395550750351207
"Tekt4",0.387955012313223
"Kif14",0.38581339142831
"Llgl2",0.385731009470803
"Tmem215",0.385126660443898
"Shcbp1l",0.380943659126851
"Ttk",0.380717121045124
"Slco1c1",0.379829234891474
"Cby2",0.378153583623581
"Prr32",0.377824225114685
"C5h8orf89",0.376045077717936
"Kifc1",0.374683430062454
"Ace2",0.3727621022096
"Acer1",0.371467965014752
"Myo3b",0.370732467681282
"Ccnb1",0.369415144805121
"Tnfrsf11b",0.366493942245809
"Tnfrsf9",0.366463044381261
"Or51e1",0.366021714133156
"Magea13",0.365388063705069
"Zfp286a",0.362200461848478
"Tmprss7",0.36173179393535
"Mos",0.361255619746842
"Tectb",0.354208190582477
"Rassf9",0.353482510836159
"Tpsab1",0.352392232370404
"Rab19",0.352301104799763
"Nr4a3",0.351781039380303
"Dsn1",0.349665522573694
"Igsf9",0.347111702841708
"1700029M20Rikl",0.346414717936356
"Frem1",0.344495386746859
"Tm4sf19",0.344149696084917
"Spdya",0.342800849136783
"Cd101",0.339980968541069
"Mzf1",0.339934035560199
"Gabrr1",0.338410305105847
"Fndc7",0.336530135457057
"Rnf152",0.336112790311243
"Hnmt",0.336003144817624
"Zfp84",0.334739571982255
"Msx3",0.331762604469898
"Lrrc74a",0.329692603782294
"Atp5mc2l2",0.328370007804189
"Elocl1",0.327096405100708
"Rps18l2",0.325274317779256
"Rps15al2",0.324970687364148
"Apom",0.324442182398608
"Fap",0.32427834370556
"Tfpi2",0.324208706897423
"Snai3",0.323559526893617
"Isg20",0.321720405221841
"Catip",0.321126617849672
"Nyx",0.318346051204302
"Pjvk",0.316583947870913
"Sox12",0.315714455477563
"Lrpl1",0.315605204470669
"Ankle1",0.313796339675714
"Itga10",0.313717462314574
"Rnase13",0.313667516305929
"Rps18l5",0.312876598068861
"C8h11orf65",0.310459090881887
"Pask",0.308034477288586
"Zfp791",0.30611297342228
"Nfe2",0.303838739820204
"Rspo4",0.30345659790243
"C18h18orf63",0.30148932093519
"Ubxn10",0.296886015257231
"Aadat",0.294872339749967
"Sash3",0.294546008662285
"Znf354b",0.294066120929296
"Col26a1",0.293993666946857
"Esco2-ps1",0.29013777989542
"LOC100360933",0.288615461801876
"Ros1",0.288329249082933
"Nxnl2",0.287229414826114
"Parp16",0.283393095501326
"Htr5b",0.282443672804474
"Pigo",0.282318263381886
"Prf1",0.281956839997104
"Fst",0.280834489926716
"Foxf1",0.278475072678357
"Mettl17",0.278120180833598
"Scnn1g",0.27726312202631
"Epsti1",0.277004239642603
"Retnlg",0.276578590513517
"Gucy1b1",0.276004633582262
"Shisa6",0.276002180482552
"Acr",0.275299795011878
"Optc",0.273339602084961
"Mthfd2l",0.271941791667973
"Tmem38b",0.271436190598677
"Krt20",0.271264748440375
"Hk3",0.269144851589655
"Cyp4f4",0.267183482357175
"Krt10",0.264848378289714
"Wdr86",0.264583166023426
"Agr2",0.262934274357927
"Arhgef5",0.261582272005656
"Baiap2l2",0.261411964180483
"F12",0.258511937969525
"Tsks",0.257874031529326
"Sfrp2",0.257534059542177
"LOC102557137",0.256785011647831
"Prrx2",0.256678390637308
"Pou1f1",0.256654258113481
"Rnls",0.25617507015298
"Gdf10",0.253238163458033
"Cd19",0.252259496172846
"Gli2",0.247975792893552
"Tlr2",0.247568686373055
"Rps27l3",0.246125955117083
"Adamts18",0.243518082351687
"Casq2",0.243437579504448
"Meioc",0.24245570339287
"Trhde",0.241676227193534
"Shcbp1",0.241240297702319
"Ccl4",0.239873640914825
"Irf4",0.239856013826053
"Gen1",0.239331371366844
"Kif18a",0.238130291592073
"Pdzph1",0.237403040191473
"Mrgprb3",0.234109335902368
"Gzmm",0.233276904132081
"Hsf5",0.232191793184036
"Scgb1d2",0.229364188492821
"Hgd",0.228910412284251
"Lgr6",0.227852692014489
"Mansc1",0.227108912183805
"Dlec1",0.227086870895822
"Vxn",0.225594499240884
"Rad51b",0.225144448512399
"Frk",0.223218763905726
"Ankrd34a",0.222178108562429
"Tnni1",0.221268295793034
"Tgm5",0.219957431632271
"Slc38a3",0.218517250675929
"Ndufa13-ps1",0.217711646635786
"Cd1d1",0.215624312462939
"Fbxo5",0.215333309763479
"Matn4",0.209862766439979
"Glyctk",0.209760300893406
"Neil2",0.208541117917855
"Ube2c",0.208327069043629
"LOC134480898",0.208227028228962
"Slc1a7",0.206934448511732
"Ftl1l1",0.206924351275068
"Mak",0.203855272809809
"RT1-DOa",0.200556770916755
"Ptpn18",0.198135759039388
"Cdcp1",0.197037374940076
"Tceal7",0.19627859469089
"Zfp541",0.19545799454708
"Bcl11a",0.195211083664615
"Lilrb2",0.194658307773214
"Il9r",0.193738869965315
"Ndnf",0.191235527976712
"Siglec1",0.189357147236351
"Dsg3",0.189236919487558
"Apcdd1l",0.184188274164098
"Slc15a1",0.184168324265141
"Bmp4",0.183431985043457
"Ankrd33",0.182405190500416
"Hcar1",0.181568437169528
"Olfm3",0.181329737444884
"Xirp1",0.180777637294141
"Osgin1",0.18001007253294
"Gfra4",0.178516368545222
"Ubap1l",0.176438086955464
"Gabrr2",0.175670719028771
"Cd52",0.174765993916235
"Slc19a3",0.174589565175608
"Sucnr1",0.174301690132266
"Egf",0.174132260279359
"Astl",0.173940615780453
"Deup1",0.169674211091048
"Rps13l1",0.169595951272307
"Pkp3",0.169471363782225
"Trem2",0.166683338959371
"Prss35",0.166419240386787
"Ttc6",0.165881585746575
"Slc5a5",0.163854777401437
"Kmo",0.162285072915049
"LOC120096111",0.160897175149633
"Plxdc1",0.160461371700626
"Fhip1a",0.15970573429056
"Ptx3",0.157936376551835
"A2ml1",0.157462600701568
"RT1-DOb",0.15709151733788
"Rhod",0.154042209626085
"Zic5",0.151317092737131
"Atp6v1b1",0.149824126002078
"Gpr152",0.148923188942507
"Mro",0.146705238849065
"Tbx22",0.1455637004872
"Ercc6l",0.14483434342137
"Baat",0.141498225084939
"Cspg4b",0.138373261515868
"Sowahb",0.137763793664062
"Fhad1",0.137374186731772
"Acrbp",0.137276241056469
"Tfec",0.136971071074553
"Ccdc81",0.133588660489991
"Pipox",0.132670071054518
"Prkag3",0.130628214943736
"Igfals",0.127595744484395
"Cdhr4",0.124678997503216
"Unc5a",0.120457198048992
"Csap1",0.120169974359711
"Nod2",0.119909166701095
"Rnf212",0.118838896352125
"Abcg8",0.11731658681644
"Fut4",0.116041169790174
"Slc44a4",0.114234164015393
"Fam72a",0.113348817597137
"Cd96",0.113286282966786
"Ccdc13",0.111839547650168
"Cma1",0.111130828504407
"Ak8",0.110858608572803
"Sox7",0.110249078349498
"Lca5l",0.109288910253021
"Myo5c",0.0992484191199863
"Tmem45a",0.0977426031325034
"Enam",0.0964474860347678
"Rimbp3",0.0950997400796151
"Vnn1",0.0940743973109704
"Lrrc10b",0.0931718073602912
"LOC120098305",0.0912379423782446
"Ccdc88b",0.0892315162175445
"Kif23",0.0884278408814636
"Atp13a5",0.0882366868470627
"Cd14",0.0881746953954936
"Cpa3",0.085687309178943
"Slc25a35",0.0852278548763963
"Coq7",0.0850428252026771
"Aim2",0.0827138930802798
"Myb",0.0824577923750434
"Frmd7",0.0821516776890003
"Slc16a8",0.077568732868541
"Trib3",0.0770752646744337
"Sdr16c5",0.0768673358486745
"Nepro",0.0762742842858043
"Ccl12",0.0756019717503672
"Bmp15",0.0713985723374218
"Arhgef16",0.069789151494509
"Upb1",0.0680287202993778
"Twist2",0.0678980713794278
"Frem2",0.0664841564733388
"Ckap2l",0.0650540896585354
"Clec12b",0.0641976802916326
"Tmem44",0.0636464844198245
"Cytip",0.0614961835197099
"Rangrf",0.0609331920741384
"Zfand4",0.060425420648488
"Syt10",0.0587896202134805
"Loxl1",0.0586887302724388
"Neu3",0.0579168149543127
"Lrrc31",0.0578062580816214
"Mslnl",0.056315130541642
"Or52e51",0.0550952285671709
"Actrt3",0.054671672051576
"Tbx15",0.0529908169065883
"Mgarp",0.0527250799129863
"Ca6",0.0527146984064722
"Phf21b",0.0518615190129591
"Zmat4",0.0506431017627337
"Fut2",0.0502501847081903
"Nmur1",0.0499354004294341
"Ms4a2",0.049397490664441
"RT1-M1-2",0.0477867606331327
"Doxl1",0.0431623990340545
"Pax5",0.0420697964038916
"Bub1",0.0419892101641754
"Met",0.0415565894679304
"Rph3al",0.0404573243332797
"Nox3",0.0392542940130698
"Hpcal4",0.0385022354293411
"Pdilt",0.0383525394758233
"Myo1g",0.0376169150022985
"Slc22a8",0.0363977722645757
"Trim52",0.0362120640482842
"Tmem270",0.0355240536161232
"Zcchc4",0.0346443504703045
"Igfbpl1",0.0346323435809645
"Rps2-ps44",0.033886020206265
"Dscc1",0.0309073001542483
"Magohb",0.0301431932082171
"Nrk",0.0294847440220171
"Tktl1",0.0294404736672624
"Pabpc5",0.0287189879057262
"LOC120097492",0.0276624843384305
"Themis2",0.0259034543818082
"Sh3rf2",0.0233973215007684
"Cel",0.0233259133294456
"Guca1b",0.0231394124903228
"Tc2n",0.0230464293207369
"E2f2",0.0205872233280073
"Sytl4",0.0202903407841116
"Mpo",0.0176493034633607
"Tfap2a",0.0150647661508064
"Stap1",0.0137632919823211
"Lonrf3",0.0133433249940729
"Col4a5",0.0109880196388197
"Irag1",0.0107144758744063
"Ltk",0.0105444012495077
"Papss2",0.00855810216085429
"Zfp82",0.0056603923371044
"C2cd4d",0.00522729724267437
"Asgr1",0.00507765303028415
"Rps26l6",0.00465856846875155
"Niban3",0.00446321885194683
"Bnc1",0.00316441888180387
"Zfp185",0.00227594032535287
"Adcy10",0.00196052117637012
"Olr1088",0.00161309558551997
"Gas8",0.000825111987618573
"Pstpip1",0.000773666383923011
"Jade3",0.000659197758269541
"Cdh26",-0.000194538992784424
"Dkk2",-0.000973609129524691
"Gimap9",-0.00130538928034842
"C1qtnf3",-0.00160452178948721
"N4bp3",-0.00345193482792566
"Aldh1b1",-0.00391418013704147
"Otc",-0.00489988108542089
"Plaat1",-0.006661307617542
"Hpn",-0.00706970683979531
"Zfp14",-0.00860689263399284
"Trpm5",-0.0099528053698596
"Aldh1a2",-0.0122352249459269
"Nostrin",-0.0133320926728062
"Vom1r50",-0.0135801652945791
"Gpr3",-0.0135940591321435
"Vsx2",-0.0165689346900595
"Arl5c",-0.0213623996036069
"Cav3",-0.0216563347317265
"Drd1",-0.0226401481750248
"Adam33",-0.0229900254219307
"Hp",-0.0233889273002939
"C8a",-0.0242310860843735
"Vps37d",-0.0256854170201861
"Muc2",-0.0258147343991873
"Enthd1",-0.0275500178810537
"Lratd2",-0.0287974401382902
"Plin1",-0.031469534110299
"Plscr5",-0.0321129911631335
"Radx",-0.0328889010851057
"Lef1",-0.0334755060982842
"Bfsp1",-0.0344415494565988
"Col17a1",-0.0376266209347909
"Tpt1l2",-0.0381183506646413
"Il21",-0.0400976518351569
"Khdrbs2",-0.0412480423337759
"Lefty1",-0.0465906411775533
"Polq",-0.0496306761823283
"Myl7",-0.0498388642031567
"Ct45a9",-0.0514053258915526
"Prox1",-0.0538611485275289
"Fyb2",-0.0545793527136599
"Lag3",-0.0549546484004379
"Mbnl3",-0.0564517365880982
"Cyp4f1",-0.0572006282630146
"Tmc8",-0.0572146501122711
"Crhr2",-0.0575148776506725
"Mcemp1",-0.061319195167558
"Arhgap6",-0.061564305338827
"Cbln1",-0.0625278969822728
"Cabcoco1",-0.0636685920521591
"Faah",-0.0655835486803021
"Sfmbt2",-0.0656050287622232
"Emilin3",-0.0672299648680494
"Kcnv2",-0.0679248146898278
"Fgfrl1",-0.0685228895716458
"Neil1",-0.0725369895269203
"Tdh",-0.073216864491905
"Gimap6",-0.0769017155723024
"Slc6a12",-0.0820218028160385
"Pnldc1",-0.0868991719662559
"Pax1",-0.0870174360698199
"Abcc10",-0.088261012560523
"Adam21",-0.0900280445336987
"Rfx2",-0.0903079348667386
"Zfp7",-0.0926238141855608
"Cilp2",-0.09456368679421
"Kcnj8",-0.0945913377269596
"Ccl28",-0.0948643889928795
"C5h6orf163",-0.0961239110933108
"Vmo1",-0.0969356254071031
"Fam3b",-0.0987864699087582
"Mthfsd",-0.100227393241189
"Epha8",-0.1035611950417
"Erich2",-0.105606629458377
"Stag3",-0.105692879012799
"Nexmif",-0.1064357593736
"Phf19",-0.110219847819339
"Cacna1f",-0.112522678733134
"Yipf7",-0.114207152865762
"Fbxo47",-0.115350551263754
"Fcer2",-0.115718615518237
"Gp9",-0.1158696722108
"Agtr1b",-0.115946433284203
"Eps8l1",-0.120542076334985
"Epha2",-0.121251846329399
"Fpr1",-0.125223140597065
"Fgf21",-0.126359107142427
"Wdr93",-0.128235884690765
"Ces2e",-0.131263394007827
"Bend7",-0.131469730540766
"Pcdhb16l",-0.133805742179095
"Fbxo4",-0.13427442463053
"Hhip",-0.138028404030599
"Col13a1",-0.138440651602471
"Dnase1l3",-0.141658164212888
"Zfp773-ps1",-0.142494629160631
"Chst6",-0.142999793822287
"Sdsl",-0.14476850471033
"Swi5l1",-0.145283220741248
"Capn3",-0.145553867629978
"Nanos3",-0.146876768041862
"Ehf",-0.147305533549306
"Tssk3",-0.150317589060957
"Ccdc200",-0.15353037449639
"Nmnat3",-0.153915926787969
"Scart1",-0.154347126234052
"Il36b",-0.15463429145569
"Rxfp1",-0.160666068946486
"Cdiptos",-0.160776058966272
"Sftpa1",-0.161017423587721
"Tnfaip2",-0.162262753422628
"Ern2",-0.167013027196777
"Ankdd1a",-0.167750833754634
"Hs3st3b1",-0.168461548184649
"Smg5l1",-0.168462950016007
"Mc5r",-0.168596627917909
"Chst9",-0.168859500638092
"Map7d3",-0.173723276578193
"Upk1b",-0.175944136092761
"Lypd8l1",-0.176205454541395
"Nxt2",-0.176597163386991
"Tspear",-0.177790450856682
"Colec11",-0.178531827241259
"Fancf",-0.178537182822188
"Qtrt1",-0.180179663849482
"Efcab11",-0.18023249302193
"Trpc4",-0.182014825794937
"C1h16orf54",-0.184289561268242
"Fam78a",-0.189015185331418
"Dnai2",-0.189434969963966
"Gjb6",-0.189755993677173
"Cenpw",-0.190219339435474
"Pax3",-0.192632430699415
"Rpl10-ps14",-0.193411733696589
"Edaradd",-0.196681610181568
"Cd79b",-0.201163075016101
"Exosc6",-0.201232667509731
"Lama1",-0.201493867550296
"Proz",-0.204354526002402
"Casp1",-0.205510695442464
"Cimap2",-0.206877001031012
"Nphs2",-0.20753251933983
"Tdrd1",-0.208925404248762
"Prtg",-0.209954428817627
"Usp43",-0.210203417046519
"Fcnb",-0.211877250023548
"Oas3",-0.212389351918166
"Prr19",-0.215732712210322
"Cryga",-0.219446196742655
"Krt90",-0.219607910105491
"Spata31f3",-0.220989102719763
"Il1b",-0.223793498332266
"LOC102550668",-0.224063299590476
"Rtl9",-0.225479856400464
"Naglt1",-0.225954556889706
"Cfap90",-0.226201074605341
"Nfkbid",-0.232708045972481
"Rhebl1",-0.236732232149834
"Dhodh",-0.239726282310843
"Styxl2",-0.240887809202098
"Kif26a",-0.241980682473941
"Pla1a",-0.243866489872667
"Abcc12",-0.245837378060456
"Ces2b",-0.248948780926462
"Inhbc",-0.249154777618912
"Trpm1",-0.249631450265433
"Ska2l1",-0.251167189356724
"Mks1",-0.252952914769022
"Wdr64",-0.253522840511272
"Pla2g4f",-0.253756149243032
"Slc2a9",-0.25703102007636
"Mall",-0.258194007612948
"Pld6",-0.260699107182316
"Cep70",-0.262720808755393
"Myct1",-0.263147807551383
"Icam2",-0.269538245081447
"Urah",-0.270575176430791
"Tedc2",-0.271592837840314
"Uqcc1-ps1",-0.273278076338619
"Sec31b",-0.275286229515607
"Wnt11",-0.280071397317443
"Chrna2",-0.280396299934169
"Cd109",-0.281807834163267
"Ccdc34",-0.282046325137263
"Gcsam",-0.28216894653505
"C1h10orf143",-0.282325184574991
"Zfp488",-0.282996526432814
"Fut1",-0.283343372107637
"Vangl2",-0.284803048929931
"Grin2d",-0.290071602214024
"Kiaa0040",-0.290256851664187
"Tmprss13",-0.292658640582239
"Kel",-0.29468304143883
"Entpd8",-0.296247973305688
"Il12a",-0.296579880691763
"Tgif1",-0.298996508469474
"Prg3",-0.299791098346018
"Grap",-0.300296704754284
"Them5",-0.301450113912435
"Catspere",-0.302567964084136
"Mycn",-0.302569705732201
"Sec1",-0.30429986589896
"Or52b2",-0.30709554707745
"Ctsg",-0.307749253020614
"Dpf3",-0.309438617555023
"Hpx",-0.311271237189268
"Tsku",-0.31183136720113
"Pik3ap1",-0.31645682752486
"Dynlrb2",-0.317846969623517
"Lrrn4",-0.318252024931399
"LOC120101231",-0.322659764211428
"Tm4sf20",-0.322740234485688
"Il17re",-0.323873586480508
"Gsdmd",-0.324210887814799
"Zc3h12a",-0.324242061546195
"Slc22a3",-0.324915184688806
"Cfap263",-0.325294374347933
"Izumo4",-0.325940138845954
"Gad1",-0.326144887555566
"Samd13",-0.3295932942588
"Nos3",-0.329825005985439
"Fbxo39",-0.330413616226942
"C2cd4a",-0.330441656031659
"Igsf1",-0.331164444084494
"Adipoq",-0.332419943926167
"Acan",-0.334955671553008
"Myoz2",-0.344441706223247
"Epha4",-0.344519030710583
"Aard",-0.346522278047728
"Kcnk7",-0.350233055361931
"Cenpe",-0.35034939409811
"Spmap2l",-0.353151098313688
"Slc25a43",-0.353896437303074
"Krt27",-0.356425158899641
"Prrt4",-0.358512913864443
"Tbxt",-0.361218400016061
"Traf1",-0.363180763358904
"Ccdc24",-0.363855132172371
"Slc7a11",-0.36605227692015
"Aanat",-0.36735209781187
"Xrra1",-0.37021671017259
"Ccm2l",-0.370334101209524
"Ces2",-0.375628805219627
"Fermt1",-0.376720954461499
"Fbxl21",-0.383290563332642
"Slc25a21",-0.384327070024189
"Nhlh2",-0.388628530359862
"Mybl1",-0.390558107496834
"Efna4",-0.392730218920445
"Abcc6",-0.392778245226677
"Nhej1",-0.392911456468652
"Tmem212",-0.397468763428044
"Lat",-0.398669984942571
"Pfpl",-0.399221313431141
"Zim1",-0.401699927908958
"Prnd",-0.402649350329945
"Nhlh1",-0.402800275316728
"Crip2l2",-0.402849653882445
"Serpinb8",-0.405475313758485
"Phf11",-0.408808786581353
"Adgre4",-0.408946484072894
"Mfng",-0.409063982820804
"Dnaaf11",-0.41033653858299
"Col6a4",-0.41145518465279
"Ctxn2",-0.413157324283657
"Fam221a",-0.4167384468692
"Inhba",-0.417529212052625
"Epb42",-0.417552258651896
"Mpzl2",-0.41909304100378
"Krt87",-0.422281390818827
"Mttp",-0.422536528329064
"Gpr63",-0.422803154590532
"Adam7",-0.426432970593406
"Acp1l1",-0.427360361778312
"Cyp4f18",-0.429412230129048
"2010106E10Rikl",-0.431935823409453
"Hand1",-0.432546015274287
"Xcr1",-0.432852454600385
"Eda2r",-0.436657948204728
"Vsig4",-0.436750007946296
"Lhx9",-0.439194273080457
"Plk5",-0.441017674922216
"Tal1",-0.441793466372684
"Siglec10",-0.442621092783474
"Nsun6",-0.444620015585841
"Krt12",-0.44576201354015
"Tnfrsf14",-0.447130116973606
"Kcnj5",-0.447425857261972
"Ankef1",-0.447856190149681
"Adrb2",-0.448000986023931
"Apln",-0.450061296534276
"Spc24",-0.451269635850349
"Nap1l6",-0.451419509221202
"Map3k7cl",-0.451795973096997
"Prr16",-0.454815939203789
"Slc13a5",-0.455730364316963
"Atp8b1",-0.45736635764819
"Pcdh8",-0.466434932962432
"Hrh2",-0.468053611913591
"Ugt3a1",-0.469541448614543
"Rasgrp2",-0.471118239509732
"Notum",-0.473207195931601
"Pgk1l1",-0.473670090422334
"Tmem52b",-0.482034908346583
"Kcnj1",-0.482210404159011
"Sigirr",-0.482239929265259
"Ptger2",-0.482308578819141
"Zfp831",-0.48310020304129
"Tldc2",-0.483561858594435
"Agtr2",-0.487384995188682
"St18",-0.487786400752312
"Lhx4",-0.488358369108204
"Bub1b",-0.489387062271625
"Ca1",-0.490359311113662
"C1qtnf6",-0.490662771630965
"Fzd9",-0.491709003434036
"Zpld1",-0.492110759262443
"Slc30a2",-0.492261475250017
"Nkapl",-0.495118591759639
"Hdac1l",-0.495846272449317
"Btnl3",-0.496015363268171
"Dlx3",-0.49689832740854
"Cd164l2",-0.496978173826152
"Adamts6",-0.497697902809013
"Fbxo43",-0.501051767450338
"Or11a4",-0.501482194427797
"Sele",-0.504768701084686
"Nkpd1",-0.505274315488579
"Spata16",-0.505442964511669
"Mab21l3",-0.50913694229287
"Trim6",-0.509793087436707
"Madcam1",-0.510504162220781
"Pbk",-0.510550542595916
"Fam170b",-0.512571517857325
"Pcdh20",-0.514106573329276
"Slc5a12",-0.51464676881754
"Ly6g6e",-0.515030023879717
"Cep78",-0.516126938920177
"Hmgb1l5",-0.518674561465877
"Ropn1l",-0.520581868085651
"Mroh5",-0.521240455738933
"Lgals12",-0.52143384595236
"Faslg",-0.523219924032085
"Itgb1bp2",-0.524044730055924
"Spib",-0.525336545258978
"Gata2",-0.526682500287784
"Tp53rkb",-0.532370886704621
"Cxcl6",-0.541504046539291
"Mcrip2",-0.541815964348509
"Hic2",-0.542875982631438
"Gpr6",-0.544266247686794
"Slc46a3",-0.544374779347064
"Shq1",-0.544853303566157
"Hsd17b3",-0.545967164781961
"Plbd1",-0.546186348879312
"Map3k21",-0.546640524562466
"Ftcd",-0.546831713806813
"Fam228b",-0.551881396921789
"Rab40b",-0.552026359718917
"Adra2b",-0.553477873798988
"Adam1a",-0.553896502641002
"Fzd10",-0.560495166702665
"C1h10orf90",-0.560942633438687
"Cited4",-0.564393735944649
"Msln",-0.566109187073454
"Tnfsf4",-0.567177094740895
"Bst1",-0.568188482547232
"Lmntd1",-0.569522095348603
"Mpl",-0.57244930898076
"Sp6",-0.57339277400994
"C7h12orf42",-0.574002160214742
"Capn8",-0.574134130860663
"Rnf138l1",-0.57567778708958
"Usp51",-0.575883644540409
"Oip5",-0.57717816604306
"Zpbp2",-0.578183287889096
"Pemt",-0.578839428106229
"Nim1k",-0.578893087221045
"Gata6",-0.57927640367451
"Srms",-0.579530040360025
"Smad7",-0.580598136850629
"Stox1",-0.582394786913412
"Pi15",-0.585084972158993
"Mfsd4b2",-0.590054730698174
"Fam217a",-0.59405081862387
"Rep15",-0.598004963825456
"Edn1",-0.598069514398325
"Lmo3",-0.600025686223393
"Ky",-0.600419570946592
"Klf4",-0.601338662529878
"C1h19orf81",-0.601400565108342
"Ect2",-0.604896078286314
"Hrob",-0.609456816800639
"Muc1",-0.613537280961665
"Vom1r-ps51",-0.6148414864111
"Mylk3",-0.615100728335861
"Wnt7a",-0.616753169316615
"Rbp7",-0.620000348295519
"Otol1",-0.624822089293534
"Myo16",-0.625351586501346
"Ctrc",-0.625875653461248
"Lrrc4c",-0.628389983741771
"Lgals5",-0.633339779785336
"Zbtb48",-0.636140684366346
"Fam83d",-0.64178007528876
"Brs3",-0.645951082093074
"Wnt8b",-0.645963441244319
"C1ql4",-0.64618107414629
"Agmat",-0.646807131540788
"Wnt9b",-0.648002090818253
"Tex15",-0.648654260706776
"Rtl3",-0.651184216700706
"Ceacam9",-0.651293053271706
"Atp8b3",-0.652049162813425
"Kcne5",-0.654200889225751
"Tnfsf8",-0.654934202615107
"Slc47a1",-0.655278941804405
"Tex26",-0.656187795298789
"Meox1",-0.657456094621386
"Vom2r76",-0.657466006193674
"Xrcc2",-0.657814371295759
"Zfp951",-0.659396180970897
"Gimap1",-0.660220536164643
"Slc1a2",-0.661966984658523
"Mtnr1a",-0.662292491879103
"Lypd3",-0.662938757824598
"Tex29",-0.666512614701946
"Rerg",-0.668430624752972
"Cbx2",-0.671426653739586
"Bcl2l15",-0.672119510933754
"Dapk2",-0.673679998721196
"LOC120103275",-0.676134935571908
"Ldlrad2",-0.679635946259401
"Cd3g",-0.680641563675104
"Slc6a2",-0.68461958846269
"Htr5a",-0.685181139765977
"Slc38a4",-0.685490627591514
"Lpar4",-0.686800862457806
"LOC120096461",-0.690200392531616
"Ccdc148",-0.691787960223022
"Cryba4",-0.699057682292442
"Ca12",-0.700208786481998
"Lipk",-0.701357786789736
"A1cf",-0.701895803545912
"Tnni3",-0.707109709296806
"Lbp",-0.707387395619458
"Mob3c",-0.708411602552955
"Otop3",-0.712981316090667
"Cyp2e1",-0.716988845986554
"Aurkb",-0.71891656178093
"Tert",-0.719245717222524
"Slc7a3",-0.721701175974155
"Lrrc27",-0.724258357791089
"Ptprv",-0.725610306564589
"Rnase2",-0.726663608425512
"Galntl5",-0.726666732049997
"Rag1",-0.728694852552661
"Rpl36l7",-0.729104159449745
"Bfsp2",-0.732985136037235
"Gpr174",-0.733599038722937
"Adgb",-0.733961917375501
"Ska1",-0.734523942541115
"Oacyl",-0.734911696905965
"Grhl3",-0.735302155320463
"Tmprss11d",-0.735305501713315
"Gdf5",-0.735793399459122
"Apol3l1",-0.744338814962663
"Dpp4",-0.74636931081798
"Mfsd4b1",-0.749165403438007
"Sytl5",-0.752555551101574
"Scgb3a1",-0.753376024731736
"Asb11",-0.755516794126368
"Nr5a2",-0.75603987858392
"F10",-0.756340488907101
"Slc25a15",-0.756790874629621
"Frzb",-0.759401288310799
"Ldlrad1",-0.759862880094254
"Nxph4",-0.760386570876608
"Mtfp1",-0.763465024833451
"Cldn2",-0.764207370834447
"Esr1",-0.765717401046354
"Tekt3",-0.766408997815172
"Tmem178a",-0.76644354995217
"Snx31",-0.76680103290142
"Adgrg5",-0.770379382433388
"Olr1869",-0.772630066957817
"Gpr150",-0.774535180924528
"Fuom",-0.77561286461337
"Pip",-0.776526040467925
"Ephx4",-0.777029945437026
"Mmp23",-0.777245994723192
"Erich6",-0.777336890351824
"Slco2a1",-0.778581745821082
"Hspb3",-0.779434895069577
"Slc30a8",-0.7826731532612
"Asb2",-0.784086983781158
"Ripply3",-0.785135325164082
"Cldn14",-0.786592708193577
"Gins3",-0.786880925073287
"Hemk1",-0.793524902539063
"Fcna",-0.793757828374225
"Ybx2",-0.794936669843741
"Gtse1",-0.796573034175201
"Cenpi",-0.797804822715236
"Nek2",-0.79809988835484
"Dnah1",-0.801915826159545
"Gucy2g",-0.802264289420506
"Acoxl",-0.802463579566693
"Sox18",-0.808286133709127
"Dhx58",-0.809188115062324
"Capn6",-0.810747710457182
"Flacc1",-0.811121825813925
"Tmem269",-0.81137203179168
"Stk31",-0.811414266396416
"C6",-0.811753581059866
"Ndufa4l2",-0.812658268683142
"Adhfe1",-0.813548375526366
"Acot5",-0.813640401289668
"Ppm1m",-0.814450464287616
"Thrsp",-0.815334882413286
"Wdr90",-0.818001906243317
"Dmc1",-0.819687839835176
"Mamstr",-0.820835360371395
"Tmem266",-0.821116152983258
"Tac4",-0.825581475426133
"Clcnkb",-0.827441316179482
"Nobox",-0.830009215429286
"Slc4a9",-0.83113396839501
"Aplnr",-0.834751161404905
"Cd226",-0.835109054508956
"Slc2a10",-0.836659869637565
"Rps15a-ps9",-0.836991203275816
"Mn1",-0.841095154788755
"Crybb1",-0.841323198934707
"Rpe65",-0.841825773808923
"Zap70",-0.843358612589326
"Slc28a3",-0.845576503677278
"Psca",-0.847151134813164
"Dpf1",-0.847911448322467
"Camp",-0.848852827487548
"Wif1",-0.849349967655329
"Cyp3a62",-0.849850117951434
"Calhm6",-0.851199020605321
"Gramd1c",-0.851278062999244
"Sh2d5",-0.852073518859477
"Lrrc18",-0.852385687990178
"Plin4",-0.855504240741331
"Gjb5",-0.857660615107765
"Hmgb1-ps33",-0.858289661134819
"Klhl38",-0.862105853029883
"Oasl",-0.862665322983332
"Nme6",-0.863487492054654
"Chaf1b",-0.867305847592505
"Clca2",-0.869623927321882
"Zic4",-0.87477997888422
"Neurod1",-0.877026038073137
"Ddc",-0.88128197838044
"Znf660",-0.885524431989024
"Tdo2",-0.886143426660637
"Dok2",-0.887700081115067
"Adra1b",-0.887978379946447
"Grb7",-0.889726942554091
"Slc4a5",-0.889894252925437
"Fam83c",-0.890422244780178
"Wnt7b",-0.892146734998384
"Fam83a",-0.89231273237602
"Epc2l1",-0.893746249792817
"Grxcr1",-0.89908730412662
"Best3",-0.902023488544519
"Spic",-0.904587437959419
"Mmaa",-0.911297546479459
"Gp5",-0.912376297402093
"Nectin4",-0.914874195746046
"Gnb1l",-0.916847775605484
"Pitpnm3",-0.917880887785553
"Dpy19l2",-0.919814269836747
"Meltf",-0.925458895200045
"Nrgn",-0.928545456113366
"Dscaml1",-0.930547670619688
"Klhl4",-0.930885415804728
"Pla2g2d",-0.931890254635364
"Cpne7",-0.932128433124227
"Slc25a48",-0.936421783356015
"Cpvl",-0.936999075601624
"Map3k15",-0.943469995638543
"Ceacam16",-0.943544802165197
"Hspb7",-0.947290194012629
"Cass4",-0.950469590329816
"Lilrb3",-0.950772803993182
"Slc49a3",-0.953704259313332
"Trmt11",-0.957757841125528
"Spice1",-0.960606799444964
"Tcf15",-0.962327938312303
"Slc4a1",-0.965939477187101
"Hykk",-0.969285296097478
"Ankrd45",-0.970861380385334
"Olr35",-0.970867309471888
"Pla2g2c",-0.971901959191549
"Avpr1b",-0.975857903695119
"Trmo",-0.978631344519191
"Jph1",-0.978801482800541
"Tpsb2",-0.982685168283144
"Cenpm",-0.983732329284501
"Rbm24",-0.984009569755867
"Slc26a6",-0.984367838725435
"Kl",-0.989389101285248
"Adamtsl5",-0.989755781180803
"Pcdh12",-0.994477019884579
"Ttc22",-0.994825318544351
"Bank1",-0.996553769220513
"Itih2",-1.00199398675805
"Slc25a47",-1.00217900270658
"Zfp473",-1.00313237906862
"Bpifb2",-1.00322155947962
"Amhr2",-1.00448997455731
"Apoa5",-1.00485172331873
"Eps8l2",-1.00593817222546
"Htr1a",-1.0068989581563
"Elfn2",-1.00865282153657
"Gprin3",-1.00978722268436
"Abra",-1.01000774637833
"Foxo6",-1.01025567991259
"Olfm4",-1.01083364409376
"Hpgds",-1.01304922270029
"Rergl",-1.0146776277927
"Dennd2d",-1.01658419700244
"Dpep2",-1.01927025116425
"Tmc5",-1.02767411217582
"Wdr97",-1.02958340182797
"Acacb",-1.03210577200765
"Ano7",-1.03405054182177
"Fignl1",-1.0350157063373
"P3h2",-1.03550356762893
"Akr1c8",-1.03636736075929
"Alpg",-1.04368684598581
"Camk1g",-1.0575159797028
"Adh1c",-1.05760820710615
"Cd300a",-1.05983708137588
"Pou2af1",-1.06226940115315
"Slc45a3",-1.07133434964416
"C7h12orf56",-1.07249135969212
"Aldh8a1",-1.0725739282663
"Dct",-1.07327191348955
"Lingo3",-1.074434764713
"Fbxo40",-1.08104777021225
"Alpk2",-1.08286187535861
"Rad51",-1.08421259976194
"Myo15a",-1.09034421336589
"Hemgn",-1.09312716680338
"Shroom1",-1.09368165024979
"Arhgef15",-1.09609536304698
"Or52ab2",-1.09612641501069
"Panx3",-1.096944855352
"Rad51ap1",-1.09805150221049
"Esm1",-1.10051919362338
"Pard6b",-1.10174346660157
"4930402F06Rikl",-1.10212987442499
"Dpys",-1.10401180498668
"R3hdml",-1.10409513152523
"Dynlt5",-1.10542452511419
"Trpc7",-1.11088418442367
"Ccdc177",-1.1132510753524
"Uap1l2",-1.11816411545721
"Stil",-1.12334053765186
"Ftl1l7",-1.12568476033883
"Hrh3",-1.1301964689057
"Apoa1",-1.13035728835383
"Rgn",-1.13307004120822
"Cpn1",-1.13565363315619
"Tnfrsf10b",-1.13690030149405
"Gpr4",-1.14134666709391
"Veph1",-1.14228443378102
"Sdr42e1",-1.14460891432836
"Trim63",-1.15908083789127
"Klrg2",-1.1680239044614
"Rad21l1",-1.16983556488014
"Dnajc5b",-1.17314541213716
"Crhr1",-1.17498123374942
"Kash5",-1.17631002547108
"Rasl11a",-1.18079265280173
"Cmtm1",-1.18438292857916
"A630001G21Rikl",-1.18691924199724
"Pkdrej",-1.18938637953011
"Cux2",-1.19007859164324
"Cdca5",-1.19516265217672
"Rpl32l2",-1.19584190289187
"Gimap4",-1.1966474782892
"Spint1",-1.20025230836402
"Gabrq",-1.2039062110477
"Chrna4",-1.2099908356096
"Ogdhl",-1.21390523834086
"Robo3",-1.21498781986282
"Cgn",-1.21515626911567
"LOC100911055",-1.21630806830481
"Fsip1",-1.22690083067868
"Cyp2a1",-1.23052936118259
"Klhl36",-1.23163144403793
"Gdf9",-1.23345265443461
"Ark2c",-1.23633705231806
"Zfp790l2",-1.23660658623845
"Slc18a1",-1.23808755695718
"Pde6a",-1.24339936246078
"Dram1",-1.24365372728968
"Syt17",-1.25183987121717
"Ttc21a",-1.25260142565262
"Gdf15",-1.25912864026388
"Aldob",-1.25927437867436
"Fgfr4",-1.26053140304808
"Ebi3",-1.26084415425464
"Ptpru",-1.26413595154379
"Has2",-1.26463758206431
"Foxj1",-1.2649492932238
"G0s2",-1.26779252508382
"Myo5b",-1.27359539716388
"Efcab2",-1.27472356763947
"Efcab6",-1.27707879946631
"Gpr83",-1.2883480509362
"Pnma3",-1.29399328363319
"Rcvrn",-1.30172950618133
"Clec11a",-1.30526886753738
"G4",-1.30549100725425
"Alox15b",-1.30575999787672
"Lrp2",-1.30757459246019
"Rpl8l1",-1.31005886291771
"Clec4e",-1.31528784314132
"Serpinf2",-1.32493902193697
"Mmrn1",-1.32933469721602
"Adss1",-1.33071857046817
"Polg2",-1.33592999136551
"Slc44a3",-1.33829699375547
"Galnt12",-1.34332413254219
"Pwwp3b",-1.34722421508678
"Cth",-1.34806217838363
"Kif20b",-1.34924409129813
"Trmt44",-1.35570283953158
"Rnf225",-1.36043870836641
"Skap1",-1.3614653164835
"Adgrf3",-1.36257744601498
"Or52w1",-1.36727824318061
"Lrrc66",-1.36980039452352
"Tacr1",-1.37875834148128
"Ly49s7",-1.38150707429588
"Batf",-1.38319408296505
"Ccna1",-1.39132361207546
"Arc",-1.39139739176458
"Rdh12",-1.39142994608547
"Cracdl",-1.39404582952158
"Loxhd1",-1.39484188019468
"Il25",-1.39703223856359
"Tdrd15",-1.40420353309927
"Tacr3",-1.40731217227506
"Epcip",-1.4075734286049
"Lypd6b",-1.41098183123116
"Nepn",-1.41541185995102
"Sp7",-1.41702140057098
"Dok7",-1.41759188575555
"Ccdc30",-1.41956756537074
"Grm6",-1.42119528189171
"Th",-1.42529427482404
"Pdzrn4",-1.42823559426672
"Dnajc22",-1.43499110781127
"Gcnt3",-1.43617507292704
"Adcyap1r1",-1.44053468561006
"Zp2",-1.44089529519013
"Hapln3",-1.44137737203244
"Dtwd2",-1.44587597762387
"L3mbtl4",-1.44925460938006
"Ly6l",-1.45422256623836
"Ush1g",-1.45517528165905
"Zc3hav1l",-1.45659181027135
"Tspoap1",-1.45766406787152
"Sidt1",-1.46339784342332
"Fcrla",-1.46965046355045
"Tlr12",-1.47572819942274
"Nudt13",-1.47681182632753
"Ccn5",-1.48099931387878
"Slc25a5-ps11",-1.48644246837092
"Rbm38",-1.49007555026922
"Pkhd1l1",-1.49181906745327
"Prob1",-1.49295108353769
"Trim58",-1.49576547056176
"Atoh8",-1.50181120002805
"Asb18",-1.50231111796415
"Glra1",-1.50665233911949
"Krt13",-1.5077834017456
"Slc28a1",-1.50824817329434
"Tubb1",-1.51117477610317
"Fzd5",-1.51645815562535
"Plac8l1",-1.52642050411415
"Frg1-ps1",-1.54111548856864
"Chmp4c",-1.54296754218002
"Esr2",-1.54827074112363
"Jph2",-1.55206905638929
"Dcdc2",-1.55411663153107
"Sstr1",-1.56843423912039
"Dmrta1",-1.5820992429932
"Sult1d1",-1.58514127448491
"Crispld1",-1.60916292059191
"Trim72",-1.61054930459
"Togaram2",-1.61111397010403
"Kdm4d",-1.61202262812135
"Gpr165",-1.61349123147589
"Hic1",-1.61473337111323
"Ces1a",-1.61913806899464
"Osr2",-1.62623585466255
"Dll1",-1.63115893802504
"Myadml2",-1.63599635594631
"Pdlim3",-1.63773184783828
"Slc12a5",-1.64084645283204
"Smad6",-1.64623445751656
"Mill1",-1.67177098875105
"Zdhhc23",-1.68399800887364
"Mfsd2b",-1.68490531379475
"Krt75",-1.69880713031567
"Tlr5",-1.70658376045101
"Adh7",-1.70665329548843
"Smtnl2",-1.70827448612293
"B4galnt3",-1.71102429963507
"Mpped1",-1.71213794174923
"Zdhhc19",-1.71436562211873
"Pnpla1",-1.71714478798984
"Slc12a1",-1.74103667978727
"Klhl3",-1.7411295821528
"Grip2",-1.74345969975792
"Jsrp1",-1.746360452714
"Gsta3l1",-1.75695403952529
"Mms22l",-1.76723354823889
"C14h7orf57",-1.76934188307546
"C16h10orf71",-1.77603755532063
"Zfp575",-1.77824273035503
"Spta1",-1.77868421680523
"Cartpt",-1.78144715830512
"Ahrr",-1.7833299395023
"Degs2",-1.78949643582878
"Cd79a",-1.79108314423726
"Pimreg",-1.79211532081322
"Nrap",-1.8070431216964
"Nxf2",-1.80788514192311
"Il1rapl2",-1.81011582444112
"Fbp2",-1.81116139947564
"Ntsr2",-1.81350206538829
"Actc1",-1.81368134726666
"Slc34a2",-1.83445464641046
"Vwa5b1",-1.84272010310941
"Slc24a4",-1.84843434899308
"Atp8b5",-1.84884043753642
"Tgm3",-1.87309524403651
"Doc2b",-1.88337279252986
"Lif",-1.88425352989637
"Dnah6",-1.88579596453439
"Pik3c2g",-1.90196464302506
"Adat1",-1.90279232217682
"S1pr5",-1.90702128463354
"Dsc1",-1.91039332782889
"Sypl2",-1.91047794084811
"Ppil6",-1.92613139252087
"Slc9a5",-1.93702093463873
"Krt25",-1.94260238167235
"Kcna7",-1.95593732935879
"Sema6b",-1.97540732242753
"Wdr89",-1.97800026140751
"Trim54",-1.98006460007937
"Skint10",-1.98119990071272
"Ngb",-1.98934584910125
"Obscn",-1.99252660595806
"Klhl31",-2.00108375492722
"Adamtsl2",-2.02523120696954
"Gabra4",-2.02628801803765
"Tmem182",-2.035305279312
"Itgb6",-2.03783249111303
"Esyt3",-2.04998417119907
"Cavin4",-2.0574677993235
"Camkv",-2.11973523098625
"Fsd2",-2.12447128911799
"Vom2r45",-2.13231409825579
"Ankrd23",-2.14255541392242
"Acox2",-2.1515946120145
"Hcrtr2",-2.19046426968939
"Cwc15-ps3",-2.20640172710387
"Corin",-2.25184751696382
"Spaca9",-2.25320910863012
"Lipg",-2.27666594810745
"Klhl14",-2.28146854067368
"Pof1b",-2.29712371736316
"Rassf6",-2.31509904236554
"Slc9b2",-2.32695915057175
"Actn2",-2.34223255949502
"Alpk3",-2.35043405596696
"Trim66",-2.36202853788139
"Si",-2.37287498563598
"Sall4",-2.38029586276575
"Grin2a",-2.38292293493637
"Kif17",-2.42436198850169
"Ranbp1l1",-2.46880565612745
"Slc46a2",-2.47768197980289
"Pycr1",-2.48724289000565
"Fam163a",-2.53799789882344
"Kcnj4",-2.55436005102115
"Myom1",-2.55703997142097
"Htr2c",-2.56396443183279
"C1ql2",-2.56773800341224
"Krt26",-2.57259145856244
"Kcnj16",-2.6196017053975
"Itga11",-2.62100267922115
"Ildr1",-2.62532041232909
"Ampd1",-2.72494530287559
"Vcan",-2.72949035463576
"Trpm6",-2.78970314449044
"Mylk2",-2.91722703053899
"Trdn",-2.94511831973435
"Slc17a2",-2.96435186979942
"Glb1l2",-2.96693494607483
"Unc45b",-3.03868040634798
"Skor2",-3.08602831477821
"Ppp1r3a",-3.17336051290344
"Cx3cl1",-3.1881152566979
"Amh",-3.23001401285977
"Rftn1",-3.26274355057082
"Spc25",-3.27554949097122
"Ren",-3.34055280292725
"Fgfbp3",-3.34273353615525
"Pla2g4e",-3.35526854745184
"Cacna1s",-3.44360631412431
"Gal3st3",-3.44576140511447
"Mmp13",-3.53771472601908
"Wdr62",-3.5760797501742
"Rsph1",-3.62613191943998
"Mypn",-3.68203816516491
"Mybpc1",-3.97416789250494
"Mcf2",-4.15898005479362
"Dhrs7c",-4.65878130615048
