"pathway","symbol","n_ranked","n_leading_edge","n_LE_in_significant_pathways","n_positive_log2FC","n_negative_log2FC","n_gene_FDR_lt_0_05","all_four_ranked","shared_ge3","shared_all4","positive_all4","OIPN_GSE160543_LE","OIPN_GSE160543_log2FC","OIPN_GSE160543_gene_FDR","OIPN_GSE126773_LE","OIPN_GSE126773_log2FC","OIPN_GSE126773_gene_FDR","NC_GSE246156_LE","NC_GSE246156_log2FC","NC_GSE246156_gene_FDR","CCI_GSE212311_LE","CCI_GSE212311_log2FC","CCI_GSE212311_gene_FDR"
"HALLMARK_E2F_TARGETS","Cdk1",4,4,3,4,0,2,TRUE,TRUE,TRUE,TRUE,TRUE,1.12068672133653,0.0000734103794587928,TRUE,0.135626377271467,0.525493976227515,TRUE,3.02506690713131,0.000876838118250431,TRUE,0.455243030401625,0.893751009734315
"HALLMARK_E2F_TARGETS","Cdkn3",4,4,3,4,0,1,TRUE,TRUE,TRUE,TRUE,TRUE,0.41591877456299,0.269196439018419,TRUE,0.253648807030297,0.323457128410654,TRUE,1.90601157298275,0.0000152310483574575,TRUE,0.750957366305527,0.234145759994936
"HALLMARK_E2F_TARGETS","Ddx39a",4,4,3,4,0,1,TRUE,TRUE,TRUE,TRUE,TRUE,0.249180936667832,0.298628699642132,TRUE,0.227750756311822,0.253721121272366,TRUE,1.17447543190187,3.26270985523707e-7,TRUE,0.149855608265978,0.899875620865404
"HALLMARK_E2F_TARGETS","E2f8",4,4,3,4,0,2,TRUE,TRUE,TRUE,TRUE,TRUE,1.41529586491,0.0205815941791699,TRUE,0.127959448232847,0.47080689167897,TRUE,3.0605755880168,9.90969351019953e-7,TRUE,1.757112186197,0.780960574409045
"HALLMARK_E2F_TARGETS","Kif22",4,4,3,4,0,3,TRUE,TRUE,TRUE,TRUE,TRUE,0.619937882468289,0.0125730245465738,TRUE,0.203193424357211,0.283763885027416,TRUE,2.67746245078338,4.91211479825628e-14,TRUE,0.818864523762449,0.0350538337283571
"HALLMARK_E2F_TARGETS","Tcf19",4,4,3,4,0,2,TRUE,TRUE,TRUE,TRUE,TRUE,0.520098703385228,0.0328914094092252,TRUE,0.356978634183861,0.252084556451408,TRUE,2.12268229323096,0.00000221446700266867,TRUE,0.292980844142028,0.906020592497246
"HALLMARK_G2M_CHECKPOINT","Cdkn3",4,4,3,4,0,1,TRUE,TRUE,TRUE,TRUE,TRUE,0.41591877456299,0.269196439018419,TRUE,0.253648807030297,0.323457128410654,TRUE,1.90601157298275,0.0000152310483574575,TRUE,0.750957366305527,0.234145759994936
"HALLMARK_G2M_CHECKPOINT","Kif11",4,4,3,4,0,2,TRUE,TRUE,TRUE,TRUE,TRUE,0.845696528002649,0.000606108995293353,TRUE,0.315990936645611,0.230402409141616,TRUE,2.58273392053369,3.6604939936144e-7,TRUE,0.288525722539936,0.664900280735669
"HALLMARK_G2M_CHECKPOINT","Kif22",4,4,3,4,0,3,TRUE,TRUE,TRUE,TRUE,TRUE,0.619937882468289,0.0125730245465738,TRUE,0.203193424357211,0.283763885027416,TRUE,2.67746245078338,4.91211479825628e-14,TRUE,0.818864523762449,0.0350538337283571
"HALLMARK_IL6_JAK_STAT3_SIGNALING","Ccl7",4,4,3,4,0,1,TRUE,TRUE,TRUE,TRUE,TRUE,0.470041827430481,0.452241100400049,TRUE,0.623399721206863,0.165476710689822,TRUE,2.39117372654952,0.000574738283827093,TRUE,0.930015713260818,0.703243903618601
"HALLMARK_INTERFERON_GAMMA_RESPONSE","Ccl7",4,4,3,4,0,1,TRUE,TRUE,TRUE,TRUE,TRUE,0.470041827430481,0.452241100400049,TRUE,0.623399721206863,0.165476710689822,TRUE,2.39117372654952,0.000574738283827093,TRUE,0.930015713260818,0.703243903618601
"HALLMARK_INTERFERON_GAMMA_RESPONSE","Tnfaip6",4,4,3,4,0,1,TRUE,TRUE,TRUE,TRUE,TRUE,0.292878343189398,0.672749755223253,TRUE,0.314150076675889,0.322583876218521,TRUE,1.66866268883242,0.000143100524705286,TRUE,1.20253707968559,0.207061127353635
