"pathway","GSM3612635","GSM3612636","GSM3612637","GSM3612638","GSM3612639","GSM3612640"
"HALLMARK_ADIPOGENESIS",-0.0439210980904102,-0.050366900907917,-0.206617502663764,0.0708587780873939,0.172683334905509,0.0972763575153255
"HALLMARK_ALLOGRAFT_REJECTION",0.0997061987433995,0.149719112725914,-0.0236464297701286,-0.295404028248117,-0.348264934214498,0.450201798378998
"HALLMARK_ANDROGEN_RESPONSE",0.187465200018531,0.184980018466821,-0.201494985173434,-0.207649608961037,-0.00605349305418065,0.0237222323562167
"HALLMARK_ANGIOGENESIS",0.287153698140815,0.275936266874095,-0.223078881085769,-0.377758925669865,-0.33995287000946,0.171936684798138
"HALLMARK_APICAL_JUNCTION",0.296324356191394,0.375755161585154,-0.150428672809577,-0.296928638737976,-0.200242967750725,-0.184125013764872
"HALLMARK_APICAL_SURFACE",0.232055751551561,0.393359907061773,-0.106583946199007,-0.299144032614133,-0.429415234146823,0.0765043290335112
"HALLMARK_APOPTOSIS",0.277076695211065,0.30789094948615,-0.318084652652976,-0.1093690381772,-0.0767026433949134,-0.00931451368539696
"HALLMARK_BILE_ACID_METABOLISM",-0.0104896845789558,-0.0395846082578954,-0.0327165489363697,0.0335476391694357,-0.031220508035024,0.0863178499701149
"HALLMARK_CHOLESTEROL_HOMEOSTASIS",0.359732637336926,0.158105977941526,-0.378230446797079,0.16261351349144,0.20570843188449,-0.283902145723893
"HALLMARK_COAGULATION",0.113093665725454,0.328053217764288,-0.105254126585151,-0.242191226665808,-0.332908694695592,0.1020329622232
"HALLMARK_COMPLEMENT",0.12062822596198,0.0642489728311582,-0.214141675690838,-0.188475758383651,-0.223075735134877,0.290611383167779
"HALLMARK_DNA_REPAIR",-0.306349458903766,-0.288641957703352,-0.0691391232197361,0.355353321092365,0.353475371742161,0.0698697291791558
"HALLMARK_E2F_TARGETS",-0.367877973762337,-0.220130828421659,0.137737739094143,0.306862469642169,0.292882305387106,0.109006948962395
"HALLMARK_EPITHELIAL_MESENCHYMAL_TRANSITION",0.40060162741049,0.356670122691004,-0.256724579644572,-0.416972683566705,-0.354678831264985,0.105352184970481
"HALLMARK_ESTROGEN_RESPONSE_EARLY",0.25283689564129,0.291554431944681,-0.167449418188737,-0.283089293628295,-0.0680783306654626,-0.136406192847724
"HALLMARK_ESTROGEN_RESPONSE_LATE",0.135399263022165,0.163215147499922,-0.229695841835861,-0.115713839151823,0.0282902577251115,-0.00723839813785904
"HALLMARK_FATTY_ACID_METABOLISM",-0.297838702461947,-0.162233519774505,-0.074641228671486,0.317734609583983,0.209515501626985,0.162588545858196
"HALLMARK_G2M_CHECKPOINT",-0.136566000148317,-0.0359058790554654,0.140848981250078,0.0179045478842364,0.12685659649655,-0.033355539911583
"HALLMARK_GLYCOLYSIS",-0.0543705624189275,0.158983897478973,-0.154878414967114,-0.0165889878801012,0.0886145350479209,0.052902429659446
"HALLMARK_HEDGEHOG_SIGNALING",0.0521539513422168,0.0825981109014522,0.0296261401238057,-0.0949079689982568,0.0328190053943351,-0.0600025038760237
"HALLMARK_HEME_METABOLISM",0.0963644838522506,0.104664524652242,-0.186859013736419,-0.204811418669442,0.0410181151965261,0.239907263709884
"HALLMARK_HYPOXIA",0.179191725403919,0.226774892077967,-0.325624273827636,-0.213310472889694,-0.0991140469990597,0.165773194343014
"HALLMARK_IL2_STAT5_SIGNALING",0.192984816129844,0.252969369927427,-0.205712541043732,-0.266558249373983,-0.210173501381665,0.165437754433216
"HALLMARK_IL6_JAK_STAT3_SIGNALING",0.259936500599973,0.350251889192963,-0.412576078012364,-0.189516830445884,-0.245349692532411,0.231608737954537
"HALLMARK_INFLAMMATORY_RESPONSE",0.253333921995298,0.252008546784815,-0.267589145450042,-0.225710080127268,-0.301506379999276,0.248930646350802
"HALLMARK_INTERFERON_ALPHA_RESPONSE",-0.215245566313446,0.0502704310218483,-0.160596423703509,-0.333608676011644,-0.237984206569512,0.588645241278532
"HALLMARK_INTERFERON_GAMMA_RESPONSE",0.045950107074405,0.129371440624043,-0.176667729267777,-0.360206253589214,-0.325362699057418,0.522975044322261
"HALLMARK_KRAS_SIGNALING_DN",0.182719742131606,0.335751854921346,-0.0797068191849618,-0.00978919315753576,-0.170626681276097,-0.220449799867658
"HALLMARK_KRAS_SIGNALING_UP",0.196180045545741,0.129398836312496,0.0562267731532604,-0.24588223442774,-0.303090604371737,0.178250020821096
"HALLMARK_MITOTIC_SPINDLE",0.168089406006047,0.154085976103817,0.0520923591664512,-0.223667242890311,-0.0809532504608261,-0.126228449950916
"HALLMARK_MTORC1_SIGNALING",-0.0970135976246579,-0.0789225966084693,-0.219681592281152,0.0893873204773543,0.277129381542852,0.0257459009397439
"HALLMARK_MYC_TARGETS_V1",-0.386630559320571,-0.362999910565633,-0.0967549124675936,0.336778535045451,0.42326902570091,0.244006519558224
"HALLMARK_MYC_TARGETS_V2",-0.248874985821723,-0.311249584958682,-0.0961129721322655,0.27445582437472,0.416669992751411,-0.00891968618641012
"HALLMARK_MYOGENESIS",0.438518694137457,0.359163892146557,-0.217362674961538,-0.225130784556168,-0.31109727888253,-0.253735841792066
"HALLMARK_NOTCH_SIGNALING",0.257669873374095,0.142973104412174,0.042129647170394,-0.293586058120643,-0.140488405348227,0.0416278474492618
"HALLMARK_OXIDATIVE_PHOSPHORYLATION",-0.270278909477111,-0.48285882330456,-0.158955750608523,0.401094467648191,0.424557002576482,0.221558791166074
"HALLMARK_P53_PATHWAY",0.0814364452802206,0.183447251235464,-0.130178498476879,-0.0832746464672486,-0.0182508356834339,-0.0621173865386846
"HALLMARK_PANCREAS_BETA_CELLS",-0.288147556878003,-0.0208920958436673,0.272796382750384,0.170381175347986,-0.0501113023621592,0.00117208826017978
"HALLMARK_PEROXISOME",-0.0978588803751,-0.0308254334523536,-0.183010403900996,0.252135800028045,0.186186533231513,0.095665197746055
"HALLMARK_PI3K_AKT_MTOR_SIGNALING",0.114089800711073,0.0889886859733172,-0.366195359511301,0.136037286660909,0.101582874231613,-0.0140794073006215
"HALLMARK_PROTEIN_SECRETION",-0.137477747983054,-0.238899078432108,-0.132112357321258,-0.0548387269449869,0.354142309433922,0.128043058757389
"HALLMARK_REACTIVE_OXYGEN_SPECIES_PATHWAY",-0.216133018656257,-0.142569735048081,-0.352640277457213,0.128105619570658,0.281426280282241,0.272463111322558
"HALLMARK_SPERMATOGENESIS",0.0356804518541403,0.171043982219168,-0.0154420471825551,0.0840431130512352,-0.124358590842716,-0.145296506726559
"HALLMARK_TGF_BETA_SIGNALING",0.326034748722356,0.185557552393781,-0.136644854215634,-0.395946228906555,-0.172982782480416,0.0788204204096119
"HALLMARK_TNFA_SIGNALING_VIA_NFKB",0.328994235203118,0.432452607628644,-0.470859195905537,-0.0832038967731112,-0.180177913522736,-0.0311575565750834
"HALLMARK_UNFOLDED_PROTEIN_RESPONSE",-0.140783451101235,-0.0360918017373593,-0.154969260983962,0.08467423269587,0.330760506670611,-0.0193626054420019
"HALLMARK_UV_RESPONSE_DN",0.343885533672503,0.144043342745233,0.0847456672934087,-0.46100563869465,-0.162477276136306,-0.015579386932396
"HALLMARK_UV_RESPONSE_UP",0.226860328632686,0.213071284436884,-0.339377108892987,-0.0431753687413132,0.14391371929159,-0.0723225836596722
"HALLMARK_WNT_BETA_CATENIN_SIGNALING",0.39082021906267,0.360238133917536,-0.0182186401718338,-0.475372375707934,-0.192436756350959,-0.250396371395475
"HALLMARK_XENOBIOTIC_METABOLISM",0.131435432598157,0.0646728074763381,-0.106140231593815,-0.0149463255847988,-0.0318255533914465,-0.0166658639098362
