"pathway","control_mean","neuropathy_mean","delta_GSVA","CI95_low","CI95_high","moderated_t","p_value","FDR_BH_50","n_control","n_neuropathy","direction","complete_separation"
"HALLMARK_ADIPOGENESIS",-0.100301833887364,0.113606156836076,0.21390799072344,-0.0519321286628078,0.479748110109688,1.80519226947554,0.102706054831198,0.233422851889086,3,3,"higher_in_neuropathy","neuropathy_above_control"
"HALLMARK_ALLOGRAFT_REJECTION",0.0752596272330617,-0.064489054694539,-0.139748681927601,-0.5967754986504,0.317278134795199,-0.685998264125929,0.509074552223891,0.707047989199848,3,3,"lower_in_neuropathy","overlap"
"HALLMARK_ANDROGEN_RESPONSE",0.0569834111039726,-0.0633269565530004,-0.120310367656973,-0.45077992304275,0.210159187728803,-0.816748936837101,0.434033652549198,0.638284783160585,3,3,"lower_in_neuropathy","overlap"
"HALLMARK_ANGIOGENESIS",0.11333702797638,-0.181925036960396,-0.295262064936776,-0.730033334601623,0.139509204728071,-1.52357485045061,0.160117400444944,0.307918077778738,3,3,"lower_in_neuropathy","overlap"
"HALLMARK_APICAL_JUNCTION",0.173883614988991,-0.227098873417858,-0.400982488406849,-0.750353865664378,-0.0516111111493189,-2.57486856206765,0.0286904915135878,0.143452457567939,3,3,"lower_in_neuropathy","neuropathy_below_control"
"HALLMARK_APICAL_SURFACE",0.172943904138109,-0.217351645909148,-0.390295550047257,-0.786850033622388,0.00625893352787293,-2.20804395835648,0.0530385342604605,0.176795114201535,3,3,"lower_in_neuropathy","overlap"
"HALLMARK_APOPTOSIS",0.0889609973480793,-0.0651287317525035,-0.154089729100583,-0.544366360861266,0.2361869026601,-0.88576420013802,0.397565839690088,0.638284783160585,3,3,"lower_in_neuropathy","overlap"
"HALLMARK_BILE_ACID_METABOLISM",-0.0275969472577403,0.0295483270348422,0.0571452742925825,-0.198444278092856,0.312734826678021,0.501596161366425,0.627346372321661,0.804290220925206,3,3,"higher_in_neuropathy","overlap"
"HALLMARK_CHOLESTEROL_HOMEOSTASIS",0.0465360561604575,0.0281399332173457,-0.0183961229431118,-0.484308832941753,0.447516587055529,-0.0885806219545655,0.931250761225219,0.931250761225219,3,3,"lower_in_neuropathy","overlap"
"HALLMARK_COAGULATION",0.11196425230153,-0.1576889863794,-0.26965323868093,-0.634234731508396,0.0949282541465356,-1.65931180101605,0.129578289199562,0.259156578399123,3,3,"lower_in_neuropathy","overlap"
"HALLMARK_COMPLEMENT",-0.00975482563256661,-0.0403133701169165,-0.0305585444843498,-0.409334553517037,0.348217464548337,-0.180995251460078,0.860166195699092,0.913416564403638,3,3,"lower_in_neuropathy","overlap"
"HALLMARK_DNA_REPAIR",-0.221376846608951,0.259566140671227,0.480942987280179,0.174263015960487,0.787622958599871,3.51823757535165,0.00598886548980564,0.0598886548980564,3,3,"higher_in_neuropathy","neuropathy_above_control"
"HALLMARK_E2F_TARGETS",-0.150090354363285,0.23625057466389,0.386340929027175,0.0414369831431442,0.731244874911205,2.5129829202544,0.0318345647634642,0.144702567106655,3,3,"higher_in_neuropathy","overlap"
"HALLMARK_EPITHELIAL_MESENCHYMAL_TRANSITION",0.166849056818974,-0.222099776620403,-0.388948833439377,-0.852933808241094,0.0750361413623389,-1.88063942489747,0.0909183958510971,0.227295989627743,3,3,"lower_in_neuropathy","overlap"
"HALLMARK_ESTROGEN_RESPONSE_EARLY",0.125647303132411,-0.162524605713827,-0.288171908846238,-0.630089229373353,0.0537454116808761,-1.89080839498948,0.0894296649445437,0.227295989627743,3,3,"lower_in_neuropathy","overlap"
"HALLMARK_ESTROGEN_RESPONSE_LATE",0.0229728562287419,-0.0315539931881901,-0.0545268494169321,-0.371661590231558,0.262607891397694,-0.385730131126267,0.708175054127848,0.813475750996034,3,3,"lower_in_neuropathy","overlap"
"HALLMARK_FATTY_ACID_METABOLISM",-0.178237816969313,0.229946219023054,0.408184035992367,0.13232761061581,0.684040461368924,3.31963160994953,0.00828367826461696,0.0690306522051413,3,3,"higher_in_neuropathy","neuropathy_above_control"
"HALLMARK_G2M_CHECKPOINT",-0.0105409659845681,0.0371352014897344,0.0476761674743025,-0.23752714721856,0.332879482167165,0.375028046783036,0.71585866087651,0.813475750996034,3,3,"higher_in_neuropathy","overlap"
"HALLMARK_GLYCOLYSIS",-0.0167550266356894,0.0416426589424219,0.0583976855781114,-0.229430658869674,0.346226030025896,0.455175686389794,0.659186224564119,0.811080386787161,3,3,"higher_in_neuropathy","overlap"
"HALLMARK_HEDGEHOG_SIGNALING",0.0547927341224916,-0.0406971558266485,-0.09548988994914,-0.352958536597703,0.161978756699423,-0.832051145104344,0.425758329021343,0.638284783160585,3,3,"lower_in_neuropathy","overlap"
"HALLMARK_HEME_METABOLISM",0.0047233315893578,0.0253713200789893,0.0206479884896315,-0.321577687353761,0.362873664333024,0.135357442371289,0.895148233115565,0.913416564403638,3,3,"higher_in_neuropathy","overlap"
"HALLMARK_HYPOXIA",0.0267807812180832,-0.0488837751819135,-0.0756645563999967,-0.469913681079693,0.318584568279699,-0.430565008679453,0.676368694407009,0.811080386787161,3,3,"lower_in_neuropathy","overlap"
"HALLMARK_IL2_STAT5_SIGNALING",0.0800805483378461,-0.103764665440811,-0.183845213778657,-0.565168941542376,0.197478513985062,-1.08162191488778,0.306056231699566,0.56677079944364,3,3,"lower_in_neuropathy","overlap"
"HALLMARK_IL6_JAK_STAT3_SIGNALING",0.0658707705935237,-0.0677525950079192,-0.133623365601443,-0.616431605650541,0.349184874447655,-0.620904364580853,0.549237848195894,0.74221330837283,3,3,"lower_in_neuropathy","overlap"
"HALLMARK_INFLAMMATORY_RESPONSE",0.0792511077766902,-0.0927619379252474,-0.172013045701938,-0.606818019175774,0.262791927771899,-0.887531677230898,0.396660827383387,0.638284783160585,3,3,"lower_in_neuropathy","overlap"
"HALLMARK_INTERFERON_ALPHA_RESPONSE",-0.108523852998369,0.00568411956579222,0.114207972564161,-0.393585468622548,0.62200141375087,0.504575680814356,0.625329103475783,0.804290220925206,3,3,"higher_in_neuropathy","overlap"
"HALLMARK_INTERFERON_GAMMA_RESPONSE",-0.000448727189776362,-0.0541979694414568,-0.0537492422516804,-0.560397938403308,0.452899453899947,-0.238002981019104,0.816922620926391,0.887959370572164,3,3,"lower_in_neuropathy","overlap"
"HALLMARK_KRAS_SIGNALING_DN",0.146254925955997,-0.133621891433763,-0.27987681738976,-0.599852738083637,0.0400991033041168,-1.96230544685761,0.0795901501777726,0.221083750493813,3,3,"lower_in_neuropathy","overlap"
"HALLMARK_KRAS_SIGNALING_UP",0.127268551670499,-0.12357427265946,-0.250842824329959,-0.589829056802037,0.0881434081421174,-1.66010899155746,0.129415523605948,0.259156578399123,3,3,"lower_in_neuropathy","overlap"
"HALLMARK_MITOTIC_SPINDLE",0.124755913758771,-0.143616314434018,-0.268372228192789,-0.531611529714957,-0.0051329266706216,-2.28719831403232,0.0464793021874839,0.17018840368332,3,3,"lower_in_neuropathy","neuropathy_below_control"
"HALLMARK_MTORC1_SIGNALING",-0.13187259550476,0.13075420098665,0.26262679649141,-0.0182554084203994,0.543509001403219,2.09764403086567,0.0637024773754072,0.195105984002619,3,3,"higher_in_neuropathy","neuropathy_above_control"
"HALLMARK_MYC_TARGETS_V1",-0.282128460784599,0.334684693434862,0.616813154219461,0.322448465498149,0.911177842940773,4.70094202355346,0.000960353505756997,0.0240088376439249,3,3,"higher_in_neuropathy","neuropathy_above_control"
"HALLMARK_MYC_TARGETS_V2",-0.218745847637557,0.227402043646574,0.446147891284131,0.122967585929197,0.769328196639064,3.09706940312318,0.0119669039868198,0.0854778856201411,3,3,"higher_in_neuropathy","neuropathy_above_control"
"HALLMARK_MYOGENESIS",0.193439970440825,-0.263321301743588,-0.456761272184414,-0.849697134893175,-0.063825409475653,-2.60786187803703,0.0271428925951983,0.143452457567939,3,3,"lower_in_neuropathy","neuropathy_below_control"
"HALLMARK_NOTCH_SIGNALING",0.147590874985554,-0.130815538673203,-0.278406413658757,-0.579686382075986,0.0228735547584721,-2.07312724316458,0.0663360345608904,0.195105984002619,3,3,"lower_in_neuropathy","neuropathy_below_control"
"HALLMARK_OXIDATIVE_PHOSPHORYLATION",-0.304031161130065,0.349070087130249,0.653101248260314,0.352263770139957,0.953938726380671,4.87041035874176,0.000750697297663654,0.0240088376439249,3,3,"higher_in_neuropathy","neuropathy_above_control"
"HALLMARK_P53_PATHWAY",0.0449017326796018,-0.0545476228964557,-0.0994493555760575,-0.3849919598063,0.186093248654185,-0.781354355172432,0.45358599115062,0.647979987358029,3,3,"lower_in_neuropathy","overlap"
"HALLMARK_PANCREAS_BETA_CELLS",-0.0120810899904287,0.0404806537486688,0.0525617437390975,-0.304643555776716,0.409767043254911,0.330117730743371,0.748459865461677,0.831622072735196,3,3,"higher_in_neuropathy","overlap"
"HALLMARK_PEROXISOME",-0.103898239242816,0.177995843668538,0.281894082911354,0.0151159133294359,0.548672252493273,2.37056927658129,0.0404278059205912,0.168449191335797,3,3,"higher_in_neuropathy","neuropathy_above_control"
"HALLMARK_PI3K_AKT_MTOR_SIGNALING",-0.0543722909423034,0.0745135845306334,0.128885875472937,-0.215489276905311,0.473261027851185,0.839634929973875,0.421697016263063,0.638284783160585,3,3,"higher_in_neuropathy","overlap"
"HALLMARK_PROTEIN_SECRETION",-0.169496394578807,0.142448880415441,0.311945274994248,0.00395601085064884,0.619934539137848,2.2722693667346,0.0476527530313296,0.17018840368332,3,3,"higher_in_neuropathy","neuropathy_above_control"
"HALLMARK_REACTIVE_OXYGEN_SPECIES_PATHWAY",-0.237114343720517,0.227331670391819,0.464446014112336,0.188858032758513,0.74003399546616,3.78087175377647,0.00392597386060243,0.0598886548980564,3,3,"higher_in_neuropathy","neuropathy_above_control"
"HALLMARK_SPERMATOGENESIS",0.0637607956302511,-0.0618706615060131,-0.125631457136264,-0.409530159114034,0.158267244841505,-0.992777601069854,0.345379984835384,0.616749972920329,3,3,"lower_in_neuropathy","overlap"
"HALLMARK_TGF_BETA_SIGNALING",0.124982482300168,-0.163369530325786,-0.288352012625954,-0.665386263453404,0.0886822382014953,-1.71577036567453,0.118498000973294,0.257604349941943,3,3,"lower_in_neuropathy","overlap"
"HALLMARK_TNFA_SIGNALING_VIA_NFKB",0.0968625489754085,-0.0981797889569768,-0.195042337932385,-0.68395264941738,0.293867973552609,-0.894986897123287,0.392859418338897,0.638284783160585,3,3,"lower_in_neuropathy","overlap"
"HALLMARK_UNFOLDED_PROTEIN_RESPONSE",-0.110614837940852,0.132024044641493,0.242638882582345,-0.0548159742033493,0.54009373936804,1.83002200908442,0.0986786155834869,0.233422851889086,3,3,"higher_in_neuropathy","neuropathy_above_control"
"HALLMARK_UV_RESPONSE_DN",0.190891514570381,-0.213020767254451,-0.403912281824832,-0.738618861722992,-0.0692057019266722,-2.70732123032283,0.0229653557515887,0.143452457567939,3,3,"lower_in_neuropathy","neuropathy_below_control"
"HALLMARK_UV_RESPONSE_UP",0.033518168058861,0.00947192229686813,-0.0240462457619929,-0.40610772428656,0.358015232762574,-0.141198801184799,0.890655755565282,0.913416564403638,3,3,"lower_in_neuropathy","overlap"
"HALLMARK_WNT_BETA_CATENIN_SIGNALING",0.244279904269458,-0.306068501151456,-0.550348405420914,-0.889551712475461,-0.211145098366367,-3.63994326755375,0.00491950704266606,0.0598886548980564,3,3,"lower_in_neuropathy","neuropathy_below_control"
"HALLMARK_XENOBIOTIC_METABOLISM",0.0299893361602266,-0.0211459142953605,-0.0511352504555871,-0.321991662282085,0.219721161370911,-0.423543719873136,0.681307524901215,0.811080386787161,3,3,"lower_in_neuropathy","overlap"
