"pathway","set_genes","measured_genes"
"HALLMARK_ADIPOGENESIS",201,197
"HALLMARK_ALLOGRAFT_REJECTION",196,169
"HALLMARK_ANDROGEN_RESPONSE",98,94
"HALLMARK_ANGIOGENESIS",36,36
"HALLMARK_APICAL_JUNCTION",201,183
"HALLMARK_APICAL_SURFACE",43,41
"HALLMARK_APOPTOSIS",160,156
"HALLMARK_BILE_ACID_METABOLISM",113,107
"HALLMARK_CHOLESTEROL_HOMEOSTASIS",75,71
"HALLMARK_COAGULATION",139,122
"HALLMARK_COMPLEMENT",191,175
"HALLMARK_DNA_REPAIR",148,141
"HALLMARK_E2F_TARGETS",200,192
"HALLMARK_EPITHELIAL_MESENCHYMAL_TRANSITION",200,187
"HALLMARK_ESTROGEN_RESPONSE_EARLY",199,184
"HALLMARK_ESTROGEN_RESPONSE_LATE",199,182
"HALLMARK_FATTY_ACID_METABOLISM",157,143
"HALLMARK_G2M_CHECKPOINT",198,179
"HALLMARK_GLYCOLYSIS",200,184
"HALLMARK_HEDGEHOG_SIGNALING",36,34
"HALLMARK_HEME_METABOLISM",190,180
"HALLMARK_HYPOXIA",199,184
"HALLMARK_IL2_STAT5_SIGNALING",195,186
"HALLMARK_IL6_JAK_STAT3_SIGNALING",88,78
"HALLMARK_INFLAMMATORY_RESPONSE",199,177
"HALLMARK_INTERFERON_ALPHA_RESPONSE",96,93
"HALLMARK_INTERFERON_GAMMA_RESPONSE",193,176
"HALLMARK_KRAS_SIGNALING_DN",197,169
"HALLMARK_KRAS_SIGNALING_UP",198,184
"HALLMARK_MITOTIC_SPINDLE",198,181
"HALLMARK_MTORC1_SIGNALING",202,191
"HALLMARK_MYC_TARGETS_V1",201,184
"HALLMARK_MYC_TARGETS_V2",59,58
"HALLMARK_MYOGENESIS",198,190
"HALLMARK_NOTCH_SIGNALING",32,30
"HALLMARK_OXIDATIVE_PHOSPHORYLATION",202,186
"HALLMARK_P53_PATHWAY",196,183
"HALLMARK_PANCREAS_BETA_CELLS",40,36
"HALLMARK_PEROXISOME",104,98
"HALLMARK_PI3K_AKT_MTOR_SIGNALING",105,101
"HALLMARK_PROTEIN_SECRETION",97,92
"HALLMARK_REACTIVE_OXYGEN_SPECIES_PATHWAY",50,44
"HALLMARK_SPERMATOGENESIS",133,108
"HALLMARK_TGF_BETA_SIGNALING",54,51
"HALLMARK_TNFA_SIGNALING_VIA_NFKB",199,190
"HALLMARK_UNFOLDED_PROTEIN_RESPONSE",113,109
"HALLMARK_UV_RESPONSE_DN",144,142
"HALLMARK_UV_RESPONSE_UP",157,149
"HALLMARK_WNT_BETA_CATENIN_SIGNALING",42,40
"HALLMARK_XENOBIOTIC_METABOLISM",206,190
