"ENSEMBL","SYMBOL","ENTREZID"
"ENSRNOG00000002412",NA,NA
"ENSRNOG00000057126",NA,NA
"ENSRNOG00000061816",NA,NA
"ENSRNOG00000010278","Il6","24498"
"ENSRNOG00000056580","En1","685360"
"ENSRNOG00000043416","Bcl3","680611"
"ENSRNOG00000009153","Cidec","500292"
"ENSRNOG00000017762","Cdhr5","171554"
"ENSRNOG00000037191",NA,NA
"ENSRNOG00000015248","Abca12","301482"
"ENSRNOG00000017325","Cldn7","65132"
"ENSRNOG00000026036","Pdyn","29190"
"ENSRNOG00000020579","Ucn2","170896"
"ENSRNOG00000020579","Col7a1","301012"
"ENSRNOG00000026548","Dhrs7c","287411"
"ENSRNOG00000049976","Gzmb","171528"
"ENSRNOG00000001251","Grifin","117130"
"ENSRNOG00000007332","Sstr3","171044"
"ENSRNOG00000025119","Fmo9","685365"
"ENSRNOG00000019763","Mlph","316620"
"ENSRNOG00000006950","Padi3","29520"
"ENSRNOG00000054218","Il18rap","373540"
"ENSRNOG00000003435","Mcf2","317598"
"ENSRNOG00000000187","Csf2rb","171081"
"ENSRNOG00000004641","Sstr4","25555"
"ENSRNOG00000056493","Mybpc1","362867"
"ENSRNOG00000018716","Dennd2c","295333"
"ENSRNOG00000002460","Serpinb2","60325"
"ENSRNOG00000017980","Itgal","308995"
"ENSRNOG00000014960","Bard1","64557"
"ENSRNOG00000012172","Spi1","366126"
"ENSRNOG00000014956","Slc11a1","316519"
"ENSRNOG00000000383","Mypn","309760"
"ENSRNOG00000014835","Il1rl1","25556"
"ENSRNOG00000024536",NA,NA
"ENSRNOG00000007483","Ccnf","117524"
"ENSRNOG00000004642","Lmx1a","289201"
"ENSRNOG00000057862","Rsph1","361818"
"ENSRNOG00000005810","Nlrc4","298784"
"ENSRNOG00000020807","Wdr62","308492"
"ENSRNOG00000000017","Steap1","297738"
"ENSRNOG00000008478","Mmp13","171052"
"ENSRNOG00000013123","Scube2","499241"
"ENSRNOG00000008412","Gprc5a","312790"
"ENSRNOG00000059513","Znf773","102547412"
"ENSRNOG00000028743","Gal3st3","499302"
"ENSRNOG00000046231","Cacna1s","682930"
"ENSRNOG00000045654","Hspa1a","24472"
"ENSRNOG00000045654","Hspa1b","108348108"
"ENSRNOG00000016429","Grm5","24418"
"ENSRNOG00000024904","Pla2g4e","296091"
"ENSRNOG00000026594","Tmem61","100909776"
"ENSRNOG00000022796","Fgfbp3","499349"
"ENSRNOG00000020281","Kif22","293502"
"ENSRNOG00000002937","Ren","24715"
"ENSRNOG00000055650","Pou2f2","117058"
"ENSRNOG00000006731","Spc25","295661"
"ENSRNOG00000011321","Rftn1","501095"
"ENSRNOG00000019377","Amh","25378"
