"study","pathway","NES","pathway_FDR","leading_edge_genes","ranked_symbols"
"OIPN_GSE160543","HALLMARK_ALLOGRAFT_REJECTION",1.7513175246054,0.000683200109312018,49,16614
"OIPN_GSE160543","HALLMARK_APOPTOSIS",1.73622216257023,0.000683200109312018,39,16614
"OIPN_GSE160543","HALLMARK_COAGULATION",1.76071399332661,0.00169307869429771,41,16614
"OIPN_GSE160543","HALLMARK_EPITHELIAL_MESENCHYMAL_TRANSITION",1.99638833716378,0.000683200109312018,67,16614
"OIPN_GSE160543","HALLMARK_G2M_CHECKPOINT",2.90241604835369,0.000683200109312018,79,16614
"OIPN_GSE160543","HALLMARK_IL6_JAK_STAT3_SIGNALING",1.61487493643777,0.0123492727160461,29,16614
"OIPN_GSE160543","HALLMARK_INTERFERON_ALPHA_RESPONSE",2.21684250010936,0.000683200109312018,52,16614
"OIPN_GSE160543","HALLMARK_INTERFERON_GAMMA_RESPONSE",2.1889740562122,0.000683200109312018,88,16614
"OIPN_GSE160543","HALLMARK_P53_PATHWAY",2.04113510479887,0.000683200109312018,54,16614
"OIPN_GSE160543","HALLMARK_TNFA_SIGNALING_VIA_NFKB",1.69041987964629,0.000683200109312018,66,16614
"NC_GSE246156","HALLMARK_ALLOGRAFT_REJECTION",2.40544203639602,0.00138243751382438,69,12424
"NC_GSE246156","HALLMARK_APOPTOSIS",2.05502260558451,0.00138243751382438,59,12424
"NC_GSE246156","HALLMARK_COAGULATION",1.53345217260646,0.0101392456401244,33,12424
"NC_GSE246156","HALLMARK_EPITHELIAL_MESENCHYMAL_TRANSITION",2.07472739922398,0.00138243751382438,48,12424
"NC_GSE246156","HALLMARK_G2M_CHECKPOINT",2.6456530003064,0.00138243751382438,97,12424
"NC_GSE246156","HALLMARK_IL6_JAK_STAT3_SIGNALING",2.31714195482732,0.00138243751382438,34,12424
"NC_GSE246156","HALLMARK_INTERFERON_ALPHA_RESPONSE",1.70492696825455,0.00332502078137988,42,12424
"NC_GSE246156","HALLMARK_INTERFERON_GAMMA_RESPONSE",2.18692610093016,0.00138243751382438,70,12424
"NC_GSE246156","HALLMARK_P53_PATHWAY",1.67837161126477,0.00138243751382438,45,12424
"NC_GSE246156","HALLMARK_TNFA_SIGNALING_VIA_NFKB",2.5707841609148,0.00138243751382438,80,12424
"CCI_GSE212311","HALLMARK_ALLOGRAFT_REJECTION",2.24643927507488,0.00148729847105717,58,13799
"CCI_GSE212311","HALLMARK_APOPTOSIS",1.65171119990134,0.00995449374288965,42,13799
"CCI_GSE212311","HALLMARK_COAGULATION",1.84289154543157,0.00192067607797945,36,13799
"CCI_GSE212311","HALLMARK_EPITHELIAL_MESENCHYMAL_TRANSITION",1.83160154638796,0.00148729847105717,46,13799
"CCI_GSE212311","HALLMARK_G2M_CHECKPOINT",1.48257407385836,0.0258831981068289,37,13799
"CCI_GSE212311","HALLMARK_IL6_JAK_STAT3_SIGNALING",2.44957584089756,0.00148729847105717,31,13799
"CCI_GSE212311","HALLMARK_INTERFERON_ALPHA_RESPONSE",1.80882876224347,0.00808799741184083,23,13799
"CCI_GSE212311","HALLMARK_INTERFERON_GAMMA_RESPONSE",2.35329975009228,0.00148729847105717,61,13799
"CCI_GSE212311","HALLMARK_P53_PATHWAY",1.55119233834525,0.014476319154583,44,13799
"CCI_GSE212311","HALLMARK_TNFA_SIGNALING_VIA_NFKB",2.46979155663855,0.00148729847105717,70,13799
