"pathway","union_LE_genes","shared_ge3","shared_ge3_all3_ranked","shared_all3","shared_ge3_positive_all3"
"HALLMARK_ALLOGRAFT_REJECTION",109,20,20,20,20
"HALLMARK_APOPTOSIS",91,6,6,6,6
"HALLMARK_COAGULATION",73,4,4,4,4
"HALLMARK_EPITHELIAL_MESENCHYMAL_TRANSITION",115,8,8,8,8
"HALLMARK_G2M_CHECKPOINT",129,19,19,19,19
"HALLMARK_IL6_JAK_STAT3_SIGNALING",57,8,8,8,8
"HALLMARK_INTERFERON_ALPHA_RESPONSE",77,5,5,5,5
"HALLMARK_INTERFERON_GAMMA_RESPONSE",137,18,18,18,18
"HALLMARK_P53_PATHWAY",101,6,6,6,6
"HALLMARK_TNFA_SIGNALING_VIA_NFKB",136,15,15,15,15
