symbol,minimum_score,degree,component_id,component_size,isolated
Bard1,0.4,4,1,26,False
Cd14,0.4,2,1,26,False
Cdk1,0.4,9,1,26,False
Cdkn1a,0.4,6,1,26,False
Clspn,0.4,5,1,26,False
Csf1,0.4,4,1,26,False
Cycs,0.4,5,1,26,False
Dtl,0.4,3,1,26,False
Foxm1,0.4,7,1,26,False
Ghitm,0.4,2,1,26,False
Gpnmb,0.4,2,1,26,False
Icam1,0.4,8,1,26,False
Ikbke,0.4,3,1,26,False
Il4r,0.4,3,1,26,False
Irak3,0.4,1,1,26,False
Irf1,0.4,6,1,26,False
Itgal,0.4,2,1,26,False
Jak3,0.4,2,1,26,False
Nrn1,0.4,1,1,26,False
Parp14,0.4,1,1,26,False
Pdhb,0.4,2,1,26,False
Plk1,0.4,6,1,26,False
Plk2,0.4,3,1,26,False
Tln1,0.4,3,1,26,False
Uqcrc2,0.4,4,1,26,False
Uqcrfs1,0.4,4,1,26,False
Dhcr7,0.4,3,2,4,False
Hmgcs1,0.4,3,2,4,False
Insig1,0.4,3,2,4,False
Sqle,0.4,3,2,4,False
Amigo1,0.4,0,3,1,True
Ephb2,0.4,0,4,1,True
Fxyd7,0.4,0,5,1,True
Kcna2,0.4,0,6,1,True
Myof,0.4,0,7,1,True
Nefh,0.4,0,8,1,True
Syt11,0.4,0,9,1,True
Cdk1,0.7,5,1,8,False
Cdkn1a,0.7,1,1,8,False
Clspn,0.7,1,1,8,False
Dtl,0.7,1,1,8,False
Foxm1,0.7,2,1,8,False
Plk1,0.7,4,1,8,False
Plk2,0.7,1,1,8,False
Tln1,0.7,1,1,8,False
Cycs,0.7,2,2,4,False
Pdhb,0.7,2,2,4,False
Uqcrc2,0.7,3,2,4,False
Uqcrfs1,0.7,3,2,4,False
Dhcr7,0.7,2,3,4,False
Hmgcs1,0.7,3,3,4,False
Insig1,0.7,2,3,4,False
Sqle,0.7,3,3,4,False
Csf1,0.7,1,4,3,False
Icam1,0.7,2,4,3,False
Itgal,0.7,1,4,3,False
Il4r,0.7,1,5,2,False
Jak3,0.7,1,5,2,False
Amigo1,0.7,0,6,1,True
Bard1,0.7,0,7,1,True
Cd14,0.7,0,8,1,True
Ephb2,0.7,0,9,1,True
Fxyd7,0.7,0,10,1,True
Ghitm,0.7,0,11,1,True
Gpnmb,0.7,0,12,1,True
Ikbke,0.7,0,13,1,True
Irak3,0.7,0,14,1,True
Irf1,0.7,0,15,1,True
Kcna2,0.7,0,16,1,True
Myof,0.7,0,17,1,True
Nefh,0.7,0,18,1,True
Nrn1,0.7,0,19,1,True
Parp14,0.7,0,20,1,True
Syt11,0.7,0,21,1,True
Cdk1,0.9,2,1,4,False
Foxm1,0.9,2,1,4,False
Plk1,0.9,3,1,4,False
Plk2,0.9,1,1,4,False
Cycs,0.9,2,2,3,False
Uqcrc2,0.9,2,2,3,False
Uqcrfs1,0.9,2,2,3,False
Dhcr7,0.9,2,3,3,False
Hmgcs1,0.9,2,3,3,False
Sqle,0.9,2,3,3,False
Icam1,0.9,1,4,2,False
Itgal,0.9,1,4,2,False
Il4r,0.9,1,5,2,False
Jak3,0.9,1,5,2,False
Amigo1,0.9,0,6,1,True
Bard1,0.9,0,7,1,True
Cd14,0.9,0,8,1,True
Cdkn1a,0.9,0,9,1,True
Clspn,0.9,0,10,1,True
Csf1,0.9,0,11,1,True
Dtl,0.9,0,12,1,True
Ephb2,0.9,0,13,1,True
Fxyd7,0.9,0,14,1,True
Ghitm,0.9,0,15,1,True
Gpnmb,0.9,0,16,1,True
Ikbke,0.9,0,17,1,True
Insig1,0.9,0,18,1,True
Irak3,0.9,0,19,1,True
Irf1,0.9,0,20,1,True
Kcna2,0.9,0,21,1,True
Myof,0.9,0,22,1,True
Nefh,0.9,0,23,1,True
Nrn1,0.9,0,24,1,True
Parp14,0.9,0,25,1,True
Pdhb,0.9,0,26,1,True
Syt11,0.9,0,27,1,True
Tln1,0.9,0,28,1,True
