#node1	node2	node1_string_id	node2_string_id	neighborhood_on_chromosome	gene_fusion	phylogenetic_cooccurrence	homology	coexpression	experimentally_determined_interaction	database_annotated	automated_textmining	combined_score
Bard1	Foxm1	10116.ENSRNOP00000075183	10116.ENSRNOP00000008003	0	0	0	0	0.348	0.084	0.053	0.199	0.486
Bard1	Clspn	10116.ENSRNOP00000075183	10116.ENSRNOP00000015227	0	0	0	0	0.234	0.207	0	0.323	0.552
Bard1	Plk1	10116.ENSRNOP00000075183	10116.ENSRNOP00000025629	0	0	0	0	0.254	0.287	0	0.226	0.552
Bard1	Cdk1	10116.ENSRNOP00000075183	10116.ENSRNOP00000070138	0	0	0	0	0.241	0.286	0.078	0.224	0.560
Cd14	Icam1	10116.ENSRNOP00000023977	10116.ENSRNOP00000028066	0	0	0	0	0.154	0	0	0.395	0.466
Cd14	Ikbke	10116.ENSRNOP00000023977	10116.ENSRNOP00000030127	0	0	0	0	0.084	0	0.500	0	0.522
Cdk1	Cdkn1a	10116.ENSRNOP00000070138	10116.ENSRNOP00000000628	0	0	0	0	0.090	0.469	0.289	0.625	0.853
Cdk1	Dtl	10116.ENSRNOP00000070138	10116.ENSRNOP00000005576	0	0	0	0	0.648	0.147	0	0.133	0.716
Cdk1	Foxm1	10116.ENSRNOP00000070138	10116.ENSRNOP00000008003	0	0	0	0	0.590	0.812	0.528	0.520	0.980
Cdk1	Cycs	10116.ENSRNOP00000070138	10116.ENSRNOP00000014058	0	0	0	0	0.047	0	0	0.535	0.537
Cdk1	Clspn	10116.ENSRNOP00000070138	10116.ENSRNOP00000015227	0	0	0	0	0.281	0	0	0.351	0.513
Cdk1	Plk2	10116.ENSRNOP00000070138	10116.ENSRNOP00000016768	0	0	0.132	0.630	0.044	0.262	0.298	0.170	0.578
Cdk1	Tln1	10116.ENSRNOP00000070138	10116.ENSRNOP00000022401	0	0	0	0	0.054	0.736	0	0.244	0.794
Cdk1	Plk1	10116.ENSRNOP00000070138	10116.ENSRNOP00000025629	0	0	0	0.618	0.901	0.374	0.975	0.379	0.998
Cdkn1a	Icam1	10116.ENSRNOP00000000628	10116.ENSRNOP00000028066	0	0	0	0	0.105	0	0	0.361	0.403
Cdkn1a	Plk1	10116.ENSRNOP00000000628	10116.ENSRNOP00000025629	0	0	0	0	0.069	0	0	0.440	0.456
Cdkn1a	Foxm1	10116.ENSRNOP00000000628	10116.ENSRNOP00000008003	0	0	0	0	0.052	0.072	0	0.478	0.500
Cdkn1a	Cycs	10116.ENSRNOP00000000628	10116.ENSRNOP00000014058	0	0	0	0	0.046	0	0	0.517	0.519
Cdkn1a	Dtl	10116.ENSRNOP00000000628	10116.ENSRNOP00000005576	0	0	0	0	0	0.533	0	0.149	0.585
Clspn	Dtl	10116.ENSRNOP00000015227	10116.ENSRNOP00000005576	0	0	0	0	0.320	0	0	0.286	0.493
Clspn	Foxm1	10116.ENSRNOP00000015227	10116.ENSRNOP00000008003	0	0	0	0	0.262	0	0	0.241	0.415
Clspn	Plk1	10116.ENSRNOP00000015227	10116.ENSRNOP00000025629	0	0	0	0	0.205	0.628	0	0.588	0.867
Csf1	Irf1	10116.ENSRNOP00000073134	10116.ENSRNOP00000010968	0	0	0	0	0.132	0	0	0.399	0.456
Csf1	Gpnmb	10116.ENSRNOP00000073134	10116.ENSRNOP00000011945	0	0	0	0	0.111	0	0	0.547	0.580
Csf1	Il4r	10116.ENSRNOP00000073134	10116.ENSRNOP00000020994	0	0	0	0	0.092	0.047	0.230	0.439	0.576
Csf1	Icam1	10116.ENSRNOP00000073134	10116.ENSRNOP00000028066	0	0	0	0	0.361	0	0	0.704	0.802
Cycs	Icam1	10116.ENSRNOP00000014058	10116.ENSRNOP00000028066	0	0	0	0	0	0	0	0.571	0.571
Cycs	Uqcrc2	10116.ENSRNOP00000014058	10116.ENSRNOP00000021514	0	0	0	0	0.400	0.484	0.400	0.564	0.908
Cycs	Uqcrfs1	10116.ENSRNOP00000014058	10116.ENSRNOP00000024609	0.094	0	0.227	0	0.653	0.509	0.625	0.521	0.973
Dhcr7	Insig1	10116.ENSRNOP00000028194	10116.ENSRNOP00000009233	0	0	0	0	0.273	0.070	0	0.522	0.648
Dhcr7	Sqle	10116.ENSRNOP00000028194	10116.ENSRNOP00000012883	0	0	0	0	0.463	0.545	0	0.866	0.964
Dhcr7	Hmgcs1	10116.ENSRNOP00000028194	10116.ENSRNOP00000023554	0	0	0	0	0.452	0	0	0.828	0.901
Foxm1	Irf1	10116.ENSRNOP00000008003	10116.ENSRNOP00000010968	0	0	0	0	0.046	0.151	0	0.369	0.444
Foxm1	Plk2	10116.ENSRNOP00000008003	10116.ENSRNOP00000016768	0	0	0	0	0.105	0.441	0	0.095	0.507
Foxm1	Plk1	10116.ENSRNOP00000008003	10116.ENSRNOP00000025629	0	0	0	0	0.598	0.815	0.900	0.684	0.997
Ghitm	Uqcrfs1	10116.ENSRNOP00000018723	10116.ENSRNOP00000024609	0	0	0	0	0.477	0	0	0.159	0.541
Ghitm	Uqcrc2	10116.ENSRNOP00000018723	10116.ENSRNOP00000021514	0	0	0	0	0.643	0	0	0.119	0.672
Gpnmb	Nrn1	10116.ENSRNOP00000011945	10116.ENSRNOP00000066878	0	0	0	0	0	0	0	0.411	0.411
Hmgcs1	Insig1	10116.ENSRNOP00000023554	10116.ENSRNOP00000009233	0	0	0	0	0.436	0	0	0.597	0.762
Hmgcs1	Sqle	10116.ENSRNOP00000023554	10116.ENSRNOP00000012883	0	0	0	0	0.910	0	0	0.832	0.984
Icam1	Irf1	10116.ENSRNOP00000028066	10116.ENSRNOP00000010968	0	0	0	0	0.392	0.044	0	0.506	0.687
Icam1	Il4r	10116.ENSRNOP00000028066	10116.ENSRNOP00000020994	0	0	0	0	0.179	0	0	0.321	0.418
Icam1	Tln1	10116.ENSRNOP00000028066	10116.ENSRNOP00000022401	0	0	0	0	0.111	0	0	0.480	0.517
Icam1	Itgal	10116.ENSRNOP00000028066	10116.ENSRNOP00000024404	0	0	0	0	0.112	0.902	0.939	0.721	0.998
Ikbke	Irak3	10116.ENSRNOP00000030127	10116.ENSRNOP00000005686	0	0	0	0	0.096	0.070	0.147	0.298	0.429
Ikbke	Irf1	10116.ENSRNOP00000030127	10116.ENSRNOP00000010968	0	0	0	0	0.111	0.110	0.119	0.334	0.473
Il4r	Jak3	10116.ENSRNOP00000020994	10116.ENSRNOP00000025312	0	0	0	0	0.110	0.065	0.939	0.559	0.974
Insig1	Sqle	10116.ENSRNOP00000009233	10116.ENSRNOP00000012883	0	0	0	0	0.340	0	0	0.603	0.726
Irf1	Parp14	10116.ENSRNOP00000010968	10116.ENSRNOP00000046194	0	0	0	0	0.293	0	0	0.292	0.478
Irf1	Jak3	10116.ENSRNOP00000010968	10116.ENSRNOP00000025312	0	0	0	0	0.149	0.070	0.081	0.380	0.488
Itgal	Tln1	10116.ENSRNOP00000024404	10116.ENSRNOP00000022401	0	0	0	0	0.078	0.312	0.130	0.296	0.559
Pdhb	Uqcrc2	10116.ENSRNOP00000075450	10116.ENSRNOP00000021514	0	0	0	0	0.760	0.149	0	0.486	0.885
Pdhb	Uqcrfs1	10116.ENSRNOP00000075450	10116.ENSRNOP00000024609	0	0	0	0	0.515	0.150	0	0.332	0.700
Plk1	Plk2	10116.ENSRNOP00000025629	10116.ENSRNOP00000016768	0	0	0	0	0	0.796	0.626	0.077	0.923
Uqcrc2	Uqcrfs1	10116.ENSRNOP00000021514	10116.ENSRNOP00000024609	0	0	0	0	0.934	0.843	0.989	0.807	0.999
