"AverageShortestPathLength","BetweennessCentrality","ClosenessCentrality","ClusteringCoefficient","Degree","Eccentricity","IsSingleNode","name","NeighborhoodConnectivity","NumberOfDirectedEdges","NumberOfUndirectedEdges","PartnerOfMultiEdgedNodePairs","Radiality","selected","SelfLoops","shared name","Stress","TopologicalCoefficient"
"2.76","0.0","0.3623188405797102","1.0","4","5","false","Bard1","6.75","0","4","0","0.8044444444444445","false","0","Bard1","0","0.675"
"2.24","0.15587433862433867","0.4464285714285714","0.47619047619047616","7","4","false","Foxm1","5.571428571428571","0","7","0","0.8622222222222222","false","0","Foxm1","184","0.3877551020408163"
"2.72","0.0075555555555555575","0.3676470588235294","0.7","5","5","false","Clspn","5.8","0","5","0","0.8088888888888888","false","0","Clspn","16","0.58"
"2.56","0.009437830687830688","0.390625","0.6666666666666666","6","5","false","Plk1","5.666666666666667","0","6","0","0.8266666666666667","false","0","Plk1","28","0.5151515151515151"
"2.24","0.14809126984126986","0.4464285714285714","0.3611111111111111","9","5","false","Cdk1","4.666666666666667","0","9","0","0.8622222222222222","false","0","Cdk1","206","0.3504273504273504"
"2.76","0.03188888888888889","0.3623188405797102","0.0","2","4","false","Cd14","5.5","0","2","0","0.8044444444444445","false","0","Cd14","52","0.5625"
"1.96","0.3882791005291005","0.5102040816326531","0.14285714285714285","8","3","false","Icam1","3.875","0","8","0","0.8933333333333332","false","0","Icam1","478","0.22058823529411764"
"2.88","0.08692460317460318","0.3472222222222222","0.0","3","5","false","Ikbke","3.0","0","3","0","0.7911111111111111","false","0","Ikbke","104","0.4"
"2.16","0.09918783068783071","0.4629629629629629","0.4","6","4","false","Cdkn1a","6.333333333333333","0","6","0","0.8711111111111111","false","0","Cdkn1a","180","0.37254901960784315"
"2.88","0.0020965608465608465","0.3472222222222222","0.6666666666666666","3","5","false","Dtl","6.666666666666667","0","3","0","0.7911111111111111","false","0","Dtl","8","0.6666666666666666"
"2.12","0.2899933862433863","0.4716981132075471","0.3","5","4","false","Cycs","6.2","0","5","0","0.8755555555555555","false","0","Cycs","366","0.3263157894736842"
"2.8","0.0","0.35714285714285715","1.0","3","5","false","Plk2","7.333333333333333","0","3","0","0.8","false","0","Plk2","0","0.7333333333333333"
"2.44","0.02777116402116402","0.4098360655737705","0.3333333333333333","3","4","false","Tln1","6.333333333333333","0","3","0","0.8400000000000001","false","0","Tln1","44","0.42857142857142855"
"2.36","0.15925925925925924","0.42372881355932207","0.3333333333333333","4","4","false","Csf1","4.75","0","4","0","0.8488888888888889","false","0","Csf1","136","0.34615384615384615"
"2.08","0.2964920634920635","0.4807692307692307","0.06666666666666667","6","4","false","Irf1","4.166666666666667","0","6","0","0.88","false","0","Irf1","322","0.23333333333333334"
"3.24","0.08","0.30864197530864196","0.0","2","5","false","Gpnmb","2.5","0","2","0","0.7511111111111111","false","0","Gpnmb","62","0.5"
"2.72","0.021222222222222226","0.3676470588235294","0.3333333333333333","3","4","false","Il4r","4.666666666666667","0","3","0","0.8088888888888888","false","0","Il4r","32","0.48148148148148145"
"2.88","0.07500000000000001","0.3472222222222222","0.5","4","5","false","Uqcrc2","3.25","0","4","0","0.7911111111111111","false","0","Uqcrc2","118","0.4642857142857143"
"2.88","0.07500000000000001","0.3472222222222222","0.5","4","5","false","Uqcrfs1","3.25","0","4","0","0.7911111111111111","false","0","Uqcrfs1","118","0.4642857142857143"
"1.0","0.0","1.0","1.0","3","1","false","Dhcr7","3.0","0","3","0","1.0","false","0","Dhcr7","0","1.0"
"1.0","0.0","1.0","1.0","3","1","false","Insig1","3.0","0","3","0","1.0","false","0","Insig1","0","1.0"
"1.0","0.0","1.0","1.0","3","1","false","Sqle","3.0","0","3","0","1.0","false","0","Sqle","0","1.0"
"1.0","0.0","1.0","1.0","3","1","false","Hmgcs1","3.0","0","3","0","1.0","false","0","Hmgcs1","0","1.0"
"3.8","0.0","0.2631578947368421","1.0","2","6","false","Ghitm","4.0","0","2","0","0.6888888888888889","false","0","Ghitm","0","1.0"
"4.2","0.0","0.23809523809523808","0.0","1","6","false","Nrn1","2.0","0","1","0","0.6444444444444444","false","0","Nrn1","0","0.0"
"2.72","0.0","0.3676470588235294","1.0","2","4","false","Itgal","5.5","0","2","0","0.8088888888888888","false","0","Itgal","0","0.6111111111111112"
"3.84","0.0","0.2604166666666667","0.0","1","6","false","Irak3","3.0","0","1","0","0.6844444444444444","false","0","Irak3","0","0.0"
"2.96","0.0059259259259259265","0.33783783783783783","0.0","2","5","false","Jak3","4.5","0","2","0","0.7822222222222223","false","0","Jak3","16","0.7"
"3.04","0.0","0.32894736842105265","0.0","1","5","false","Parp14","6.0","0","1","0","0.7733333333333333","false","0","Parp14","0","0.0"
"3.8","0.0","0.2631578947368421","1.0","2","6","false","Pdhb","4.0","0","2","0","0.6888888888888889","false","0","Pdhb","0","1.0"
