"study","symbol","condition","mean_log2_count_plus_1","min_count","max_count","max_sample_fraction_of_group_counts"
"OIPN_GSE160543","Acacb","Control",7.52289056006237,151.471225898466,214.395965924968,0.290644645742784
"OIPN_GSE160543","Acacb","Neuropathy",8.00220607957634,224.139345463972,288.064695693517,0.280517626328297
"OIPN_GSE160543","Acsl4","Control",10.1482297684879,1108.68778163998,1150.77468266486,0.253717405273387
"OIPN_GSE160543","Acsl4","Neuropathy",9.85119318538121,830.18644939451,986.477081190794,0.266661404574462
"OIPN_GSE160543","Acsl6","Control",10.5959174358485,1300.2127377459,1685.00238763007,0.27088106081375
"OIPN_GSE160543","Acsl6","Neuropathy",10.1934687320305,1072.24081174809,1441.72666230856,0.305707366349546
"OIPN_GSE160543","Amigo1","Control",11.6441217622634,3014.39999359052,3408.27739374785,0.266027198358342
"OIPN_GSE160543","Amigo1","Neuropathy",11.358706968334,2466.55395687574,2967.97503595192,0.281846515325639
"OIPN_GSE160543","Antxr1","Control",8.82039243168566,386.302455311525,520.100624511503,0.286647853204607
"OIPN_GSE160543","Antxr1","Neuropathy",9.2371066187182,543.076283174181,644.928964786442,0.267079402448037
"OIPN_GSE160543","Arhgap11a","Control",6.47241324072116,83.3600035145923,92.6600237070928,0.26361306288131
"OIPN_GSE160543","Arhgap11a","Neuropathy",7.30174566224897,148.754480497024,167.037514516727,0.266128089725673
"OIPN_GSE160543","Aspm","Control",6.17575934917896,50.6204806299364,92.6600237070928,0.317701350783687
"OIPN_GSE160543","Aspm","Neuropathy",6.97461684394024,111.565860372768,141.841032814723,0.283131329152894
"OIPN_GSE160543","Bard1","Control",3.74372931962291,9.01665277254537,17.1219609023976,0.334460042161544
"OIPN_GSE160543","Bard1","Neuropathy",4.96823656567357,28.8890711931342,32.0599594718211,0.264269426467275
"OIPN_GSE160543","Bnip3","Control",12.4428203522546,4905.2238288852,6433.96905175432,0.287604312896685
"OIPN_GSE160543","Bnip3","Neuropathy",11.8190135101857,2971.86109164547,4201.86559629793,0.288099470109595
"OIPN_GSE160543","Camk2d","Control",10.1765268034247,1067.41467915027,1205.58748236294,0.260371785450347
"OIPN_GSE160543","Camk2d","Neuropathy",9.90934149385019,897.553556724617,1017.79381392701,0.264445440620928
"OIPN_GSE160543","Caprin1","Control",12.50030446561,5600.01473949218,5964.48543905873,0.257335005480175
"OIPN_GSE160543","Caprin1","Neuropathy",12.1588656890823,4151.93247161037,4823.75548927522,0.263306130724867
"OIPN_GSE160543","Cav1","Control",10.7968207488835,1609.46432482537,1867.0024326453,0.262079758958424
"OIPN_GSE160543","Cav1","Neuropathy",11.1913036561946,1876.96489998661,2683.69509635529,0.284130433013033
"OIPN_GSE160543","Cd180","Control",4.77631740427378,21.0388564692725,40.6948961926939,0.372333801775314
"OIPN_GSE160543","Cd180","Neuropathy",5.70246848530362,39.8320708589292,68.5053528604718,0.329110019598994
"OIPN_GSE160543","Cd44","Control",11.7115518998958,3247.99869873246,3419.35630962587,0.254920250994364
"OIPN_GSE160543","Cd44","Neuropathy",11.5298489398304,2882.93007010104,3022.67885550627,0.25560685609614
"OIPN_GSE160543","Cd68","Control",6.89652047704293,102.188731422181,131.0177145716,0.275753787821959
"OIPN_GSE160543","Cd68","Neuropathy",7.3748997151531,156.399454390416,178.113917437227,0.269580832221206
"OIPN_GSE160543","Cdc25b","Control",10.6025551777618,1400.85469320864,1637.66520160579,0.262984689638457
"OIPN_GSE160543","Cdc25b","Neuropathy",10.9878543069948,1768.21039199356,2236.50229017605,0.274412200734667
"OIPN_GSE160543","Cdh5","Control",7.89893110193141,181.968788159903,287.531038413391,0.29764148856519
"OIPN_GSE160543","Cdh5","Neuropathy",8.44080485000548,288.064695693517,390.548597202184,0.280078556238749
"OIPN_GSE160543","Cdk1","Control",5.63586429377331,40.6948961926939,54.3874052193805,0.277501836822778
"OIPN_GSE160543","Cdk1","Neuropathy",6.72526329134518,79.2704797385459,131.15437965745,0.307833480048479
"OIPN_GSE160543","Cdkn1a","Control",7.60910045135209,163.162215658142,254.469978247392,0.322717065379782
"OIPN_GSE160543","Cdkn1a","Neuropathy",9.96362748487712,715.391613442927,1193.0190979211,0.293582143418254
"OIPN_GSE160543","Col16a1","Control",11.4539776026895,2193.62534384835,3254.00980058082,0.28707583415164
"OIPN_GSE160543","Col16a1","Neuropathy",11.8975326719897,3365.07870656577,4524.01603688116,0.294665731060181
"OIPN_GSE160543","Col4a2","Control",11.6749383927815,2928.86248848072,3796.0108172416,0.288967201701204
"OIPN_GSE160543","Col4a2","Neuropathy",12.0112428328859,3805.96167534821,4418.44532357097,0.267274473481802
"OIPN_GSE160543","Csf1","Control",8.79395926255858,364.597049803996,521.093182955227,0.291750898765599
"OIPN_GSE160543","Csf1","Neuropathy",9.30606970245988,598.134333419177,678.395085604288,0.268003604360112
"OIPN_GSE160543","Cxcl12","Control",9.25448989567147,542.866878023076,699.753702825591,0.285380519302551
"OIPN_GSE160543","Cxcl12","Neuropathy",9.67317721484259,714.06273369056,904.526780805718,0.276264851820755
"OIPN_GSE160543","Disp1","Control",8.73969291827197,380.149883946385,460.513190147687,0.269203546667262
"OIPN_GSE160543","Disp1","Neuropathy",9.17361671483537,515.873893319302,637.551915986409,0.275192172782587
"OIPN_GSE160543","Ehd2","Control",9.45855030788246,678.062467612598,749.381625011803,0.26643834268362
"OIPN_GSE160543","Ehd2","Neuropathy",9.7354779093715,782.068708327756,915.035784636302,0.268189644219811
"OIPN_GSE160543","Epb42","Control",4.90850640136007,23.3814644004344,34.0629104740603,0.289945968190753
"OIPN_GSE160543","Epb42","Neuropathy",5.84041889379304,39.8469947491506,99.0222391446463,0.410334962055674
"OIPN_GSE160543","Ephb2","Control",6.24772021650455,65.0614661577306,84.1554258770902,0.279403665427554
"OIPN_GSE160543","Ephb2","Neuropathy",6.81703885216696,104.59836121652,119.026731901141,0.265777356453867
"OIPN_GSE160543","Ephx1","Control",9.50696832705531,679.254508865085,809.927690078982,0.277926267662799
"OIPN_GSE160543","Ephx1","Neuropathy",10.4406745252289,1305.98525290341,1577.35425384957,0.283093915160439
"OIPN_GSE160543","Ezh2","Control",7.22738430372047,137.96562367767,166.720007029185,0.279274812245313
"OIPN_GSE160543","Ezh2","Neuropathy",7.68711042153234,197.217326447869,215.302537561483,0.26231664843904
"OIPN_GSE160543","Faah","Control",7.46761709649438,160.296049289696,208.400008786481,0.294498613897552
"OIPN_GSE160543","Faah","Neuropathy",7.97786970567566,238.020911230187,264.23493246182,0.262837655631002
"OIPN_GSE160543","Fabp4","Control",5.47998428674618,37.613660122438,51.6130390736606,0.293899222868956
"OIPN_GSE160543","Fabp4","Neuropathy",7.29671711603337,96.1798784154632,291.065369606991,0.425572101253315
"OIPN_GSE160543","Fbxo9","Control",10.3862776098024,1255.58643131117,1421.122754899,0.265391334146183
"OIPN_GSE160543","Fbxo9","Neuropathy",10.7522524758125,1647.06441234534,1793.11476371178,0.259925375658204
"OIPN_GSE160543","Fxyd7","Control",11.5816803288089,2974.18532616353,3257.13964952139,0.265582953669601
"OIPN_GSE160543","Fxyd7","Neuropathy",11.2200123969103,2198.04317892314,2524.56698586957,0.26434105633489
"OIPN_GSE160543","Gadd45a","Control",8.78781683205947,407.941520370664,506.259533539841,0.286019287278759
"OIPN_GSE160543","Gadd45a","Neuropathy",8.37095328098991,301.067615985238,349.377299588406,0.264165263689817
"OIPN_GSE160543","Ghitm","Control",12.656172861006,5965.2762467827,7134.39639835864,0.275713997488241
"OIPN_GSE160543","Ghitm","Neuropathy",12.3928511302216,5043.95126632674,5627.98015818968,0.261460685639317
"OIPN_GSE160543","Gpnmb","Control",7.25547935337918,114.817855463137,194.541454969951,0.314632853672874
"OIPN_GSE160543","Gpnmb","Neuropathy",8.57997640913873,347.420003792393,423.580070597393,0.27674124521173
"OIPN_GSE160543","Hmgcs1","Control",14.1463150312764,16753.3939716215,18803.7803049928,0.258994327054303
"OIPN_GSE160543","Hmgcs1","Neuropathy",13.7153421685763,11469.6933795248,16758.649816624,0.307987128198379
"OIPN_GSE160543","Hopx","Control",10.5012118732827,1323.08040548441,1672.28299733542,0.287527162945766
"OIPN_GSE160543","Hopx","Neuropathy",10.084159459272,1008.43145247728,1196.40601734325,0.275198398244843
"OIPN_GSE160543","Icam1","Control",7.22591959999389,121.868074658242,196.5265718574,0.324419795595261
"OIPN_GSE160543","Icam1","Neuropathy",8.05924362023159,217.619118839028,310.806559043374,0.289870044625315
"OIPN_GSE160543","Ikbke","Control",6.80063649489219,87.4263451494504,126.054922352979,0.282327013522325
"OIPN_GSE160543","Ikbke","Neuropathy",7.55199720899969,146.437705703128,225.05054351056,0.297478338856161
"OIPN_GSE160543","Il13ra1","Control",9.38766126871453,612.130538225025,708.043442022676,0.264238299682927
"OIPN_GSE160543","Il13ra1","Neuropathy",9.08103236888951,518.1163623932,596.70874636853,0.275491778995889
"OIPN_GSE160543","Il4r","Control",8.14732397902625,258.843761877422,331.514520203897,0.291989276251305
"OIPN_GSE160543","Il4r","Neuropathy",8.54809482827206,344.676504580152,405.121306053011,0.270574305143354
"OIPN_GSE160543","Insig1","Control",11.7642660793216,3303.23450071428,3624.81984045464,0.26041412568846
"OIPN_GSE160543","Insig1","Neuropathy",11.3772952826016,2270.42803895896,3027.37542606671,0.282991532745286
"OIPN_GSE160543","Iqgap3","Control",6.73449080020161,87.4263451494504,131.242390355938,0.306778092170033
"OIPN_GSE160543","Iqgap3","Neuropathy",7.5997249845134,157.395629259145,248.70756438746,0.317510515967013
"OIPN_GSE160543","Irak3","Control",7.69354998569779,177.327504526726,237.221468050094,0.286366453605216
"OIPN_GSE160543","Irak3","Neuropathy",8.31965309843521,276.881468165727,389.087384113812,0.303014973554896
"OIPN_GSE160543","Itgal","Control",6.8072451112374,102.675126280169,121.092130134358,0.272257498593083
"OIPN_GSE160543","Itgal","Neuropathy",7.30568422275393,137.472131884569,200.622819091382,0.315473296652566
"OIPN_GSE160543","Jak3","Control",7.50489431403154,168.31085175418,196.5265718574,0.271395031593146
"OIPN_GSE160543","Jak3","Neuropathy",7.92590247741487,213.345241765469,275.061775401795,0.282430886117477
"OIPN_GSE160543","Kcna2","Control",13.1893964003351,8133.69985512503,10574.3216184866,0.281601449090565
"OIPN_GSE160543","Kcna2","Neuropathy",12.8073362313911,5916.32873273316,8046.0783135037,0.278827600822966
"OIPN_GSE160543","Kcnk3","Control",7.34356036648136,145.268294668787,180.645636757812,0.278923036269772
"OIPN_GSE160543","Kcnk3","Neuropathy",8.34064332389415,262.277636665806,487.699989541035,0.365320662656694
"OIPN_GSE160543","Kel","Control",4.65491957229232,19.8511688744848,28.2008767804195,0.28920687156548
"OIPN_GSE160543","Kel","Neuropathy",6.72082235316604,57.7781423862683,170.284734253173,0.37546509719586
"OIPN_GSE160543","Lrat","Control",3.06272793105686,6.01110184836358,12.9032597684151,0.415471339239827
"OIPN_GSE160543","Lrat","Neuropathy",4.48259988654534,16.934972768389,27.2023898548785,0.313697019027257
"OIPN_GSE160543","Lyrm7","Control",9.00748483117155,440.814135546663,589.196889876623,0.285169517434892
"OIPN_GSE160543","Lyrm7","Neuropathy",8.66574134999467,396.088956578585,414.946708754858,0.256021109776874
"OIPN_GSE160543","Mapre1","Control",11.2292069751325,2204.47230351154,2507.91620329877,0.260959989059265
"OIPN_GSE160543","Mapre1","Neuropathy",10.9797161240963,1873.07884429306,2142.77214263557,0.265042943255706
"OIPN_GSE160543","Meox2","Control",6.59665777742941,76.2439056535905,125.062363909255,0.321370910179856
"OIPN_GSE160543","Meox2","Neuropathy",7.25978364470123,146.797184701011,162.242825205882,0.266195269175195
"OIPN_GSE160543","Mrap2","Control",10.210958516592,1117.22736417728,1279.11119682617,0.269703694266454
"OIPN_GSE160543","Mrap2","Neuropathy",9.69902122111209,779.003726813365,871.4479892795,0.262214355731138
"OIPN_GSE160543","Myof","Control",8.60380548714743,362.582701462537,433.801183390239,0.278803935720892
"OIPN_GSE160543","Myof","Neuropathy",8.94015015683866,439.098616005048,532.953554769889,0.271141516917594
"OIPN_GSE160543","Nefh","Control",15.6174308435329,45298.0292269112,58412.0644131717,0.289112518631981
"OIPN_GSE160543","Nefh","Neuropathy",14.8590423208946,22969.8448141162,36874.7824761345,0.305907449682222
"OIPN_GSE160543","Nos3","Control",6.95914912681329,88.442930558165,160.794467883327,0.316347418895503
"OIPN_GSE160543","Nos3","Neuropathy",7.68631530291001,189.857692213308,220.049420321436,0.267935568505444
"OIPN_GSE160543","Nrn1","Control",12.647984340768,5740.95803850102,7448.05299254295,0.288605867656247
"OIPN_GSE160543","Nrn1","Neuropathy",12.3443660604173,4964.11487752404,5319.5737990116,0.255686960931509
"OIPN_GSE160543","Pdhb","Control",11.5811837776374,2900.25577256224,3358.92585938211,0.273721623924752
"OIPN_GSE160543","Pdhb","Neuropathy",11.2484091613105,2258.5072322082,2533.71940793945,0.260201008514315
"OIPN_GSE160543","Pla2g4b","Control",7.9350136692986,196.398963292207,277.512535332785,0.282318389877493
"OIPN_GSE160543","Pla2g4b","Neuropathy",8.48178128531387,320.017862648204,438.098391367223,0.304764839487435
"OIPN_GSE160543","Plat","Control",11.5347203123876,2596.49501214006,3336.43331140112,0.2801348558652
"OIPN_GSE160543","Plat","Neuropathy",11.2214315786445,2157.7324238459,2581.67315494178,0.269759208365521
"OIPN_GSE160543","Plaur","Control",8.75983119635716,380.703117063027,503.587085364635,0.289612184833629
"OIPN_GSE160543","Plaur","Neuropathy",8.06220756542054,236.053014526632,324.753007205577,0.30223069111194
"OIPN_GSE160543","Plk1","Control",5.10278458040809,26.186528438961,45.6576884113151,0.332424364025632
"OIPN_GSE160543","Plk1","Neuropathy",6.06138436152035,47.8163936989807,89.0199927663992,0.330397361627331
"OIPN_GSE160543","Plk2","Control",9.13817200850481,493.043923226552,623.440811681418,0.275980613655947
"OIPN_GSE160543","Plk2","Neuropathy",9.52111422980625,676.173690678408,786.978146295724,0.267746916355345
"OIPN_GSE160543","Psmd8","Control",11.7116288552244,3196.90433302137,3488.85132740619,0.259961646613439
"OIPN_GSE160543","Psmd8","Neuropathy",11.4378551748318,2531.76528435047,3128.70266711569,0.281208409769135
"OIPN_GSE160543","Rhbdf2","Control",7.83955479582843,204.456356658042,238.440373318422,0.260874276863999
"OIPN_GSE160543","Rhbdf2","Neuropathy",8.50124318491373,318.775957993205,401.090079767709,0.276573346174029
"OIPN_GSE160543","Rsad2","Control",7.31246281871683,136.973065233945,212.513750023876,0.330981397489794
"OIPN_GSE160543","Rsad2","Neuropathy",8.35469864285531,247.051367444734,436.476962511006,0.327516967758496
"OIPN_GSE160543","Scrib","Control",10.3218199269588,1204.96595068123,1408.6015331332,0.274832604408911
"OIPN_GSE160543","Scrib","Neuropathy",10.621280072015,1528.19140149014,1659.37267415119,0.263393642257218
"OIPN_GSE160543","Slc25a4","Control",14.0333868592343,16463.566906054,17211.5994035925,0.256600712865491
"OIPN_GSE160543","Slc25a4","Neuropathy",13.7156894777278,13059.0901581884,13965.1363933086,0.259445186303882
"OIPN_GSE160543","Slc4a1","Control",8.38127236197845,231.781473186915,430.063370901398,0.31526623265166
"OIPN_GSE160543","Slc4a1","Neuropathy",9.78730797541439,484.78544777087,1388.70136727156,0.357988755051052
"OIPN_GSE160543","St3gal1","Control",8.73227136898113,380.711836535664,500.249455637018,0.293181257894794
"OIPN_GSE160543","St3gal1","Neuropathy",9.07172209523861,516.845407242691,557.125123268364,0.259230740052737
"OIPN_GSE160543","Tfrc","Control",11.3791635185785,2454.0371766369,2906.70465672467,0.272383199041604
"OIPN_GSE160543","Tfrc","Neuropathy",10.7862529811746,1517.34077558009,1989.5911766477,0.279978643911015
"OIPN_GSE160543","Thrsp","Control",4.6207940728115,13.215610313289,31.7618701991758,0.320146276971389
"OIPN_GSE160543","Thrsp","Neuropathy",7.22512686318946,56.347807556534,330.074130482154,0.461241265056049
"OIPN_GSE160543","Tmem70","Control",9.49792783913328,670.969507957588,776.671252257909,0.268550961250522
"OIPN_GSE160543","Tmem70","Neuropathy",9.08834302729503,447.867918682106,643.528965198782,0.293469536936744
"OIPN_GSE160543","Tns2","Control",10.0522860717739,872.212831851547,1402.48508098235,0.323736862336597
"OIPN_GSE160543","Tns2","Neuropathy",10.6214581088761,1489.3308445546,1644.12846865132,0.260904685546361
"OIPN_GSE160543","Tpx2","Control",6.42706210865429,68.4878436095903,100.18503080606,0.291604725031876
"OIPN_GSE160543","Tpx2","Neuropathy",7.43163911737521,124.288283046856,244.054811629229,0.34239033945176
"OIPN_GSE160543","Uck2","Control",9.32314503307854,593.685878689291,755.380628046952,0.293843191754088
"OIPN_GSE160543","Uck2","Neuropathy",8.8789625337985,413.412570522437,570.278673029059,0.301288430832743
"OIPN_GSE160543","Uqcrc2","Control",11.5290247566732,2799.01481130236,3092.02470413886,0.261500470006698
"OIPN_GSE160543","Uqcrc2","Neuropathy",11.2806585509657,2316.08919335822,2678.71422201165,0.26877367169137
"OIPN_GSE160543","Uqcrfs1","Control",10.8621321786172,1749.88053628584,1908.13081215719,0.25626114444508
"OIPN_GSE160543","Uqcrfs1","Neuropathy",10.543303931504,1408.69518891335,1581.92569154128,0.26496939802551
"OIPN_GSE160543","Uri1","Control",8.67848909209511,395.038260602248,420.86635920782,0.257327509962396
"OIPN_GSE160543","Uri1","Neuropathy",9.0099596478488,457.102659485893,566.392617335505,0.274394186715023
"OIPN_GSE160543","Vmp1","Control",10.8469898490838,1710.17819853687,1944.72788687091,0.263815776678396
"OIPN_GSE160543","Vmp1","Neuropathy",10.5419112789781,1319.31590796161,1640.70000879627,0.274464339083985
"OIPN_GSE160543","Wnt6","Control",8.85546002369304,381.719010706393,528.624412531561,0.283764054434485
"OIPN_GSE160543","Wnt6","Neuropathy",9.26895942760926,588.13208704093,636.55574111768,0.258228877097054
"NC_GSE246156","Acacb","Control",9.00132409700109,336.466521834013,719.906850058771,0.447538847307399
"NC_GSE246156","Acacb","Neuropathy",6.18998511006856,47.338869475353,95.436763484459,0.423684914834059
"NC_GSE246156","Acsl4","Control",9.76158963554711,840.014021976013,906.549366740674,0.348345376531319
"NC_GSE246156","Acsl4","Neuropathy",10.4195164664873,1102.00394063657,1893.97700729468,0.448378289725944
"NC_GSE246156","Acsl6","Control",8.12688967651779,167.080978307986,392.171478504238,0.441245279425556
"NC_GSE246156","Acsl6","Neuropathy",4.73509860875411,16.7260307137712,34.3660272547787,0.428377650570568
"NC_GSE246156","Amigo1","Control",8.69301542331413,346.837065315199,453.274683370337,0.36327830286919
"NC_GSE246156","Amigo1","Neuropathy",6.76958529693343,78.7107327706878,143.837334175111,0.430590453074241
"NC_GSE246156","Antxr1","Control",9.89757595146993,735.540051534015,1196.06934816338,0.410341355145966
"NC_GSE246156","Antxr1","Neuropathy",9.30198459530141,530.313562042509,760.153000229227,0.397705570823427
"NC_GSE246156","Arhgap11a","Control",7.54816925195564,147.332946102379,296.136630518293,0.500883774922307
"NC_GSE246156","Arhgap11a","Neuropathy",10.0000567153639,779.270620594273,1228.87131538236,0.393089968003415
"NC_GSE246156","Aspm","Control",7.05517378499805,82.1015653852952,246.588478330407,0.557881485610144
"NC_GSE246156","Aspm","Neuropathy",9.36080155755529,433.332728274386,853.027566402329,0.415791118958451
"NC_GSE246156","Bard1","Control",4.44259040222268,6.74807386728454,40.3298913157208,0.515826115694392
"NC_GSE246156","Bard1","Neuropathy",6.86126822417912,66.4564898403995,167.260307137712,0.450616678916565
"NC_GSE246156","Bnip3","Control",10.8833081699416,1544.0586960876,2170.63042730986,0.379334472218945
"NC_GSE246156","Bnip3","Neuropathy",9.20732756199746,546.801678098256,646.357640913474,0.364220075039419
"NC_GSE246156","Camk2d","Control",10.5322153480803,1394.26195691492,1549.80763151968,0.348751359580676
"NC_GSE246156","Camk2d","Neuropathy",11.3955183589408,2431.58735064923,2981.43841407272,0.367765507862934
"NC_GSE246156","Caprin1","Control",11.8794448661612,3550.18271839245,3887.27479684512,0.343710747014631
"NC_GSE246156","Caprin1","Neuropathy",12.389865161232,5045.69649049606,6034.16155103285,0.373534673169815
"NC_GSE246156","Cav1","Control",13.6061607770173,11969.9583615849,13343.4326124585,0.356293187177337
"NC_GSE246156","Cav1","Neuropathy",11.0697994627697,1625.13124440376,2825.76636252877,0.427464849351978
"NC_GSE246156","Cd180","Control",4.25022605987279,8.99743182304605,38.0253260976796,0.597063229269354
"NC_GSE246156","Cd180","Neuropathy",7.66644047108474,121.988625186487,281.801423489185,0.43767650350059
"NC_GSE246156","Cd44","Control",10.497009302533,1242.06150982362,1866.69782661336,0.423502259806847
"NC_GSE246156","Cd44","Neuropathy",12.715874469551,6206.50452221303,7179.40271284636,0.355128359137275
"NC_GSE246156","Cd68","Control",6.01890205840417,33.3290208360542,120.989673947162,0.55391761156649
"NC_GSE246156","Cd68","Neuropathy",11.6878643728089,1523.94745195656,5476.2992325206,0.484701549558367
"NC_GSE246156","Cdc25b","Control",10.512246951571,1010.55184811106,2906.29061690393,0.584159599340628
"NC_GSE246156","Cdc25b","Neuropathy",8.8423562875981,340.423919233225,655.245586324447,0.459411654316732
"NC_GSE246156","Cdh5","Control",10.8344613184768,1537.43616276299,2429.01173981541,0.434216158189049
"NC_GSE246156","Cdh5","Neuropathy",9.95147412780858,873.660781765929,1125.56347862084,0.377284708244778
"NC_GSE246156","Cdk1","Control",6.60655009389358,42.7378011594688,275.395543555922,0.699543170753768
"NC_GSE246156","Cdk1","Neuropathy",9.97545088102092,624.50893192485,1476.81012361003,0.460914534621294
"NC_GSE246156","Cdkn1a","Control",7.63065975236888,161.090267374262,243.131630503345,0.405276095787753
"NC_GSE246156","Cdkn1a","Neuropathy",9.97699789420736,793.836426586689,1230.30377572108,0.400877706642263
"NC_GSE246156","Col16a1","Control",12.394818515501,4376.10043577392,6619.86358882331,0.404036985510884
"NC_GSE246156","Col16a1","Neuropathy",13.6232226945903,10732.1284669201,16249.9773102895,0.422083321385824
"NC_GSE246156","Col4a2","Control",14.1289189863519,15919.9365262285,21046.165690607,0.38884134158203
"NC_GSE246156","Col4a2","Neuropathy",12.5984157676685,5863.94959141624,6524.96304144064,0.350438272686513
"NC_GSE246156","Csf1","Control",8.33584097619356,271.047633669262,452.847065345093,0.454628434800601
"NC_GSE246156","Csf1","Neuropathy",9.56548476088708,705.531227757666,826.462694092222,0.363270117556663
"NC_GSE246156","Cxcl12","Control",11.1219359156751,2129.01730512827,2397.90010937185,0.358313064268064
"NC_GSE246156","Cxcl12","Neuropathy",8.00698690863329,196.268200099514,351.246644989194,0.443777830509236
"NC_GSE246156","Disp1","Control",11.0777290932842,1947.3576092448,2507.45333423248,0.38459515735571
"NC_GSE246156","Disp1","Neuropathy",8.96290980351943,428.429806442907,648.178366662526,0.426062065822555
"NC_GSE246156","Ehd2","Control",11.7576746446152,3132.23095339791,3960.39532720378,0.379470411147013
"NC_GSE246156","Ehd2","Neuropathy",10.7341841370068,1507.31053255867,1947.26618861116,0.379180679608275
"NC_GSE246156","Epb42","Control",6.91721442063443,82.1015653852952,238.857982658388,0.584672394309403
"NC_GSE246156","Epb42","Neuropathy",4.95112670404194,26.7291323092723,31.8627006084107,0.3537308054215
"NC_GSE246156","Ephb2","Control",7.72226830632577,175.449920549398,254.654456593551,0.399235480364214
"NC_GSE246156","Ephb2","Neuropathy",9.16145664499842,533.26521452141,597.198045689069,0.347819521185611
"NC_GSE246156","Ephx1","Control",9.24588347887119,475.73920764356,834.25260893091,0.445878719216538
"NC_GSE246156","Ephx1","Neuropathy",8.57643093008834,342.132893558685,426.960188152703,0.372271755227937
"NC_GSE246156","Ezh2","Control",8.63863506561215,304.788003005685,534.659130585555,0.436473247887656
"NC_GSE246156","Ezh2","Neuropathy",10.0482937751337,934.942672138223,1134.84258890225,0.35625147157496
"NC_GSE246156","Faah","Control",5.56962577164147,29.9961187524488,74.22881254013,0.49763237716048
"NC_GSE246156","Faah","Neuropathy",4.0359775816074,8.40058444005701,25.4901604867286,0.503591154595485
"NC_GSE246156","Fabp4","Control",10.3873066861264,883.800761118795,2969.1525016052,0.622964241182443
"NC_GSE246156","Fabp4","Neuropathy",7.71022283006166,61.9046754677694,416.974464024648,0.504095145015102
"NC_GSE246156","Fbxo9","Control",9.47815781277176,627.696559079021,794.023358383814,0.369914399166685
"NC_GSE246156","Fbxo9","Neuropathy",8.75930146244058,370.389404857059,469.747243255426,0.360089268573769
"NC_GSE246156","Fxyd7","Control",8.75493420405473,398.837282671449,463.367738886872,0.357684965007076
"NC_GSE246156","Fxyd7","Neuropathy",7.54292815961937,147.58262394504,243.977250372973,0.428981672118388
"NC_GSE246156","Gadd45a","Control",8.89571415780866,369.952131280202,564.618478420091,0.38978213121411
"NC_GSE246156","Gadd45a","Neuropathy",11.6868102557296,2724.37523802543,3921.84326345809,0.392320684693912
"NC_GSE246156","Ghitm","Control",11.3448445071759,2081.02239189119,2952.9512460744,0.374073875278678
"NC_GSE246156","Ghitm","Neuropathy",10.7483588368519,1536.69253219992,1953.01005687269,0.376825119322744
"NC_GSE246156","Gpnmb","Control",8.59769449042216,297.739252802084,521.984021886329,0.438322561630384
"NC_GSE246156","Gpnmb","Neuropathy",14.640213608332,8965.25358833225,46237.6360819809,0.484855255015166
"NC_GSE246156","Hmgcs1","Control",15.5199141784792,42887.9587077465,51896.0620763518,0.367058708523019
"NC_GSE246156","Hmgcs1","Neuropathy",10.8885332940972,1289.87155629603,3090.68195901584,0.507783913456016
"NC_GSE246156","Hopx","Control",8.4228123875123,288.85151391247,419.430869683496,0.403711163163591
"NC_GSE246156","Hopx","Neuropathy",9.37212449979267,343.20680369631,946.496561567521,0.433987791084472
"NC_GSE246156","Icam1","Control",8.50513842738656,285.518611828864,444.781087081949,0.402583202105963
"NC_GSE246156","Icam1","Neuropathy",9.82503751943179,779.7269739362,1076.04891768976,0.392395570017227
"NC_GSE246156","Ikbke","Control",6.36673329049142,69.7300966286069,94.4871739396887,0.383425771408642
"NC_GSE246156","Ikbke","Neuropathy",8.55313226000958,264.005233612546,488.761276512408,0.421311586697769
"NC_GSE246156","Il13ra1","Control",6.3617885962415,65.2313807170839,103.319964591768,0.416513930207924
"NC_GSE246156","Il13ra1","Neuropathy",7.25275248695325,144.747697049637,159.611104361083,0.350876089653527
"NC_GSE246156","Il4r","Control",8.36540745260862,245.180017178005,391.776087067002,0.389088174318735
"NC_GSE246156","Il4r","Neuropathy",9.6579848270391,699.158687635983,943.920215264587,0.387004622919677
"NC_GSE246156","Insig1","Control",12.3367257172287,4528.47065345093,6104.75749193675,0.390404021045323
"NC_GSE246156","Insig1","Neuropathy",9.54224634558587,592.623047771294,1106.09089254911,0.475043371575706
"NC_GSE246156","Iqgap3","Control",6.93655813569889,58.4833068497993,271.93869572886,0.614370639850304
"NC_GSE246156","Iqgap3","Neuropathy",9.77539813645999,517.086112730779,1148.19281429241,0.41083540930356
"NC_GSE246156","Irak3","Control",8.57664489642859,349.775162120915,422.887717510558,0.369028742680994
"NC_GSE246156","Irak3","Neuropathy",9.44720910121419,612.959831451731,814.774772700788,0.386902655903051
"NC_GSE246156","Itgal","Control",5.99575866907836,39.3637642258265,95.5431930633554,0.476317815335895
"NC_GSE246156","Itgal","Neuropathy",9.49785595876968,314.985554586003,1235.64960218293,0.490958751756169
"NC_GSE246156","Jak3","Control",6.78814790067226,83.226244363176,175.14695657113,0.502773491952134
"NC_GSE246156","Jak3","Neuropathy",8.65630616903433,253.080879118234,593.386737265845,0.463452850193059
"NC_GSE246156","Kcna2","Control",12.7671133065212,5345.43902324653,8374.47196873922,0.393474772458205
"NC_GSE246156","Kcna2","Neuropathy",9.4419574459141,371.15309435161,1408.33136689175,0.58195678180885
"NC_GSE246156","Kcnk3","Control",5.29031003865198,11.5228260902059,69.7300966286069,0.471432911790865
"NC_GSE246156","Kcnk3","Neuropathy",2.63099750618502,1.52737898910127,10.9243544943122,0.564889509089447
"NC_GSE246156","Kel","Control",6.46135098134539,24.1979347894325,395.504380587843,0.811818837498305
"NC_GSE246156","Kel","Neuropathy",5.14826734268016,24.5797976122025,58.0404015858484,0.522167509853651
"NC_GSE246156","Lrat","Control",5.16949769551105,23.6182585354959,54.1572826239679,0.487444274575806
"NC_GSE246156","Lrat","Neuropathy",7.367005446051,104.625460753437,213.502862640491,0.414024350188394
"NC_GSE246156","Lyrm7","Control",6.97630431798234,119.984475009795,129.338082456287,0.344973894841088
"NC_GSE246156","Lyrm7","Neuropathy",5.22263436475298,21.3833058474178,64.6357640913474,0.536596702172418
"NC_GSE246156","Mapre1","Control",10.8517183884384,1818.65357028736,1882.82978313965,0.339771541777437
"NC_GSE246156","Mapre1","Neuropathy",11.909841054697,3448.45456870456,4370.41343709244,0.37688726293591
"NC_GSE246156","Meox2","Control",8.22383203559918,211.439647841582,516.222608841226,0.532268842355708
"NC_GSE246156","Meox2","Neuropathy",6.68256564965055,72.8074278128862,141.106245551533,0.446188485828548
"NC_GSE246156","Mrap2","Control",1.84803521678166,2.22193472240361,3.45684782706178,0.436022523160725
"NC_GSE246156","Mrap2","Neuropathy",6.82111393395114,100.043323786133,120.167899437435,0.356271085709847
"NC_GSE246156","Myof","Control",10.4909798826894,1103.31007730102,1730.72847874893,0.394098425969886
"NC_GSE246156","Myof","Neuropathy",12.5246494548427,4879.08154762301,6967.00707874763,0.390053493121149
"NC_GSE246156","Nefh","Control",5.99785191056217,29.9961187524488,137.210835301452,0.604118625389999
"NC_GSE246156","Nefh","Neuropathy",1.96741921568381,0,9.1036287452602,0.649190371685348
"NC_GSE246156","Nos3","Control",8.38380953254896,293.541213226878,399.94825003265,0.396749412064535
"NC_GSE246156","Nos3","Neuropathy",7.70644638116754,184.049168186704,236.132198312063,0.376706267730063
"NC_GSE246156","Nrn1","Control",7.733540409115,118.873507648593,347.989347924219,0.499771167300694
"NC_GSE246156","Nrn1","Neuropathy",5.27270549409589,26.5648723101071,58.2632239696653,0.488809533909416
"NC_GSE246156","Pdhb","Control",10.8465708766067,1532.53586999739,2174.0044642435,0.389787501656305
"NC_GSE246156","Pdhb","Neuropathy",10.2008084798111,1032.50819663246,1308.56593231268,0.369174402349257
"NC_GSE246156","Pla2g4b","Control",10.8926735817646,1429.81499386673,2284.22300407582,0.392839348994495
"NC_GSE246156","Pla2g4b","Neuropathy",8.51824641955455,338.314446085932,416.035833658391,0.377644018528969
"NC_GSE246156","Plat","Control",11.7227469494828,3024.05315719132,3582.44663144502,0.352352157073127
"NC_GSE246156","Plat","Neuropathy",13.5095545089748,10600.0101843628,13461.5358256163,0.382707048931346
"NC_GSE246156","Plaur","Control",5.11851695978473,16.1319565262883,52.2154659764849,0.460719625299171
"NC_GSE246156","Plaur","Neuropathy",9.25941346035104,431.512002525333,746.124636175972,0.394987086270418
"NC_GSE246156","Plk1","Control",5.94443440675681,39.3637642258265,123.294239165203,0.592169548832842
"NC_GSE246156","Plk1","Neuropathy",8.7721391973129,253.99124199276,589.568289793092,0.421877684260966
"NC_GSE246156","Plk2","Control",9.22062958682385,392.512963280384,1207.59217425358,0.590335536810045
"NC_GSE246156","Plk2","Neuropathy",10.5685999984738,1350.97850579661,1877.14877760547,0.407495672194752
"NC_GSE246156","Psmd8","Control",10.195090356215,1043.1983521685,1255.14173931492,0.356015951787449
"NC_GSE246156","Psmd8","Neuropathy",10.6746013451757,1494.5403408356,1946.12286775526,0.39402214781586
"NC_GSE246156","Rhbdf2","Control",8.66928301419438,366.425869668549,447.719846564328,0.366261709493215
"NC_GSE246156","Rhbdf2","Neuropathy",10.5761781175154,1458.11632457699,1654.12934301378,0.360798164979391
"NC_GSE246156","Rsad2","Control",8.47221465008906,205.816252952178,925.435811881105,0.678465460998122
"NC_GSE246156","Rsad2","Neuropathy",7.206649253257,118.066099156032,193.213442121311,0.429692924131521
"NC_GSE246156","Scrib","Control",11.9046481821163,3431.49760966333,4280.52818981416,0.370737724629338
"NC_GSE246156","Scrib","Neuropathy",11.1163041038312,1924.47741624332,2519.88443668802,0.376256820888131
"NC_GSE246156","Slc25a4","Control",13.9804215602571,13054.2096775943,23306.7224586229,0.463936185193105
"NC_GSE246156","Slc25a4","Neuropathy",12.0594382725944,3270.93380817199,5336.58768185263,0.40864997901906
"NC_GSE246156","Slc4a1","Control",8.26669063189314,113.592576765956,1249.83828135203,0.797990211353107
"NC_GSE246156","Slc4a1","Neuropathy",6.46314337952921,44.2747871835119,122.898988061013,0.425844822057452
"NC_GSE246156","St3gal1","Control",9.75579473762292,785.025926560768,1019.86803758326,0.390875759208614
"NC_GSE246156","St3gal1","Neuropathy",11.2381182091473,2176.67763299171,2871.4724995104,0.3933383354068
"NC_GSE246156","Tfrc","Control",11.0930129625676,1554.42923956878,2837.56506119315,0.420274848456266
"NC_GSE246156","Tfrc","Neuropathy",10.0673050690088,648.178366662526,1395.14773836044,0.409736886935251
"NC_GSE246156","Thrsp","Control",6.1772311418916,17.2842391353089,444.248196262899,0.876087321381269
"NC_GSE246156","Thrsp","Neuropathy",0,0,0,
"NC_GSE246156","Tmem70","Control",8.12017749034547,262.188297243626,301.413966072043,0.361738839428092
"NC_GSE246156","Tmem70","Neuropathy",6.99854994902022,107.68021873164,143.647087306505,0.374734866092901
"NC_GSE246156","Tns2","Control",10.716696981104,1642.00271785435,1743.25241571517,0.345385737861875
"NC_GSE246156","Tns2","Neuropathy",9.45827687663667,656.250734475609,769.256628974487,0.364220283661682
"NC_GSE246156","Tpx2","Control",7.9849423618745,216.638635434352,289.222934864169,0.379414068866607
"NC_GSE246156","Tpx2","Neuropathy",10.0139115752516,687.323970267145,1358.744024454,0.421189519965298
"NC_GSE246156","Uck2","Control",6.92781162542307,105.541899314172,146.208267124498,0.39966598678103
"NC_GSE246156","Uck2","Neuropathy",8.28759222133865,283.358637974476,352.824546482394,0.375975758042748
"NC_GSE246156","Uqcrc2","Control",10.9835032991759,1406.93706561414,2651.87909118871,0.422269898643581
"NC_GSE246156","Uqcrc2","Neuropathy",10.2310737173097,1164.62647918972,1259.371724331,0.349365592380928
"NC_GSE246156","Uqcrfs1","Control",11.3382573970183,2219.29630497366,3316.67830577035,0.420299526463765
"NC_GSE246156","Uqcrfs1","Neuropathy",10.7417880152937,1563.09305556118,1981.54269750207,0.383804660201677
"NC_GSE246156","Uri1","Control",9.26120499990594,606.100652344832,620.822795790178,0.337779014166785
"NC_GSE246156","Uri1","Neuropathy",9.70986481726031,777.435905452548,942.225575134431,0.374110526261028
"NC_GSE246156","Vmp1","Control",9.9170653571314,939.878387576729,988.658478539669,0.341150799705963
"NC_GSE246156","Vmp1","Neuropathy",11.4604146426293,2619.45496630869,3105.24776500825,0.366500760581968
"NC_GSE246156","Wnt6","Control",9.63419308168254,611.825363967132,1141.91206553941,0.462462285709599
"NC_GSE246156","Wnt6","Neuropathy",9.04945997807642,505.562445392522,558.962804958976,0.35200241415769
"CCI_GSE212311","Acacb","Control",10.030107882289,874.519837866723,1213.90092650119,0.38388945825898
"CCI_GSE212311","Acacb","Neuropathy",9.87667470828062,887.928111317524,998.655335342969,0.354060521261807
"CCI_GSE212311","Acsl4","Control",12.6368300674503,6134.69900904271,6527.59606049736,0.341569939569744
"CCI_GSE212311","Acsl4","Neuropathy",13.1129170235385,8015.37811422707,10724.0465693538,0.399777495752514
"CCI_GSE212311","Acsl6","Control",13.8633300661425,13744.9946813891,16687.2862574591,0.371980671684606
"CCI_GSE212311","Acsl6","Neuropathy",13.1707981551507,8951.35645028331,9708.03123975504,0.350718799884288
"CCI_GSE212311","Amigo1","Control",13.4433148904892,10049.1162932141,12031.006136379,0.359045847957882
"CCI_GSE212311","Amigo1","Neuropathy",13.1619209480005,8178.41446422232,9863.70709796863,0.357612709195565
"CCI_GSE212311","Antxr1","Control",12.1114301193253,3748.50113949137,5265.13457833422,0.39290801076459
"CCI_GSE212311","Antxr1","Neuropathy",12.1051836506623,3701.20202639147,4926.55845176616,0.370010097374309
"CCI_GSE212311","Arhgap11a","Control",8.15726318241179,240.30201159697,362.701108901642,0.41828255791671
"CCI_GSE212311","Arhgap11a","Neuropathy",8.53809426831861,328.885334425658,451.471903274186,0.401851469680137
"CCI_GSE212311","Aspm","Control",8.91468187396794,401.066144882949,598.198624613735,0.408380308071436
"CCI_GSE212311","Aspm","Neuropathy",9.21723843592871,581.262600117854,615.290296748955,0.345054962356495
"CCI_GSE212311","Bard1","Control",6.84058160821239,91.8230655447196,130.101944559591,0.377509302384631
"CCI_GSE212311","Bard1","Neuropathy",7.93418546252337,189.564480409747,309.323321755485,0.415030069214036
"CCI_GSE212311","Bnip3","Control",13.7691636707568,13025.1018475185,15465.2239293301,0.368241966422192
"CCI_GSE212311","Bnip3","Neuropathy",13.5945752948179,11761.3767480257,13122.7165854131,0.353279527484318
"CCI_GSE212311","Camk2d","Control",13.3390059801686,9567.87308073201,11069.2309597328,0.355479098467141
"CCI_GSE212311","Camk2d","Neuropathy",13.8439798896916,12920.505222971,16949.0212526673,0.381859367710872
"CCI_GSE212311","Caprin1","Control",14.7481465998974,27242.9853164628,27663.3630626929,0.335084272364213
"CCI_GSE212311","Caprin1","Neuropathy",14.7561028096096,27256.4899830367,28451.065456025,0.342672119108426
"CCI_GSE212311","Cav1","Control",12.8443446203359,7003.00617370008,7872.90963980425,0.356449588119915
"CCI_GSE212311","Cav1","Neuropathy",12.7081428976648,4662.02413632987,8455.2112379409,0.408165045956092
"CCI_GSE212311","Cd180","Control",6.81294759976661,69.5341991004,173.54559387952,0.485400977461099
"CCI_GSE212311","Cd180","Neuropathy",7.68239967552883,184.269383191598,233.243799252517,0.378497867099114
"CCI_GSE212311","Cd44","Control",14.1009671276872,16886.8411197911,18166.832076731,0.344486081186347
"CCI_GSE212311","Cd44","Neuropathy",14.5747060092179,21335.0057113674,30004.0798901861,0.405269906555994
"CCI_GSE212311","Cd68","Control",7.85394022703518,218.538895996433,247.487157696064,0.357634095787785
"CCI_GSE212311","Cd68","Neuropathy",8.70994372215628,362.184649721416,507.735365231151,0.400948894416619
"CCI_GSE212311","Cdc25b","Control",12.3092475285114,4672.08464249599,5581.66688463928,0.365684393488005
"CCI_GSE212311","Cdc25b","Neuropathy",12.177303241624,4538.95733539763,4790.19999174047,0.34471962123454
"CCI_GSE212311","Cdh5","Control",11.0453870070392,1684.15920468175,2582.06460311751,0.40131950910019
"CCI_GSE212311","Cdh5","Neuropathy",10.859341920115,1314.54772642038,2349.45578045347,0.409562261595943
"CCI_GSE212311","Cdk1","Control",6.18002619236911,36.1937740504125,102.256175147647,0.432006350961966
"CCI_GSE212311","Cdk1","Neuropathy",6.76114678697835,92.1346915957989,121.220576434835,0.373594010675988
"CCI_GSE212311","Cdkn1a","Control",8.3781371417492,246.085815659848,445.836923643741,0.435169111233351
"CCI_GSE212311","Cdkn1a","Neuropathy",9.62801032341389,612.64036541863,1085.02352021999,0.44467511583239
"CCI_GSE212311","Col16a1","Control",12.651290550772,6204.90470795922,6591.17971761295,0.341464719295443
"CCI_GSE212311","Col16a1","Neuropathy",13.0105512479397,6912.21990857217,9464.14746345737,0.379121797985598
"CCI_GSE212311","Col4a2","Control",13.7051837012528,12791.0753914377,13722.7787048142,0.342355086196377
"CCI_GSE212311","Col4a2","Neuropathy",13.6043992667073,11376.8491817939,13534.1466347384,0.361343407296078
"CCI_GSE212311","Csf1","Control",10.2217550134928,1122.77280312116,1232.26553961014,0.343949613656837
"CCI_GSE212311","Csf1","Neuropathy",11.5831059090595,2452.68903144678,4688.85164095069,0.485883163558287
"CCI_GSE212311","Cxcl12","Control",10.7330185273176,1653.17508500533,1790.54977812203,0.350647457428353
"CCI_GSE212311","Cxcl12","Neuropathy",10.6661603917251,1246.98215922719,2064.15757106734,0.414917780876136
"CCI_GSE212311","Disp1","Control",11.5123181461873,1778.61277960122,3995.98829718743,0.430699761237079
"CCI_GSE212311","Disp1","Neuropathy",11.4947551008446,1917.00375780503,3694.91883882462,0.41049496669045
"CCI_GSE212311","Ehd2","Control",11.2470045625524,2380.97208957458,2470.50919156715,0.338928232717997
"CCI_GSE212311","Ehd2","Neuropathy",11.204374822339,2169.05342915774,2558.59097580977,0.360765534414056
"CCI_GSE212311","Epb42","Control",6.75899824014406,58.6926065682364,165.655003739188,0.471866291120991
"CCI_GSE212311","Epb42","Neuropathy",6.67377452463846,82.0858005953066,129.200372122844,0.418584654035609
"CCI_GSE212311","Ephb2","Control",9.57267324851414,704.545046767288,852.999215458369,0.372590577251659
"CCI_GSE212311","Ephb2","Neuropathy",9.8393227839358,863.100846558346,1005.05053411814,0.365277423612519
"CCI_GSE212311","Ephx1","Control",10.8724807414498,1428.18675982709,2193.39495691703,0.383355084985149
"CCI_GSE212311","Ephx1","Neuropathy",10.6822431373407,1415.89607721016,1812.89493753781,0.365950586253333
"CCI_GSE212311","Ezh2","Control",9.33018801433929,611.381318419129,696.364552755476,0.360581878348748
"CCI_GSE212311","Ezh2","Neuropathy",9.87323946926085,735.769066311589,1203.26326280807,0.419578234011377
"CCI_GSE212311","Faah","Control",8.41381730002175,325.743966453712,365.455800867984,0.357768355980975
"CCI_GSE212311","Faah","Neuropathy",5.91009270446064,0,525.549333079707,0.560581233455938
"CCI_GSE212311","Fabp4","Control",5.42521545085971,16.3609880236235,232.31235582814,0.86923944122762
"CCI_GSE212311","Fabp4","Neuropathy",3.41710562149002,0,63.5411666177923,0.780353132821945
"CCI_GSE212311","Fbxo9","Control",11.9480337458774,3770.25507126618,4190.45805755057,0.353272921683325
"CCI_GSE212311","Fbxo9","Neuropathy",11.744381545258,3225.37133558631,3737.27961656982,0.362486270569315
"CCI_GSE212311","Fxyd7","Control",12.702858366971,6234.55899875204,7040.17815785996,0.351591700845434
"CCI_GSE212311","Fxyd7","Neuropathy",12.374038856106,4903.47167791728,6042.76494535205,0.377873312895692
"CCI_GSE212311","Gadd45a","Control",9.58990723621437,555.251031051723,1338.19142975579,0.533820195393187
"CCI_GSE212311","Gadd45a","Neuropathy",11.6535381867018,2545.63210513153,3637.80243126029,0.371566236698682
"CCI_GSE212311","Ghitm","Control",13.5175794236431,10807.5748146135,12858.7140248166,0.364591361905223
"CCI_GSE212311","Ghitm","Neuropathy",13.3367271936547,9823.83474763287,10752.2244111741,0.346220368930397
"CCI_GSE212311","Gpnmb","Control",10.1209269107594,1032.01166549149,1267.97657183082,0.3782429739798
"CCI_GSE212311","Gpnmb","Neuropathy",10.3224606790667,1128.74241663912,1388.45128567915,0.36029266579348
"CCI_GSE212311","Hmgcs1","Control",16.0213108019108,62132.9955314899,70725.48354087,0.353961749079999
"CCI_GSE212311","Hmgcs1","Neuropathy",15.8652640484205,57540.1441246125,62772.318501717,0.350298117327584
"CCI_GSE212311","Hopx","Control",10.9842627466005,1917.26560857374,2135.10893708287,0.351157444891309
"CCI_GSE212311","Hopx","Neuropathy",11.5089144500242,2721.67997012877,3098.23844929846,0.354000837330448
"CCI_GSE212311","Icam1","Control",8.7439531914368,375.280162791864,484.214004187951,0.37531769704338
"CCI_GSE212311","Icam1","Neuropathy",8.98998106862641,424.272017521921,599.626762885227,0.389995259104968
"CCI_GSE212311","Ikbke","Control",9.12990298946981,463.671591889068,710.710527316129,0.416816609078527
"CCI_GSE212311","Ikbke","Neuropathy",9.38423274235828,565.36481960181,772.80778121435,0.382945304081171
"CCI_GSE212311","Il13ra1","Control",9.65538416122286,745.603292223123,886.561038530099,0.365960692055586
"CCI_GSE212311","Il13ra1","Neuropathy",10.475031372607,1239.05274904695,1531.15498595148,0.357179598507954
"CCI_GSE212311","Il4r","Control",9.58701967943713,702.499923264335,841.099280389631,0.364030937704602
"CCI_GSE212311","Il4r","Neuropathy",10.3485272748018,1120.4425713604,1584.80999519312,0.401161433355028
"CCI_GSE212311","Insig1","Control",13.2819102947909,8627.69523858185,10833.676962387,0.360779520121611
"CCI_GSE212311","Insig1","Neuropathy",13.0742939494297,8096.46286847365,9055.67526247903,0.349641431379782
"CCI_GSE212311","Iqgap3","Control",8.4990956805769,321.084389963612,396.675643153188,0.365079728803104
"CCI_GSE212311","Iqgap3","Neuropathy",8.76010824818719,405.604446910241,454.080355989503,0.349522688450901
"CCI_GSE212311","Irak3","Control",10.1105387715444,1066.53190678996,1127.87625621961,0.340270135620654
"CCI_GSE212311","Irak3","Neuropathy",10.3489217716174,1135.26884357122,1411.47535169978,0.359349355192367
"CCI_GSE212311","Itgal","Control",8.42280906419417,285.294728661935,377.589102255654,0.364902448911964
"CCI_GSE212311","Itgal","Neuropathy",9.15095681313638,528.552472125876,633.92399807725,0.371177810589176
"CCI_GSE212311","Jak3","Control",8.73224900122904,404.939719052213,450.95486046595,0.353933721880251
"CCI_GSE212311","Jak3","Neuropathy",8.96160010031803,461.732477422624,563.377597037305,0.375934684598323
"CCI_GSE212311","Kcna2","Control",16.0570391060096,61347.5697180793,75269.3550833253,0.366725153429489
"CCI_GSE212311","Kcna2","Neuropathy",15.7613403806954,47012.7178197885,63171.5688319655,0.376288690218829
"CCI_GSE212311","Kcnk3","Control",9.50257018282137,646.259026933129,853.97742556784,0.39013830740005
"CCI_GSE212311","Kcnk3","Neuropathy",9.49273292212874,597.160380633898,801.677718827813,0.368307862593848
"CCI_GSE212311","Kel","Control",4.22049654971037,6.13537050885882,50.5026860495958,0.689290579469414
"CCI_GSE212311","Kel","Neuropathy",3.83330063117483,3.17705833088962,39.7444512901097,0.674340525558798
"CCI_GSE212311","Lrat","Control",6.62020693342101,85.3954509565892,109.414107407982,0.372652710261967
"CCI_GSE212311","Lrat","Neuropathy",6.97265570231276,79.4264582722404,200.709479015054,0.500194900507238
"CCI_GSE212311","Lyrm7","Control",10.6316723041754,1345.69126494303,1948.48545085895,0.404727434624284
"CCI_GSE212311","Lyrm7","Neuropathy",10.43277412799,1229.28491623215,1698.66718758231,0.405425463305942
"CCI_GSE212311","Mapre1","Control",12.8367136091152,7169.30189231008,7577.18257844064,0.345201877471409
"CCI_GSE212311","Mapre1","Neuropathy",13.0428450805856,8105.88084061787,8912.707637589,0.351804253474911
"CCI_GSE212311","Meox2","Control",8.902313394481,423.340565111259,528.900857537585,0.36769779018449
"CCI_GSE212311","Meox2","Neuropathy",8.6828311064377,241.447541587416,642.671755880327,0.483994810262833
"CCI_GSE212311","Mrap2","Control",11.4815635101479,2349.84690489293,3366.02098668836,0.388287082295186
"CCI_GSE212311","Mrap2","Neuropathy",12.1144744026641,3435.4590751353,5191.61894977058,0.384217597270898
"CCI_GSE212311","Myof","Control",11.5451966651846,2883.24425810419,3129.29414019647,0.348950068927704
"CCI_GSE212311","Myof","Neuropathy",11.8287764760272,3428.95253505421,3951.12993841067,0.361496837255876
"CCI_GSE212311","Nefh","Control",18.104422614451,263649.731637242,296822.206357104,0.350650311059724
"CCI_GSE212311","Nefh","Neuropathy",17.5541087983861,175003.761531893,208413.845618786,0.360058573740088
"CCI_GSE212311","Nos3","Control",8.14409725072474,223.031904959298,335.154189238226,0.390715182477388
"CCI_GSE212311","Nos3","Neuropathy",8.06591138290809,215.613648248845,303.938580321773,0.375299688195339
"CCI_GSE212311","Nrn1","Control",13.7809371404474,13555.8391663669,14539.1368570616,0.344185793594257
"CCI_GSE212311","Nrn1","Neuropathy",13.4455506818989,9709.5694501738,13154.0805093266,0.389958393940177
"CCI_GSE212311","Pdhb","Control",12.7528918512634,6457.16493261548,7325.63238757743,0.35334960814993
"CCI_GSE212311","Pdhb","Neuropathy",12.5672213407809,5614.89735601025,6460.01860614222,0.354277346730905
"CCI_GSE212311","Pla2g4b","Control",10.5522389015985,1079.94396085555,1841.63371440912,0.398595754698598
"CCI_GSE212311","Pla2g4b","Neuropathy",10.268676198052,1132.09178524033,1339.40001459171,0.361360237747063
"CCI_GSE212311","Plat","Control",12.7849365806838,5969.03808798964,8428.43918634981,0.394191707859991
"CCI_GSE212311","Plat","Neuropathy",12.9968086294208,7852.20755938518,8375.78477966866,0.341469860158229
"CCI_GSE212311","Plaur","Control",8.55398918462704,332.399497271885,409.024700590588,0.362355038079631
"CCI_GSE212311","Plaur","Neuropathy",8.8432976359409,389.719155255793,508.728976513404,0.367590530004486
"CCI_GSE212311","Plk1","Control",6.84713173612859,96.1208046387882,138.652828972527,0.400395606860974
"CCI_GSE212311","Plk1","Neuropathy",7.35527212047484,135.131134386373,178.974285973448,0.363553350021522
"CCI_GSE212311","Plk2","Control",11.4338777514373,2644.10192589905,2887.83541138143,0.347845765083729
"CCI_GSE212311","Plk2","Neuropathy",11.506425454373,2850.88034225161,2965.92967752444,0.339901492287619
"CCI_GSE212311","Psmd8","Control",12.5845494803992,5928.93147350135,6405.32681124861,0.347489609620447
"CCI_GSE212311","Psmd8","Neuropathy",12.6655288163498,6142.42039576587,7007.53165849886,0.35902906192563
"CCI_GSE212311","Rhbdf2","Control",9.27565595715813,577.567082276286,644.213903430176,0.346613241501018
"CCI_GSE212311","Rhbdf2","Neuropathy",9.52094744454497,644.673848577774,883.222215987313,0.397590532402599
"CCI_GSE212311","Rsad2","Control",9.83369710935224,539.001394747504,2425.96107148711,0.684577949356129
"CCI_GSE212311","Rsad2","Neuropathy",8.90394088703614,351.367268401861,856.746729896566,0.545426842459454
"CCI_GSE212311","Scrib","Control",11.9623305799837,3649.70191843484,4203.75136031977,0.350548683276355
"CCI_GSE212311","Scrib","Neuropathy",11.9035414633003,3639.84982775587,3930.72623259185,0.341871223547789
"CCI_GSE212311","Slc25a4","Control",14.3993279095898,20832.817110786,22774.4953288839,0.351075407073734
"CCI_GSE212311","Slc25a4","Neuropathy",14.3202280670167,19726.3551764936,21035.9879720704,0.342679714388152
"CCI_GSE212311","Slc4a1","Control",8.57601256946817,221.075484740357,731.829832391415,0.565810601964788
"CCI_GSE212311","Slc4a1","Neuropathy",8.37225516918865,294.407405329104,357.700061610987,0.359690835933014
"CCI_GSE212311","St3gal1","Control",10.9271297767653,1929.5740250361,1962.28947959804,0.336094079023274
"CCI_GSE212311","St3gal1","Neuropathy",11.0161782206519,1998.15228861027,2182.28104021669,0.351142054635318
"CCI_GSE212311","Tfrc","Control",13.7822975974665,13458.2146860966,14693.526948466,0.347432665916185
"CCI_GSE212311","Tfrc","Neuropathy",13.6206092222007,11481.1783664304,13671.2899845134,0.360912754780508
"CCI_GSE212311","Thrsp","Control",5.4656516007972,31.3027235030594,52.3391473604901,0.394343284633589
"CCI_GSE212311","Thrsp","Neuropathy",4.88077027181235,17.0177879282953,51.8919527378637,0.547709123499241
"CCI_GSE212311","Tmem70","Control",10.7612592018793,1708.70068671718,1771.26693435764,0.340330333784497
"CCI_GSE212311","Tmem70","Neuropathy",10.4518600787052,1375.1580146378,1434.97134611848,0.341693875983909
"CCI_GSE212311","Tns2","Control",11.627838228256,2931.68454148304,3555.79374792566,0.373312255800662
"CCI_GSE212311","Tns2","Neuropathy",11.5573928941333,2731.43741491279,3661.03021662847,0.401106535894921
"CCI_GSE212311","Tpx2","Control",8.36733240307034,310.858772448847,349.221009081007,0.353174316587275
"CCI_GSE212311","Tpx2","Neuropathy",8.80798328142703,406.387014441372,485.507479130777,0.360930558740109
"CCI_GSE212311","Uck2","Control",11.3417246901945,2409.43723989344,2755.6178783787,0.353507146106956
"CCI_GSE212311","Uck2","Neuropathy",11.5668970734819,2848.97790846637,3237.18555757944,0.355315989590141
"CCI_GSE212311","Uqcrc2","Control",13.1072284071972,8425.68449438347,9429.04191036453,0.355810923804702
"CCI_GSE212311","Uqcrc2","Neuropathy",12.9668350460622,7194.73929479211,8590.76572672552,0.356697466693101
"CCI_GSE212311","Uqcrfs1","Control",12.0005736254866,4022.76850151416,4216.02210133749,0.342975342727146
"CCI_GSE212311","Uqcrfs1","Neuropathy",11.8822123548336,3622.90551665779,3926.10377969259,0.346592801100879
"CCI_GSE212311","Uri1","Control",10.4316274027973,1308.84512647167,1445.29505167389,0.348784809637416
"CCI_GSE212311","Uri1","Neuropathy",10.5772056049237,1456.63413978252,1572.64381384423,0.343157764620254
"CCI_GSE212311","Vmp1","Control",12.2352817908199,4581.05274002606,5105.65082512201,0.35269713174112
"CCI_GSE212311","Vmp1","Neuropathy",12.328619065133,4987.9815794967,5312.55297267429,0.344221498418985
"CCI_GSE212311","Wnt6","Control",9.30060300932648,558.557972507717,720.906034790911,0.379570123661273
"CCI_GSE212311","Wnt6","Neuropathy",9.24873245451862,526.613979593954,662.9461717123,0.36202217092878
