pathway,OIPN_GSE160543_NES,OIPN_GSE160543_FDR,OIPN_GSE160543_set_size,OIPN_GSE126773_NES,OIPN_GSE126773_FDR,OIPN_GSE126773_set_size,NC_GSE246156_NES,NC_GSE246156_FDR,NC_GSE246156_set_size,CCI_GSE212311_NES,CCI_GSE212311_FDR,CCI_GSE212311_set_size,n_positive_significant,n_negative_significant,shared_positive,shared_negative,oipn_direction,physical_direction,oipn_support,physical_support
HALLMARK_ADIPOGENESIS,-1.6259823205469,0.00169307869429771,189.0,1.17257797227898,0.313725490196078,197.0,-1.80132499919739,0.00114768397374099,176.0,1.06378877063235,0.438963210702341,180.0,0,2,False,False,False,False,False,False
HALLMARK_ALLOGRAFT_REJECTION,1.7513175246054,0.000683200109312018,162.0,-0.861685544364474,0.889679715302491,169.0,2.40544203639602,0.00138243751382438,140.0,2.24643927507488,0.00148729847105717,141.0,3,0,False,False,False,False,False,False
HALLMARK_ANDROGEN_RESPONSE,-1.35037080938997,0.0608456639139806,94.0,-1.0976608421003,0.513392857142857,94.0,-1.27193173816921,0.15410587615773,86.0,1.39324702461237,0.10888732146006,89.0,0,0,False,False,False,False,False,False
HALLMARK_ANGIOGENESIS,1.46181563569545,0.0649862150452934,35.0,-1.13200896933718,0.509504213207917,36.0,1.03696764447042,0.462307371928363,31.0,0.880151703252425,0.666651154132539,32.0,0,0,False,False,False,False,False,False
HALLMARK_APICAL_JUNCTION,1.56662881731198,0.00465857799494803,182.0,-2.0207741517902,1.05977692663749e-06,183.0,-1.35919845464889,0.042138619201726,174.0,-1.07135811103061,0.395401980472266,161.0,1,2,False,False,False,False,False,False
HALLMARK_APICAL_SURFACE,1.14434225002267,0.27972027972028,39.0,-1.62795091053305,0.0258739111959973,41.0,-0.848817394223361,0.740491525917203,33.0,1.35165686643266,0.194167119604085,35.0,0,1,False,False,False,False,False,False
HALLMARK_APOPTOSIS,1.73622216257023,0.000683200109312018,152.0,-0.974665266497641,0.72801674914351,156.0,2.05502260558451,0.00138243751382438,137.0,1.65171119990134,0.00995449374288965,140.0,3,0,False,False,False,False,False,False
HALLMARK_BILE_ACID_METABOLISM,-1.19358734707294,0.174287780769076,95.0,0.722792548373513,0.946508172362556,107.0,-1.79809071130414,0.00138243751382438,79.0,-0.964333957888621,0.571924090986556,87.0,0,1,False,False,False,False,False,False
HALLMARK_CHOLESTEROL_HOMEOSTASIS,-1.84170482759846,0.00127864157119476,73.0,1.01388393640423,0.617361989043405,71.0,-2.09156479421532,0.00114768397374099,66.0,1.50937857202666,0.0622744957049858,69.0,0,2,False,False,False,False,False,False
HALLMARK_COAGULATION,1.76071399332661,0.00169307869429771,109.0,-1.17518168936586,0.313725490196078,122.0,1.53345217260646,0.0101392456401244,95.0,1.84289154543157,0.00192067607797945,107.0,3,0,False,False,False,False,False,False
HALLMARK_COMPLEMENT,-1.27603619738897,0.072411913037552,166.0,-0.891326435412884,0.889679715302491,175.0,1.9491359363558,0.00138243751382438,141.0,1.65571186438199,0.00676018252492817,156.0,2,0,False,False,False,True,False,True
HALLMARK_DNA_REPAIR,-0.979262689126138,0.52433455557819,141.0,1.84621165992851,0.000199980087421134,141.0,1.6678050847995,0.00138243751382438,134.0,-1.01737041638344,0.511296076099881,120.0,2,0,False,False,False,False,False,False
HALLMARK_E2F_TARGETS,2.76667943432245,0.000683200109312018,195.0,1.73538383378877,0.000403351925783648,192.0,3.2554729839039,0.00138243751382438,187.0,1.08823610435494,0.395401980472266,181.0,3,0,True,False,False,False,False,False
HALLMARK_EPITHELIAL_MESENCHYMAL_TRANSITION,1.99638833716378,0.000683200109312018,186.0,-2.2215579634485,1.04938960187786e-08,187.0,2.07472739922398,0.00138243751382438,174.0,1.83160154638796,0.00148729847105717,170.0,3,1,False,False,False,False,False,False
HALLMARK_ESTROGEN_RESPONSE_EARLY,1.05919375795485,0.341894525432527,177.0,-1.43983651651644,0.0168206956283978,184.0,-1.42730757759764,0.0228082557278846,165.0,1.31413652935149,0.115760347845728,163.0,0,2,False,False,False,False,False,False
HALLMARK_ESTROGEN_RESPONSE_LATE,1.30109620865745,0.060119748723989,179.0,-0.997370906637571,0.679012345679012,182.0,-1.21856363565875,0.163280116110305,161.0,1.2731826238435,0.140840804458444,165.0,0,0,False,False,False,False,False,False
HALLMARK_FATTY_ACID_METABOLISM,-2.09189705788412,0.000683200109312018,144.0,1.81251373588766,0.000426187246088591,143.0,-2.09647398578152,0.00114768397374099,131.0,-1.45694341457902,0.0313194009452765,133.0,1,3,False,False,False,False,False,False
HALLMARK_G2M_CHECKPOINT,2.90241604835369,0.000683200109312018,188.0,1.04393621258702,0.601915184678523,179.0,2.6456530003064,0.00138243751382438,182.0,1.48257407385836,0.0258831981068289,170.0,3,0,True,False,False,False,False,False
HALLMARK_GLYCOLYSIS,-1.14343490641917,0.185509786736781,186.0,0.844609625828676,0.889679715302491,184.0,1.28503002881627,0.044747534410854,168.0,-0.9807883716543,0.551206586160163,172.0,1,0,False,False,False,False,False,False
HALLMARK_HEDGEHOG_SIGNALING,-0.820436938150071,0.755483346872461,35.0,0.929970664597141,0.760233918128655,34.0,-0.773765377904568,0.836408247108947,31.0,0.928815496971056,0.593742083103785,29.0,0,0,False,False,False,False,False,False
HALLMARK_HEME_METABOLISM,1.43355391576824,0.0154327958203472,178.0,0.797212265790447,0.946508172362556,180.0,-1.39482685346902,0.0279525893026994,168.0,-1.23916427242275,0.140840804458444,159.0,1,1,False,False,True,False,False,False
HALLMARK_HYPOXIA,1.33352735240908,0.041994750656168,185.0,-1.02703769718154,0.617361989043405,184.0,-1.0687252373112,0.407899482986654,169.0,1.50825589961404,0.0212243074173369,176.0,2,0,False,False,False,False,False,False
HALLMARK_IL2_STAT5_SIGNALING,1.30310227175815,0.0583971258458062,181.0,-1.03015471661829,0.617361989043405,186.0,1.6416372725866,0.00138243751382438,162.0,1.77328359844081,0.00192067607797945,161.0,2,0,False,False,False,False,False,True
HALLMARK_IL6_JAK_STAT3_SIGNALING,1.61487493643777,0.0123492727160461,78.0,1.28702865619316,0.259332778382532,78.0,2.31714195482732,0.00138243751382438,69.0,2.44957584089756,0.00148729847105717,73.0,3,0,True,False,False,False,False,False
HALLMARK_INFLAMMATORY_RESPONSE,1.29544220675282,0.0608456639139806,177.0,0.843569041975264,0.889679715302491,177.0,2.09107847835882,0.00138243751382438,155.0,2.32555646211451,0.00148729847105717,163.0,2,0,False,False,False,False,False,True
HALLMARK_INTERFERON_ALPHA_RESPONSE,2.21684250010936,0.000683200109312018,91.0,1.65578912006419,0.00956450642858049,93.0,1.70492696825455,0.00332502078137988,86.0,1.80882876224347,0.00808799741184083,77.0,4,0,True,False,False,False,False,False
HALLMARK_INTERFERON_GAMMA_RESPONSE,2.1889740562122,0.000683200109312018,178.0,1.28635514825116,0.13869625520111,176.0,2.18692610093016,0.00138243751382438,163.0,2.35329975009228,0.00148729847105717,156.0,3,0,True,False,False,False,False,False
HALLMARK_KRAS_SIGNALING_DN,1.21369744380417,0.133431836685463,139.0,-1.3579976273103,0.0459434453174395,169.0,-1.97598283975583,0.00114768397374099,105.0,1.14936195678323,0.305300767918089,132.0,0,2,False,False,False,False,False,False
HALLMARK_KRAS_SIGNALING_UP,1.2008494642047,0.133431836685463,182.0,-1.29370782647377,0.0663119151642707,184.0,1.90105061137364,0.00138243751382438,163.0,1.59134124368995,0.0117380076688317,158.0,2,0,False,False,False,False,False,True
HALLMARK_MITOTIC_SPINDLE,2.26335521012611,0.000683200109312018,192.0,-1.86961478990144,4.43883170767892e-05,181.0,1.34934385387471,0.0223966805761841,188.0,1.03355636589664,0.482741035581083,173.0,2,1,False,False,False,False,False,False
HALLMARK_MTORC1_SIGNALING,-1.66283413696033,0.000683200109312018,198.0,1.59889484336045,0.00274325142666661,191.0,-1.4019932021313,0.0264243546517106,184.0,1.14722091793292,0.301764935137242,181.0,1,2,False,False,False,False,False,False
HALLMARK_MYC_TARGETS_V1,-1.17319533152476,0.149856792144026,194.0,2.22567756097955,5.23637852767299e-09,184.0,2.5605834924765,0.00138243751382438,183.0,0.632140029886787,0.999151391717583,167.0,2,0,False,False,False,False,False,False
HALLMARK_MYC_TARGETS_V2,1.56580874301814,0.0217438573602957,58.0,1.52102435662254,0.0648510487691895,58.0,1.99789969452434,0.00138243751382438,51.0,0.971968479808122,0.551206586160163,53.0,2,0,False,False,False,False,False,False
HALLMARK_MYOGENESIS,2.0106339006107,0.000683200109312018,177.0,-2.38838445206889,2.5e-09,190.0,-2.77822026786161,0.00114768397374099,183.0,-1.36546053442159,0.0622744957049858,163.0,1,2,False,False,False,False,False,False
HALLMARK_NOTCH_SIGNALING,0.906319425521674,0.614848490917466,32.0,-1.67296920187939,0.0484227956007618,30.0,-0.949032843986135,0.593875604605218,30.0,-1.01670618168731,0.516483251473083,30.0,0,1,False,False,False,False,False,False
HALLMARK_OXIDATIVE_PHOSPHORYLATION,-2.77446866556841,0.000683200109312018,179.0,2.24108453266786,2.5e-09,186.0,-2.11514887661567,0.00114768397374099,178.0,-2.148932559987,0.00176672202395675,178.0,1,3,False,False,False,False,False,False
HALLMARK_P53_PATHWAY,2.04113510479887,0.000683200109312018,184.0,-0.939128073647615,0.777371072373428,183.0,1.67837161126477,0.00138243751382438,169.0,1.55119233834525,0.014476319154583,169.0,3,0,False,False,False,False,False,False
HALLMARK_PANCREAS_BETA_CELLS,-1.7380769231238,0.0123492727160461,28.0,0.756648686631453,0.889679715302491,36.0,-0.668082270793318,0.892801495793082,16.0,-1.22055530146851,0.305300767918089,26.0,0,1,False,False,False,False,False,False
HALLMARK_PEROXISOME,-1.53813322422307,0.0145180023228804,93.0,1.01072117191953,0.617361989043405,98.0,-1.13159187696872,0.318188119849731,85.0,1.06869271086464,0.439765015410772,90.0,0,1,False,False,False,False,False,False
HALLMARK_PI3K_AKT_MTOR_SIGNALING,1.06138802876442,0.35970770868075,100.0,0.907675607394696,0.777371072373428,101.0,1.15982246264907,0.208908956129119,90.0,1.04746265947237,0.477266610362973,89.0,0,0,False,False,False,False,False,False
HALLMARK_PROTEIN_SECRETION,-2.03586966609952,0.000683200109312018,93.0,1.1025653965974,0.51622418879056,92.0,-1.02053088836207,0.492504638106256,90.0,-1.33048355301084,0.132366482504604,81.0,0,1,False,False,False,False,False,False
HALLMARK_REACTIVE_OXYGEN_SPECIES_PATHWAY,-1.7553639767432,0.00831474742731933,46.0,1.34916787087259,0.173463608043047,44.0,0.754780654297978,0.892801495793082,42.0,1.24571622774772,0.2807836703789,43.0,0,1,False,False,False,False,False,False
HALLMARK_SPERMATOGENESIS,1.4440947634294,0.0285460543009388,107.0,1.02755596507214,0.617361989043405,108.0,-0.971138340735076,0.580186197868879,77.0,1.0010512117191,0.516483251473083,95.0,1,0,False,False,False,False,False,False
HALLMARK_TGF_BETA_SIGNALING,1.29607227736603,0.133431836685463,53.0,-1.57354149029125,0.0515492870863161,51.0,1.84384241679567,0.00138243751382438,49.0,1.35890335182728,0.153507968492398,50.0,1,0,False,False,False,False,False,False
HALLMARK_TNFA_SIGNALING_VIA_NFKB,1.69041987964629,0.000683200109312018,185.0,0.780761730412275,0.946508172362556,190.0,2.5707841609148,0.00138243751382438,168.0,2.46979155663855,0.00148729847105717,173.0,3,0,True,False,False,False,False,False
HALLMARK_UNFOLDED_PROTEIN_RESPONSE,-1.1510603918747,0.217625806086928,102.0,1.18190613342174,0.332244622142133,109.0,1.17066301005582,0.186664089212145,99.0,-1.13126942861004,0.346503304944254,94.0,0,0,False,False,False,False,False,False
HALLMARK_UV_RESPONSE_DN,1.48048193366676,0.0154327958203472,139.0,-2.25058486477933,5.94556022381781e-08,142.0,-1.44010073113922,0.0272614622057001,136.0,1.00080418916056,0.516483251473083,126.0,1,2,False,False,False,False,False,False
HALLMARK_UV_RESPONSE_UP,1.09111484773488,0.285051738093676,146.0,0.868857026939457,0.889679715302491,149.0,-1.06472333814263,0.411602402376936,135.0,1.23372504748052,0.202566047275945,132.0,0,0,False,False,False,False,False,False
HALLMARK_WNT_BETA_CATENIN_SIGNALING,1.77953543576118,0.0068159688412853,39.0,-1.98510451341287,0.000869592213074541,40.0,1.29637050121881,0.161001042752868,33.0,0.694769787581101,0.926631747373506,36.0,1,1,False,False,False,False,False,False
HALLMARK_XENOBIOTIC_METABOLISM,1.37231498101663,0.0296220495765393,169.0,0.926551259407707,0.777371072373428,190.0,-0.946867969131445,0.629333046702854,137.0,1.21781174196887,0.209192335677904,147.0,1,0,False,False,False,False,False,False
