"pathway","study","plotted_gene_rows","saturated_at_2","saturated_at_6"
"HALLMARK_APICAL_JUNCTION","OIPN_GSE160543",18,0,0
"HALLMARK_APICAL_JUNCTION","NC_GSE246156",18,6,3
"HALLMARK_APICAL_JUNCTION","CCI_GSE212311",18,2,0
"HALLMARK_COMPLEMENT","OIPN_GSE160543",17,0,0
"HALLMARK_COMPLEMENT","NC_GSE246156",17,10,0
"HALLMARK_COMPLEMENT","CCI_GSE212311",17,0,0
"HALLMARK_HEME_METABOLISM","OIPN_GSE160543",25,1,0
"HALLMARK_HEME_METABOLISM","NC_GSE246156",25,7,2
"HALLMARK_HEME_METABOLISM","CCI_GSE212311",25,0,0
"HALLMARK_MYC_TARGETS_V1","OIPN_GSE160543",25,0,0
"HALLMARK_MYC_TARGETS_V1","NC_GSE246156",25,0,0
"HALLMARK_MYC_TARGETS_V1","CCI_GSE212311",25,0,0
"HALLMARK_MYOGENESIS","OIPN_GSE160543",37,0,0
"HALLMARK_MYOGENESIS","NC_GSE246156",37,24,13
"HALLMARK_MYOGENESIS","CCI_GSE212311",37,7,0
"HALLMARK_NOTCH_SIGNALING","OIPN_GSE160543",3,0,0
"HALLMARK_NOTCH_SIGNALING","NC_GSE246156",3,1,0
"HALLMARK_NOTCH_SIGNALING","CCI_GSE212311",3,0,0
"HALLMARK_REACTIVE_OXYGEN_SPECIES_PATHWAY","OIPN_GSE160543",8,0,0
"HALLMARK_REACTIVE_OXYGEN_SPECIES_PATHWAY","NC_GSE246156",8,0,0
"HALLMARK_REACTIVE_OXYGEN_SPECIES_PATHWAY","CCI_GSE212311",8,0,0
