"input","blob_sha","source_commit"
"results/GSE160543_Oxaliplatin_vs_Vehicle/DE_all_genes.csv","35123cd7e7aec5830cc7ed68e046096df53cc868","4c1823502a2b702f7f510cac5ad071320328ef85"
"results/GSE160543_Oxaliplatin_vs_Vehicle/Pathway_analysis/ranked_statistics.csv","9239d8806573683dd3626f1c9a43019d3ff2cfe5","4c1823502a2b702f7f510cac5ad071320328ef85"
"results/GSE246156_NC_L5_day7/DESeq2/GSE246156_Compression_vs_Sham_DE_all_genes.csv","39e7d3feb6e78ab31a80fa81e4bcd56161131445","4c1823502a2b702f7f510cac5ad071320328ef85"
"results/GSE246156_NC_L5_day7/pathway_analysis/Ensembl_annotation_all_mappings.csv","57b2dd702513c4a657f39341d5fcb26c05f42c8f","4c1823502a2b702f7f510cac5ad071320328ef85"
"results/GSE246156_NC_L5_day7/pathway_analysis/ranked_statistics.csv","e1b337ee786ebaee7fbc815c4e95527d97dc9750","4c1823502a2b702f7f510cac5ad071320328ef85"
"results/GSE212311_CCI_L4L6_day11/pathway_analysis_source_aware/feature_to_symbol_audit.csv","2db4b57417d549dc968dc9898fbe40a4f01bc6c6","4c1823502a2b702f7f510cac5ad071320328ef85"
"results/GSE212311_CCI_L4L6_day11/pathway_analysis_source_aware/ranked_statistics.csv","078a4cc013d11f44ff2f340c5747e1b4d0a21e3e","4c1823502a2b702f7f510cac5ad071320328ef85"
"results/GSE160543_Oxaliplatin_vs_Vehicle/Pathway_analysis/GSEA_Hallmark_results.csv","e5d1da1aa9d92df035ec8f043bcdf9cec5469bcb","4c1823502a2b702f7f510cac5ad071320328ef85"
"results/GSE212311_CCI_L4L6_day11/pathway_analysis_source_aware/GSEA_Hallmark_results.csv","55fbde916795855119fdf30fbddd0274886a7d44","4c1823502a2b702f7f510cac5ad071320328ef85"
"results/GSE246156_NC_L5_day7/pathway_analysis/GSEA_Hallmark_results.csv","1b459e4ed2612c147708a107331c652aa4e88621","4c1823502a2b702f7f510cac5ad071320328ef85"
"results/GSVA_four_dataset/OIPN_GSE160543_limma_all_50.csv","0c39c3dfd6823b1c64d12f54197c4babf50fe1b1","4c1823502a2b702f7f510cac5ad071320328ef85"
"results/GSVA_four_dataset/NC_GSE246156_limma_all_50.csv","b04ef817180c1e6097767b45486e0ee00407f465","4c1823502a2b702f7f510cac5ad071320328ef85"
"results/GSVA_four_dataset/CCI_GSE212311_limma_all_50.csv","2a7a20e239c5c8a7ab115660bec44ec59510cf8e","4c1823502a2b702f7f510cac5ad071320328ef85"
"results/GSE160543_Oxaliplatin_vs_Vehicle/Pathway_analysis/GSVA_Hallmark_scores.csv","57c3f9b2e63acf607a75cd54717170c152dce67a","4c1823502a2b702f7f510cac5ad071320328ef85"
"results/GSE246156_NC_L5_day7/pathway_analysis/GSVA_Hallmark_scores.csv","f8581089ed3cc5baabb9333abefe9caff8a4f2c0","4c1823502a2b702f7f510cac5ad071320328ef85"
"results/GSE212311_CCI_L4L6_day11/GSVA_source_aware/GSVA_Hallmark_scores.csv","9c3fce7bea7d4408d96d88cd6b96a1ccde800698","4c1823502a2b702f7f510cac5ad071320328ef85"
