"pathway","control_mean","neuropathy_mean","delta_GSVA","CI95_low","CI95_high","moderated_t","p_value","FDR_BH_50","n_control","n_neuropathy","direction","complete_separation","study","GSEA_NES","GSEA_FDR","direction_agrees_with_GSEA","selected_for_display"
"HALLMARK_ADIPOGENESIS",0.130984417648605,-0.149847828733148,-0.280832246381754,-0.543275177827778,-0.0183893149357292,-2.19789170063166,0.0369140357950499,0.108570693514853,4,4,"lower_in_neuropathy","overlap","OIPN_GSE160543",-1.6259823205469,0.00169307869429771,TRUE,FALSE
"HALLMARK_ALLOGRAFT_REJECTION",-0.05795853882225,0.0599000384989633,0.117858577321213,-0.18735615606493,0.423073310707357,0.793140077786943,0.43476379310041,0.603838601528348,4,4,"higher_in_neuropathy","overlap","OIPN_GSE160543",1.7513175246054,0.000683200109312018,TRUE,FALSE
"HALLMARK_ANDROGEN_RESPONSE",0.0998512043460128,-0.0595391528158487,-0.159390357161862,-0.427324056279401,0.108543341955678,-1.22188096454792,0.232546363859348,0.430641414554348,4,4,"lower_in_neuropathy","overlap","OIPN_GSE160543",-1.35037080938997,0.0608456639139806,TRUE,FALSE
"HALLMARK_ANGIOGENESIS",-0.112362093356279,0.142609782807424,0.254971876163703,-0.0191092565470738,0.52905300887448,1.91076525034825,0.0669466190132459,0.165425173595881,4,4,"higher_in_neuropathy","overlap","OIPN_GSE160543",1.46181563569545,0.0649862150452934,TRUE,FALSE
"HALLMARK_APICAL_JUNCTION",-0.0754797103571098,0.0659420711891031,0.141421781546213,-0.131155617975667,0.413999181068093,1.06566488465655,0.296220478190391,0.502673842449561,4,4,"higher_in_neuropathy","overlap","OIPN_GSE160543",1.56662881731198,0.00465857799494803,TRUE,FALSE
"HALLMARK_APICAL_SURFACE",-0.0961167953834909,0.0862063435886428,0.182323138972134,-0.113874789817571,0.478521067761838,1.2643111478247,0.217162245549723,0.417619702980236,4,4,"higher_in_neuropathy","overlap","OIPN_GSE160543",1.14434225002267,0.27972027972028,TRUE,FALSE
"HALLMARK_APOPTOSIS",-0.11164022173344,0.0946351542586633,0.206275375992103,-0.0597693242515713,0.472320076235777,1.5925276108026,0.123165234294028,0.256594238112558,4,4,"higher_in_neuropathy","overlap","OIPN_GSE160543",1.73622216257023,0.000683200109312018,TRUE,FALSE
"HALLMARK_BILE_ACID_METABOLISM",0.0464174799624153,-0.072516007364283,-0.118933487326698,-0.370405922034423,0.132538947381027,-0.971422060919022,0.340151048961134,0.52519714503021,4,4,"lower_in_neuropathy","overlap","OIPN_GSE160543",-1.19358734707294,0.174287780769076,TRUE,FALSE
"HALLMARK_CHOLESTEROL_HOMEOSTASIS",0.147550856973079,-0.175411387614158,-0.322962244587236,-0.588815081039752,-0.0571094081347209,-2.49519592100261,0.0191541598306114,0.0736698455023517,4,4,"lower_in_neuropathy","overlap","OIPN_GSE160543",-1.84170482759846,0.00127864157119476,TRUE,FALSE
"HALLMARK_COAGULATION",-0.128722065505637,0.136823777086179,0.265545842591816,-0.0263196888257218,0.557411374009354,1.86874865386899,0.0727870763821878,0.165425173595881,4,4,"higher_in_neuropathy","overlap","OIPN_GSE160543",1.76071399332661,0.00169307869429771,TRUE,FALSE
"HALLMARK_COMPLEMENT",0.0390521678755036,-0.0152841340925817,-0.0543363019680854,-0.311218431580535,0.202545827644364,-0.434460582468449,0.667482931193275,0.745510036018048,4,4,"lower_in_neuropathy","overlap","OIPN_GSE160543",-1.27603619738897,0.072411913037552,TRUE,TRUE
"HALLMARK_DNA_REPAIR",-0.0511468727763629,-0.0172011239059405,0.0339457488704224,-0.260743748068916,0.328635245809761,0.23660010439671,0.814792430099863,0.814792430099863,4,4,"higher_in_neuropathy","overlap","OIPN_GSE160543",-0.979262689126138,0.52433455557819,FALSE,FALSE
"HALLMARK_E2F_TARGETS",-0.274335935328675,0.273385080358693,0.547721015687368,0.283956244597994,0.811485786776742,4.26517456075821,0.000227180769859915,0.00567951924649787,4,4,"higher_in_neuropathy","neuropathy_above_control","OIPN_GSE160543",2.76667943432245,0.000683200109312018,TRUE,TRUE
"HALLMARK_EPITHELIAL_MESENCHYMAL_TRANSITION",-0.15891295741217,0.203833923394245,0.362746880806415,0.0813267229264394,0.64416703868639,2.64754091051942,0.0134982692943692,0.0617552965513428,4,4,"higher_in_neuropathy","overlap","OIPN_GSE160543",1.99638833716378,0.000683200109312018,TRUE,FALSE
"HALLMARK_ESTROGEN_RESPONSE_EARLY",-0.0446200540604166,0.0639198363347956,0.108539890395212,-0.153898551344074,0.370978332134499,0.849485799956771,0.403245630445452,0.588905906691298,4,4,"higher_in_neuropathy","overlap","OIPN_GSE160543",1.05919375795485,0.341894525432527,TRUE,FALSE
"HALLMARK_ESTROGEN_RESPONSE_LATE",-0.0299287806588963,0.0450569134546524,0.0749856941135487,-0.171048863226193,0.32102025145329,0.626003123299794,0.536685741461796,0.688058642899739,4,4,"higher_in_neuropathy","overlap","OIPN_GSE160543",1.30109620865745,0.060119748723989,TRUE,FALSE
"HALLMARK_FATTY_ACID_METABOLISM",0.183762792493708,-0.176309758513354,-0.360072551007061,-0.639712848548325,-0.0804322534657975,-2.64474896179693,0.0135861652412954,0.0617552965513428,4,4,"lower_in_neuropathy","overlap","OIPN_GSE160543",-2.09189705788412,0.000683200109312018,TRUE,FALSE
"HALLMARK_G2M_CHECKPOINT",-0.289428508774199,0.26971826258565,0.559146771359849,0.311392156819981,0.806901385899717,4.63551792385002,8.50360177895618e-05,0.00425180088947809,4,4,"higher_in_neuropathy","neuropathy_above_control","OIPN_GSE160543",2.90241604835369,0.000683200109312018,TRUE,TRUE
"HALLMARK_GLYCOLYSIS",0.052743180400094,-0.052460502946548,-0.105203683346642,-0.364564651721129,0.154157285027845,-0.83314486453814,0.412234134683909,0.588905906691298,4,4,"lower_in_neuropathy","overlap","OIPN_GSE160543",-1.14343490641917,0.185509786736781,TRUE,FALSE
"HALLMARK_HEDGEHOG_SIGNALING",0.0422705095262616,-0.0594256395473838,-0.101696149073645,-0.450192906337489,0.246800608190198,-0.599376845528771,0.554028875964683,0.692536094955853,4,4,"lower_in_neuropathy","overlap","OIPN_GSE160543",-0.820436938150071,0.755483346872461,TRUE,FALSE
"HALLMARK_HEME_METABOLISM",-0.0355475011769157,0.0118168198551248,0.0473643210320405,-0.221274198814534,0.316002840878616,0.362140607225957,0.720128487139874,0.766094135255185,4,4,"higher_in_neuropathy","overlap","OIPN_GSE160543",1.43355391576824,0.0154327958203472,TRUE,TRUE
"HALLMARK_HYPOXIA",-0.0297483600885808,0.0236653765046445,0.0534137365932253,-0.195548938967709,0.30237641215416,0.440669419116535,0.663038197452745,0.745510036018048,4,4,"higher_in_neuropathy","overlap","OIPN_GSE160543",1.33352735240908,0.041994750656168,TRUE,FALSE
"HALLMARK_IL2_STAT5_SIGNALING",-0.0154042810914337,0.0372814215548729,0.0526857026463066,-0.211926833454724,0.317298238747338,0.408955973847547,0.685869233136604,0.745510036018048,4,4,"higher_in_neuropathy","overlap","OIPN_GSE160543",1.30310227175815,0.0583971258458062,TRUE,FALSE
"HALLMARK_IL6_JAK_STAT3_SIGNALING",-0.089719420097361,0.124980108530328,0.214699528627689,-0.0728372063715462,0.502236263626924,1.5336700946746,0.137003508712826,0.274007017425653,4,4,"higher_in_neuropathy","overlap","OIPN_GSE160543",1.61487493643777,0.0123492727160461,TRUE,TRUE
"HALLMARK_INFLAMMATORY_RESPONSE",-0.0439244293359711,0.0463518089005263,0.0902762382364974,-0.196135253727166,0.376687730200161,0.647406729919219,0.522956593101058,0.688058642899739,4,4,"higher_in_neuropathy","overlap","OIPN_GSE160543",1.29544220675282,0.0608456639139806,TRUE,FALSE
"HALLMARK_INTERFERON_ALPHA_RESPONSE",-0.277793259470708,0.211983802791761,0.489777062262469,0.213756307004468,0.765797817520471,3.64460861474373,0.00115206240814621,0.0105569543568234,4,4,"higher_in_neuropathy","neuropathy_above_control","OIPN_GSE160543",2.21684250010936,0.000683200109312018,TRUE,TRUE
"HALLMARK_INTERFERON_GAMMA_RESPONSE",-0.204888826814249,0.191055149657287,0.395943976471536,0.124961492886839,0.666926460056233,3.00114318991712,0.00581020444469405,0.0415014603192432,4,4,"higher_in_neuropathy","overlap","OIPN_GSE160543",2.1889740562122,0.000683200109312018,TRUE,TRUE
"HALLMARK_KRAS_SIGNALING_DN",-0.0468184573947945,0.0185091744411753,0.0653276318359698,-0.207526178896049,0.338181442567988,0.491768930274067,0.626945090276738,0.745510036018048,4,4,"higher_in_neuropathy","overlap","OIPN_GSE160543",1.21369744380417,0.133431836685463,TRUE,FALSE
"HALLMARK_KRAS_SIGNALING_UP",-0.00830552098079723,0.0304983443026992,0.0388038652834965,-0.236433884981157,0.31404161554815,0.289575079410564,0.774402418912119,0.806669186366791,4,4,"higher_in_neuropathy","overlap","OIPN_GSE160543",1.2008494642047,0.133431836685463,TRUE,FALSE
"HALLMARK_MITOTIC_SPINDLE",-0.204232497992748,0.15297269906605,0.357205197058798,0.0944778849660153,0.61993250915158,2.792587190192,0.00959888107787201,0.0533994335860346,4,4,"higher_in_neuropathy","neuropathy_above_control","OIPN_GSE160543",2.26335521012611,0.000683200109312018,TRUE,FALSE
"HALLMARK_MTORC1_SIGNALING",0.135346571374351,-0.15323038953823,-0.28857696091258,-0.556919520742203,-0.0202344010829572,-2.20885034498817,0.0360566414237333,0.108570693514853,4,4,"lower_in_neuropathy","overlap","OIPN_GSE160543",-1.66283413696033,0.000683200109312018,TRUE,FALSE
"HALLMARK_MYC_TARGETS_V1",0.0296658403642802,-0.0812248584436025,-0.110890698807883,-0.446259269093751,0.224477871477986,-0.679151956562082,0.502950278402212,0.679662538381367,4,4,"lower_in_neuropathy","overlap","OIPN_GSE160543",-1.17319533152476,0.149856792144026,TRUE,FALSE
"HALLMARK_MYC_TARGETS_V2",-0.217359907167563,0.0996305305947457,0.316990437762309,0.0356268499876708,0.598354025536947,2.31404853551132,0.0286959462291153,0.0956531540970511,4,4,"higher_in_neuropathy","overlap","OIPN_GSE160543",1.56580874301814,0.0217438573602957,TRUE,FALSE
"HALLMARK_MYOGENESIS",-0.157490907893655,0.143705576423142,0.301196484316797,0.0419889230259707,0.560404045607622,2.38669227542452,0.0244413497206896,0.0872905347167486,4,4,"higher_in_neuropathy","overlap","OIPN_GSE160543",2.0106339006107,0.000683200109312018,TRUE,FALSE
"HALLMARK_NOTCH_SIGNALING",-0.0792322298862471,0.0845336484460336,0.163765878332281,-0.11676772879694,0.444299485461501,1.1990373682032,0.241160682893197,0.430644076594994,4,4,"higher_in_neuropathy","overlap","OIPN_GSE160543",0.906319425521674,0.614848490917466,TRUE,FALSE
"HALLMARK_OXIDATIVE_PHOSPHORYLATION",0.307904087764847,-0.271472926718623,-0.57937701448347,-0.882369422739893,-0.276384606227048,-3.92756797184525,0.00055236206897139,0.00690452586214238,4,4,"lower_in_neuropathy","overlap","OIPN_GSE160543",-2.77446866556841,0.000683200109312018,TRUE,FALSE
"HALLMARK_P53_PATHWAY",-0.138764494051615,0.11685630535954,0.255620799411155,0.0019286271922006,0.50931297163011,2.0695852329801,0.0484038999558671,0.134455277655187,4,4,"higher_in_neuropathy","overlap","OIPN_GSE160543",2.04113510479887,0.000683200109312018,TRUE,FALSE
"HALLMARK_PANCREAS_BETA_CELLS",0.203874814222984,-0.257214209393937,-0.461089023616921,-0.723598671298566,-0.198579375935276,-3.60772736020676,0.0012668345228188,0.0105569543568234,4,4,"lower_in_neuropathy","neuropathy_below_control","OIPN_GSE160543",-1.7380769231238,0.0123492727160461,TRUE,FALSE
"HALLMARK_PEROXISOME",0.104705642443338,-0.14417109128752,-0.248876733730858,-0.521961849607815,0.0242083821460989,-1.8718906006818,0.072335554023977,0.165425173595881,4,4,"lower_in_neuropathy","overlap","OIPN_GSE160543",-1.53813322422307,0.0145180023228804,TRUE,FALSE
"HALLMARK_PI3K_AKT_MTOR_SIGNALING",0.0138066353759267,-0.0384644778555493,-0.0522711132314759,-0.313957452126156,0.209415225663204,-0.410274848247625,0.684913493034941,0.745510036018048,4,4,"lower_in_neuropathy","overlap","OIPN_GSE160543",1.06138802876442,0.35970770868075,FALSE,FALSE
"HALLMARK_PROTEIN_SECRETION",0.172887140616899,-0.153472451716268,-0.326359592333167,-0.586481300915394,-0.0662378837509395,-2.57699739364778,0.0158899862659495,0.066208276108123,4,4,"lower_in_neuropathy","overlap","OIPN_GSE160543",-2.03586966609952,0.000683200109312018,TRUE,FALSE
"HALLMARK_REACTIVE_OXYGEN_SPECIES_PATHWAY",0.224463363458428,-0.183292728577547,-0.407756092035976,-0.707725296211289,-0.107786887860663,-2.79201651399421,0.00961189804548624,0.0533994335860346,4,4,"lower_in_neuropathy","overlap","OIPN_GSE160543",-1.7553639767432,0.00831474742731933,TRUE,FALSE
"HALLMARK_SPERMATOGENESIS",-0.0546143339873597,0.0653660432299278,0.119980377217288,-0.123271785713646,0.363232540148221,1.01308925165867,0.320208971366249,0.516466082848789,4,4,"higher_in_neuropathy","overlap","OIPN_GSE160543",1.4440947634294,0.0285460543009388,TRUE,FALSE
"HALLMARK_TGF_BETA_SIGNALING",-0.0585125566591525,0.0855934521660018,0.144106008825154,-0.164781521262046,0.452993538912354,0.958243560372691,0.346630115719939,0.52519714503021,4,4,"higher_in_neuropathy","overlap","OIPN_GSE160543",1.29607227736603,0.133431836685463,TRUE,FALSE
"HALLMARK_TNFA_SIGNALING_VIA_NFKB",-0.13776553416972,0.134899332393372,0.272664866563092,-0.00371707378605274,0.549046806912236,2.02634652339268,0.0529381613086513,0.13931095081224,4,4,"higher_in_neuropathy","overlap","OIPN_GSE160543",1.69041987964629,0.000683200109312018,TRUE,TRUE
"HALLMARK_UNFOLDED_PROTEIN_RESPONSE",0.0603355993012406,-0.0842215447954758,-0.144557144096716,-0.426364893286524,0.137250605093091,-1.0536122798773,0.301604305469737,0.502673842449561,4,4,"lower_in_neuropathy","overlap","OIPN_GSE160543",-1.1510603918747,0.217625806086928,TRUE,FALSE
"HALLMARK_UV_RESPONSE_DN",-0.11497623823964,0.128958650637876,0.243934888877516,-0.0601915165495106,0.548061294304542,1.64745661429728,0.11131198158567,0.241982568664499,4,4,"higher_in_neuropathy","overlap","OIPN_GSE160543",1.48048193366676,0.0154327958203472,TRUE,FALSE
"HALLMARK_UV_RESPONSE_UP",-0.0175343179163299,0.0142848285315394,0.0318191464478693,-0.224162226748977,0.287800519644715,0.255313839238574,0.80045845829904,0.814792430099863,4,4,"higher_in_neuropathy","overlap","OIPN_GSE160543",1.09111484773488,0.285051738093676,TRUE,FALSE
"HALLMARK_WNT_BETA_CATENIN_SIGNALING",-0.272984854196074,0.246405621273778,0.519390475469851,0.257377886480545,0.781403064459158,4.07160855438936,0.000378552564482998,0.00630920940804997,4,4,"higher_in_neuropathy","neuropathy_above_control","OIPN_GSE160543",1.77953543576118,0.0068159688412853,TRUE,FALSE
"HALLMARK_XENOBIOTIC_METABOLISM",-0.0286936227999382,0.0291411001537505,0.0578347229536888,-0.209564535654125,0.325233981561502,0.444245109988271,0.660484128357398,0.745510036018048,4,4,"higher_in_neuropathy","overlap","OIPN_GSE160543",1.37231498101663,0.0296220495765393,TRUE,FALSE
"HALLMARK_ADIPOGENESIS",-0.100301833887364,0.113606156836076,0.21390799072344,-0.0519321286628077,0.479748110109688,1.80519226947553,0.102706054831198,0.233422851889086,3,3,"higher_in_neuropathy","neuropathy_above_control","OIPN_GSE126773",1.17257797227898,0.313725490196078,TRUE,FALSE
"HALLMARK_ALLOGRAFT_REJECTION",0.0752596272330616,-0.064489054694539,-0.139748681927601,-0.5967754986504,0.317278134795199,-0.685998264125928,0.509074552223892,0.707047989199849,3,3,"lower_in_neuropathy","overlap","OIPN_GSE126773",-0.861685544364474,0.889679715302491,TRUE,FALSE
"HALLMARK_ANDROGEN_RESPONSE",0.0569834111039727,-0.0633269565530003,-0.120310367656973,-0.45077992304275,0.210159187728803,-0.8167489368371,0.434033652549199,0.638284783160586,3,3,"lower_in_neuropathy","overlap","OIPN_GSE126773",-1.0976608421003,0.513392857142857,TRUE,FALSE
"HALLMARK_ANGIOGENESIS",0.11333702797638,-0.181925036960396,-0.295262064936776,-0.730033334601623,0.139509204728071,-1.52357485045061,0.160117400444944,0.307918077778738,3,3,"lower_in_neuropathy","overlap","OIPN_GSE126773",-1.13200896933718,0.509504213207917,TRUE,FALSE
"HALLMARK_APICAL_JUNCTION",0.17388361498899,-0.227098873417858,-0.400982488406848,-0.750353865664378,-0.0516111111493186,-2.57486856206764,0.0286904915135879,0.14345245756794,3,3,"lower_in_neuropathy","neuropathy_below_control","OIPN_GSE126773",-2.0207741517902,1.05977692663749e-06,TRUE,FALSE
"HALLMARK_APICAL_SURFACE",0.172943904138109,-0.217351645909148,-0.390295550047257,-0.786850033622388,0.00625893352787316,-2.20804395835648,0.0530385342604607,0.176795114201536,3,3,"lower_in_neuropathy","overlap","OIPN_GSE126773",-1.62795091053305,0.0258739111959973,TRUE,FALSE
"HALLMARK_APOPTOSIS",0.0889609973480797,-0.0651287317525035,-0.154089729100583,-0.544366360861266,0.2361869026601,-0.885764200138022,0.397565839690087,0.638284783160586,3,3,"lower_in_neuropathy","overlap","OIPN_GSE126773",-0.974665266497641,0.72801674914351,TRUE,FALSE
"HALLMARK_BILE_ACID_METABOLISM",-0.0275969472577403,0.0295483270348422,0.0571452742925825,-0.198444278092856,0.312734826678021,0.501596161366425,0.627346372321661,0.804290220925206,3,3,"higher_in_neuropathy","overlap","OIPN_GSE126773",0.722792548373513,0.946508172362556,TRUE,FALSE
"HALLMARK_CHOLESTEROL_HOMEOSTASIS",0.0465360561604577,0.0281399332173457,-0.018396122943112,-0.484308832941753,0.447516587055529,-0.0885806219545665,0.931250761225218,0.931250761225218,3,3,"lower_in_neuropathy","overlap","OIPN_GSE126773",1.01388393640423,0.617361989043405,FALSE,FALSE
"HALLMARK_COAGULATION",0.11196425230153,-0.1576889863794,-0.26965323868093,-0.634234731508396,0.0949282541465354,-1.65931180101605,0.129578289199561,0.259156578399123,3,3,"lower_in_neuropathy","overlap","OIPN_GSE126773",-1.17518168936586,0.313725490196078,TRUE,FALSE
"HALLMARK_COMPLEMENT",-0.0097548256325666,-0.0403133701169163,-0.0305585444843497,-0.409334553517037,0.348217464548337,-0.180995251460078,0.860166195699093,0.913416564403638,3,3,"lower_in_neuropathy","overlap","OIPN_GSE126773",-0.891326435412884,0.889679715302491,TRUE,TRUE
"HALLMARK_DNA_REPAIR",-0.221376846608951,0.259566140671227,0.480942987280179,0.174263015960487,0.78762295859987,3.51823757535165,0.00598886548980565,0.0598886548980565,3,3,"higher_in_neuropathy","neuropathy_above_control","OIPN_GSE126773",1.84621165992851,0.000199980087421134,TRUE,FALSE
"HALLMARK_E2F_TARGETS",-0.150090354363284,0.23625057466389,0.386340929027174,0.0414369831431443,0.731244874911205,2.5129829202544,0.0318345647634642,0.144702567106655,3,3,"higher_in_neuropathy","overlap","OIPN_GSE126773",1.73538383378877,0.000403351925783648,TRUE,TRUE
"HALLMARK_EPITHELIAL_MESENCHYMAL_TRANSITION",0.166849056818974,-0.222099776620403,-0.388948833439377,-0.852933808241093,0.0750361413623393,-1.88063942489747,0.0909183958510975,0.227295989627744,3,3,"lower_in_neuropathy","overlap","OIPN_GSE126773",-2.2215579634485,1.04938960187786e-08,TRUE,FALSE
"HALLMARK_ESTROGEN_RESPONSE_EARLY",0.125647303132411,-0.162524605713827,-0.288171908846239,-0.630089229373354,0.0537454116808762,-1.89080839498948,0.0894296649445438,0.227295989627744,3,3,"lower_in_neuropathy","overlap","OIPN_GSE126773",-1.43983651651644,0.0168206956283978,TRUE,FALSE
"HALLMARK_ESTROGEN_RESPONSE_LATE",0.022972856228742,-0.0315539931881902,-0.0545268494169322,-0.371661590231558,0.262607891397694,-0.385730131126268,0.708175054127848,0.813475750996034,3,3,"lower_in_neuropathy","overlap","OIPN_GSE126773",-0.997370906637571,0.679012345679012,TRUE,FALSE
"HALLMARK_FATTY_ACID_METABOLISM",-0.178237816969313,0.229946219023055,0.408184035992367,0.13232761061581,0.684040461368924,3.31963160994954,0.00828367826461694,0.0690306522051412,3,3,"higher_in_neuropathy","neuropathy_above_control","OIPN_GSE126773",1.81251373588766,0.000426187246088591,TRUE,FALSE
"HALLMARK_G2M_CHECKPOINT",-0.0105409659845681,0.0371352014897345,0.0476761674743026,-0.23752714721856,0.332879482167165,0.375028046783036,0.71585866087651,0.813475750996034,3,3,"higher_in_neuropathy","overlap","OIPN_GSE126773",1.04393621258702,0.601915184678523,TRUE,TRUE
"HALLMARK_GLYCOLYSIS",-0.0167550266356895,0.0416426589424219,0.0583976855781114,-0.229430658869674,0.346226030025896,0.455175686389794,0.659186224564119,0.811080386787161,3,3,"higher_in_neuropathy","overlap","OIPN_GSE126773",0.844609625828676,0.889679715302491,TRUE,FALSE
"HALLMARK_HEDGEHOG_SIGNALING",0.0547927341224916,-0.0406971558266485,-0.09548988994914,-0.352958536597703,0.161978756699423,-0.832051145104345,0.425758329021342,0.638284783160586,3,3,"lower_in_neuropathy","overlap","OIPN_GSE126773",0.929970664597141,0.760233918128655,FALSE,FALSE
"HALLMARK_HEME_METABOLISM",0.00472333158935787,0.0253713200789894,0.0206479884896315,-0.321577687353761,0.362873664333024,0.135357442371289,0.895148233115565,0.913416564403638,3,3,"higher_in_neuropathy","overlap","OIPN_GSE126773",0.797212265790447,0.946508172362556,TRUE,TRUE
"HALLMARK_HYPOXIA",0.0267807812180833,-0.0488837751819132,-0.0756645563999966,-0.469913681079693,0.3185845682797,-0.430565008679451,0.67636869440701,0.811080386787161,3,3,"lower_in_neuropathy","overlap","OIPN_GSE126773",-1.02703769718154,0.617361989043405,TRUE,FALSE
"HALLMARK_IL2_STAT5_SIGNALING",0.0800805483378463,-0.103764665440811,-0.183845213778657,-0.565168941542376,0.197478513985062,-1.08162191488778,0.306056231699565,0.566770799443639,3,3,"lower_in_neuropathy","overlap","OIPN_GSE126773",-1.03015471661829,0.617361989043405,TRUE,FALSE
"HALLMARK_IL6_JAK_STAT3_SIGNALING",0.065870770593524,-0.0677525950079193,-0.133623365601443,-0.616431605650541,0.349184874447655,-0.620904364580855,0.549237848195893,0.742213308372829,3,3,"lower_in_neuropathy","overlap","OIPN_GSE126773",1.28702865619316,0.259332778382532,FALSE,TRUE
"HALLMARK_INFLAMMATORY_RESPONSE",0.0792511077766903,-0.0927619379252473,-0.172013045701938,-0.606818019175774,0.262791927771899,-0.887531677230898,0.396660827383387,0.638284783160586,3,3,"lower_in_neuropathy","overlap","OIPN_GSE126773",0.843569041975264,0.889679715302491,FALSE,FALSE
"HALLMARK_INTERFERON_ALPHA_RESPONSE",-0.108523852998369,0.005684119565792,0.114207972564161,-0.393585468622548,0.62200141375087,0.504575680814355,0.625329103475784,0.804290220925206,3,3,"higher_in_neuropathy","overlap","OIPN_GSE126773",1.65578912006419,0.00956450642858049,TRUE,TRUE
"HALLMARK_INTERFERON_GAMMA_RESPONSE",-0.000448727189776334,-0.054197969441457,-0.0537492422516806,-0.560397938403308,0.452899453899947,-0.238002981019105,0.81692262092639,0.887959370572163,3,3,"lower_in_neuropathy","overlap","OIPN_GSE126773",1.28635514825116,0.13869625520111,FALSE,TRUE
"HALLMARK_KRAS_SIGNALING_DN",0.146254925955997,-0.133621891433764,-0.27987681738976,-0.599852738083638,0.0400991033041165,-1.96230544685761,0.0795901501777724,0.221083750493812,3,3,"lower_in_neuropathy","overlap","OIPN_GSE126773",-1.3579976273103,0.0459434453174395,TRUE,FALSE
"HALLMARK_KRAS_SIGNALING_UP",0.127268551670499,-0.12357427265946,-0.250842824329959,-0.589829056802037,0.0881434081421175,-1.66010899155746,0.129415523605949,0.259156578399123,3,3,"lower_in_neuropathy","overlap","OIPN_GSE126773",-1.29370782647377,0.0663119151642707,TRUE,FALSE
"HALLMARK_MITOTIC_SPINDLE",0.124755913758772,-0.143616314434018,-0.268372228192789,-0.531611529714957,-0.00513292667062193,-2.28719831403232,0.0464793021874838,0.170188403683321,3,3,"lower_in_neuropathy","neuropathy_below_control","OIPN_GSE126773",-1.86961478990144,4.43883170767892e-05,TRUE,FALSE
"HALLMARK_MTORC1_SIGNALING",-0.13187259550476,0.13075420098665,0.26262679649141,-0.0182554084203991,0.543509001403219,2.09764403086567,0.0637024773754069,0.195105984002619,3,3,"higher_in_neuropathy","neuropathy_above_control","OIPN_GSE126773",1.59889484336045,0.00274325142666661,TRUE,FALSE
"HALLMARK_MYC_TARGETS_V1",-0.282128460784599,0.334684693434862,0.616813154219461,0.322448465498149,0.911177842940773,4.70094202355346,0.000960353505756997,0.0240088376439249,3,3,"higher_in_neuropathy","neuropathy_above_control","OIPN_GSE126773",2.22567756097955,5.23637852767299e-09,TRUE,FALSE
"HALLMARK_MYC_TARGETS_V2",-0.218745847637557,0.227402043646574,0.44614789128413,0.122967585929197,0.769328196639064,3.09706940312318,0.0119669039868198,0.0854778856201411,3,3,"higher_in_neuropathy","neuropathy_above_control","OIPN_GSE126773",1.52102435662254,0.0648510487691895,TRUE,FALSE
"HALLMARK_MYOGENESIS",0.193439970440825,-0.263321301743588,-0.456761272184413,-0.849697134893174,-0.063825409475653,-2.60786187803703,0.0271428925951983,0.14345245756794,3,3,"lower_in_neuropathy","neuropathy_below_control","OIPN_GSE126773",-2.38838445206889,2.5e-09,TRUE,FALSE
"HALLMARK_NOTCH_SIGNALING",0.147590874985554,-0.130815538673203,-0.278406413658757,-0.579686382075986,0.0228735547584719,-2.07312724316458,0.0663360345608904,0.195105984002619,3,3,"lower_in_neuropathy","neuropathy_below_control","OIPN_GSE126773",-1.67296920187939,0.0484227956007618,TRUE,FALSE
"HALLMARK_OXIDATIVE_PHOSPHORYLATION",-0.304031161130065,0.349070087130249,0.653101248260314,0.352263770139957,0.953938726380671,4.87041035874176,0.000750697297663654,0.0240088376439249,3,3,"higher_in_neuropathy","neuropathy_above_control","OIPN_GSE126773",2.24108453266786,2.5e-09,TRUE,FALSE
"HALLMARK_P53_PATHWAY",0.0449017326796019,-0.0545476228964557,-0.0994493555760576,-0.3849919598063,0.186093248654185,-0.781354355172432,0.45358599115062,0.647979987358028,3,3,"lower_in_neuropathy","overlap","OIPN_GSE126773",-0.939128073647615,0.777371072373428,TRUE,FALSE
"HALLMARK_PANCREAS_BETA_CELLS",-0.0120810899904288,0.0404806537486689,0.0525617437390976,-0.304643555776716,0.409767043254911,0.330117730743372,0.748459865461676,0.831622072735196,3,3,"higher_in_neuropathy","overlap","OIPN_GSE126773",0.756648686631453,0.889679715302491,TRUE,FALSE
"HALLMARK_PEROXISOME",-0.103898239242817,0.177995843668538,0.281894082911354,0.0151159133294359,0.548672252493273,2.37056927658129,0.0404278059205912,0.168449191335797,3,3,"higher_in_neuropathy","neuropathy_above_control","OIPN_GSE126773",1.01072117191953,0.617361989043405,TRUE,FALSE
"HALLMARK_PI3K_AKT_MTOR_SIGNALING",-0.0543722909423036,0.0745135845306335,0.128885875472937,-0.21548927690531,0.473261027851185,0.839634929973876,0.421697016263062,0.638284783160586,3,3,"higher_in_neuropathy","overlap","OIPN_GSE126773",0.907675607394696,0.777371072373428,TRUE,FALSE
"HALLMARK_PROTEIN_SECRETION",-0.169496394578807,0.142448880415441,0.311945274994248,0.00395601085064867,0.619934539137848,2.2722693667346,0.0476527530313298,0.170188403683321,3,3,"higher_in_neuropathy","neuropathy_above_control","OIPN_GSE126773",1.1025653965974,0.51622418879056,TRUE,FALSE
"HALLMARK_REACTIVE_OXYGEN_SPECIES_PATHWAY",-0.237114343720517,0.227331670391819,0.464446014112336,0.188858032758513,0.740033995466159,3.78087175377647,0.00392597386060245,0.0598886548980565,3,3,"higher_in_neuropathy","neuropathy_above_control","OIPN_GSE126773",1.34916787087259,0.173463608043047,TRUE,FALSE
"HALLMARK_SPERMATOGENESIS",0.0637607956302511,-0.0618706615060133,-0.125631457136264,-0.409530159114034,0.158267244841505,-0.992777601069854,0.345379984835384,0.616749972920329,3,3,"lower_in_neuropathy","overlap","OIPN_GSE126773",1.02755596507214,0.617361989043405,FALSE,FALSE
"HALLMARK_TGF_BETA_SIGNALING",0.124982482300168,-0.163369530325786,-0.288352012625954,-0.665386263453404,0.0886822382014955,-1.71577036567452,0.118498000973294,0.257604349941944,3,3,"lower_in_neuropathy","overlap","OIPN_GSE126773",-1.57354149029125,0.0515492870863161,TRUE,FALSE
"HALLMARK_TNFA_SIGNALING_VIA_NFKB",0.0968625489754083,-0.0981797889569769,-0.195042337932385,-0.68395264941738,0.293867973552609,-0.894986897123285,0.392859418338897,0.638284783160586,3,3,"lower_in_neuropathy","overlap","OIPN_GSE126773",0.780761730412275,0.946508172362556,FALSE,TRUE
"HALLMARK_UNFOLDED_PROTEIN_RESPONSE",-0.110614837940852,0.132024044641493,0.242638882582345,-0.0548159742033492,0.54009373936804,1.83002200908442,0.0986786155834868,0.233422851889086,3,3,"higher_in_neuropathy","neuropathy_above_control","OIPN_GSE126773",1.18190613342174,0.332244622142133,TRUE,FALSE
"HALLMARK_UV_RESPONSE_DN",0.190891514570382,-0.213020767254451,-0.403912281824832,-0.738618861722992,-0.0692057019266724,-2.70732123032283,0.0229653557515886,0.14345245756794,3,3,"lower_in_neuropathy","neuropathy_below_control","OIPN_GSE126773",-2.25058486477933,5.94556022381781e-08,TRUE,FALSE
"HALLMARK_UV_RESPONSE_UP",0.033518168058861,0.0094719222968682,-0.0240462457619928,-0.40610772428656,0.358015232762574,-0.141198801184799,0.890655755565282,0.913416564403638,3,3,"lower_in_neuropathy","overlap","OIPN_GSE126773",0.868857026939457,0.889679715302491,FALSE,FALSE
"HALLMARK_WNT_BETA_CATENIN_SIGNALING",0.244279904269457,-0.306068501151456,-0.550348405420913,-0.88955171247546,-0.211145098366367,-3.63994326755375,0.0049195070426661,0.0598886548980565,3,3,"lower_in_neuropathy","neuropathy_below_control","OIPN_GSE126773",-1.98510451341287,0.000869592213074541,TRUE,FALSE
"HALLMARK_XENOBIOTIC_METABOLISM",0.0299893361602267,-0.0211459142953605,-0.0511352504555872,-0.321991662282085,0.219721161370911,-0.423543719873137,0.681307524901215,0.811080386787161,3,3,"lower_in_neuropathy","overlap","OIPN_GSE126773",0.926551259407707,0.777371072373428,FALSE,FALSE
"HALLMARK_ADIPOGENESIS",0.280805706491914,-0.272775892811688,-0.553581599303602,-0.863077066838212,-0.244086131768993,-4.01520520377779,0.00273614343827011,0.0104225960839812,3,3,"lower_in_neuropathy","neuropathy_below_control","NC_GSE246156",-1.80132499919739,0.00114768397374099,TRUE,FALSE
"HALLMARK_ALLOGRAFT_REJECTION",-0.384091720027649,0.357357104552171,0.74144882457982,0.441410378508877,1.04148727065076,5.54733848522713,0.000296939530060815,0.00247449608384012,3,3,"higher_in_neuropathy","neuropathy_above_control","NC_GSE246156",2.40544203639602,0.00138243751382438,TRUE,FALSE
"HALLMARK_ANDROGEN_RESPONSE",0.105330870268529,-0.126527644458895,-0.231858514727424,-0.495976975804692,0.0322599463498439,-1.97062815835573,0.0786414493908745,0.135588705846335,3,3,"lower_in_neuropathy","neuropathy_below_control","NC_GSE246156",-1.27193173816921,0.15410587615773,TRUE,FALSE
"HALLMARK_ANGIOGENESIS",-0.0133364688231933,0.0517376190298864,0.0650740878530797,-0.368104626290284,0.498252801996443,0.337226250897669,0.743293057859953,0.790737295595695,3,3,"higher_in_neuropathy","overlap","NC_GSE246156",1.03696764447042,0.462307371928363,TRUE,FALSE
"HALLMARK_APICAL_JUNCTION",-0.000909747551555845,-0.0040965316520635,-0.00318678410050765,-0.295132180147147,0.288758611946132,-0.0245036851567397,0.980958920042579,0.980958920042579,3,3,"lower_in_neuropathy","overlap","NC_GSE246156",-1.35919845464889,0.042138619201726,TRUE,FALSE
"HALLMARK_APICAL_SURFACE",-0.0159890973563053,0.071987268870514,0.0879763662268193,-0.286276664775214,0.462229397228853,0.527692700195414,0.609839783061823,0.677599758957582,3,3,"higher_in_neuropathy","overlap","NC_GSE246156",-0.848817394223361,0.740491525917203,FALSE,FALSE
"HALLMARK_APOPTOSIS",-0.228151855078843,0.250492789176932,0.478644644255775,0.250721662344309,0.706567626167241,4.71417259076715,0.000952851456807153,0.00545786970384571,3,3,"higher_in_neuropathy","neuropathy_above_control","NC_GSE246156",2.05502260558451,0.00138243751382438,TRUE,FALSE
"HALLMARK_BILE_ACID_METABOLISM",0.247403822200895,-0.210755297235292,-0.458159119436187,-0.702903428355805,-0.213414810516569,-4.2022716790495,0.00204934446908184,0.0102467223454092,3,3,"lower_in_neuropathy","neuropathy_below_control","NC_GSE246156",-1.79809071130414,0.00138243751382438,TRUE,FALSE
"HALLMARK_CHOLESTEROL_HOMEOSTASIS",0.247964567179646,-0.203280890675917,-0.451245457855564,-0.708125389737093,-0.194365525974035,-3.94332941916226,0.00306135275364942,0.0104225960839812,3,3,"lower_in_neuropathy","neuropathy_below_control","NC_GSE246156",-2.09156479421532,0.00114768397374099,TRUE,FALSE
"HALLMARK_COAGULATION",-0.10483723397692,0.112609591507949,0.217446825484869,-0.0589299883212732,0.493823639291012,1.76616737766121,0.10947807199088,0.165875866652848,3,3,"higher_in_neuropathy","overlap","NC_GSE246156",1.53345217260646,0.0101392456401244,TRUE,FALSE
"HALLMARK_COMPLEMENT",-0.236668848307382,0.215685249928847,0.45235409823623,0.194417689795265,0.710290506677195,3.93682648502885,0.00309272177469418,0.0104225960839812,3,3,"higher_in_neuropathy","neuropathy_above_control","NC_GSE246156",1.9491359363558,0.00138243751382438,TRUE,TRUE
"HALLMARK_DNA_REPAIR",-0.141104196501345,0.140184993621844,0.281289190123189,-0.0710490021119324,0.63362738235831,1.79214734715119,0.105016201215836,0.164087814399743,3,3,"higher_in_neuropathy","overlap","NC_GSE246156",1.6678050847995,0.00138243751382438,TRUE,FALSE
"HALLMARK_E2F_TARGETS",-0.489213479559333,0.468835622361235,0.958049101920568,0.683482596072792,1.23261560776835,7.8328643237946,1.93875221622298e-05,0.000525572399230893,3,3,"higher_in_neuropathy","neuropathy_above_control","NC_GSE246156",3.2554729839039,0.00138243751382438,TRUE,TRUE
"HALLMARK_EPITHELIAL_MESENCHYMAL_TRANSITION",-0.090464043112696,0.0942846906083288,0.184748733721025,-0.219741003981194,0.589238471423244,1.02530802266419,0.33066812441005,0.431076141128682,3,3,"higher_in_neuropathy","overlap","NC_GSE246156",2.07472739922398,0.00138243751382438,TRUE,FALSE
"HALLMARK_ESTROGEN_RESPONSE_EARLY",0.0529743050186382,-0.0631490425934523,-0.116123347612091,-0.34818641976784,0.115939724543658,-1.12329519895688,0.288952683601531,0.401323171668793,3,3,"lower_in_neuropathy","overlap","NC_GSE246156",-1.42730757759764,0.0228082557278846,TRUE,FALSE
"HALLMARK_ESTROGEN_RESPONSE_LATE",0.0512311138147252,-0.0610307852739565,-0.112261899088682,-0.361982566036883,0.137458767859519,-1.00915596442731,0.337962432012669,0.431076141128682,3,3,"lower_in_neuropathy","overlap","NC_GSE246156",-1.21856363565875,0.163280116110305,TRUE,FALSE
"HALLMARK_FATTY_ACID_METABOLISM",0.300923229061173,-0.26450350209624,-0.565426731157413,-0.900299448072422,-0.230554014242405,-3.79032948152346,0.00389683244676655,0.012164381814644,3,3,"lower_in_neuropathy","neuropathy_below_control","NC_GSE246156",-2.09647398578152,0.00114768397374099,TRUE,FALSE
"HALLMARK_G2M_CHECKPOINT",-0.40066395527354,0.405122619236026,0.805786574509567,0.565804964747641,1.04576818427149,7.53741552394508,2.66554211269007e-05,0.000525572399230893,3,3,"higher_in_neuropathy","neuropathy_above_control","NC_GSE246156",2.6456530003064,0.00138243751382438,TRUE,TRUE
"HALLMARK_GLYCOLYSIS",-0.0471675526359179,0.0621225712615087,0.109290123897427,-0.199466341970529,0.418046589765383,0.794593942438726,0.446285289248442,0.518936382847026,3,3,"higher_in_neuropathy","overlap","NC_GSE246156",1.28503002881627,0.044747534410854,TRUE,FALSE
"HALLMARK_HEDGEHOG_SIGNALING",0.232128033170121,-0.194866586451161,-0.426994619621282,-0.670903396574354,-0.183085842668211,-3.92984450801742,0.00312677882519435,0.0104225960839812,3,3,"lower_in_neuropathy","neuropathy_below_control","NC_GSE246156",-0.773765377904568,0.836408247108947,TRUE,FALSE
"HALLMARK_HEME_METABOLISM",0.17731074822051,-0.199259829312244,-0.376570577532753,-0.699632381170534,-0.0535087738949733,-2.61662305620065,0.0268349462324997,0.058336839635869,3,3,"lower_in_neuropathy","neuropathy_below_control","NC_GSE246156",-1.39482685346902,0.0279525893026994,TRUE,TRUE
"HALLMARK_HYPOXIA",-0.0226217735034301,0.0166399749021112,0.0392617484055413,-0.185770199811557,0.264293696622639,0.391656959785182,0.703970491531973,0.765185316882579,3,3,"higher_in_neuropathy","overlap","NC_GSE246156",-1.0687252373112,0.407899482986654,FALSE,FALSE
"HALLMARK_IL2_STAT5_SIGNALING",-0.143326373520542,0.129875536952892,0.273201910473434,0.054072839332036,0.492330981614833,2.7987501314239,0.0197745321309646,0.0449421184794651,3,3,"higher_in_neuropathy","neuropathy_above_control","NC_GSE246156",1.6416372725866,0.00138243751382438,TRUE,FALSE
"HALLMARK_IL6_JAK_STAT3_SIGNALING",-0.314829145309572,0.32558656247102,0.640415707780592,0.351327604997994,0.929503810563191,4.97292774787231,0.000656346456973908,0.00468818897838506,3,3,"higher_in_neuropathy","neuropathy_above_control","NC_GSE246156",2.31714195482732,0.00138243751382438,TRUE,TRUE
"HALLMARK_INFLAMMATORY_RESPONSE",-0.212099463267094,0.180098673124634,0.392198136391728,0.109886562742286,0.67450971004117,3.11858248664322,0.0116047119560711,0.0277427781133777,3,3,"higher_in_neuropathy","neuropathy_above_control","NC_GSE246156",2.09107847835882,0.00138243751382438,TRUE,FALSE
"HALLMARK_INTERFERON_ALPHA_RESPONSE",-0.196160190484732,0.134404164519309,0.330564355004041,-0.0672026756723791,0.728331385680461,1.86555316819617,0.0933015990447682,0.153004017051993,3,3,"higher_in_neuropathy","overlap","NC_GSE246156",1.70492696825455,0.00332502078137988,TRUE,TRUE
"HALLMARK_INTERFERON_GAMMA_RESPONSE",-0.283355114896449,0.247764703027437,0.531119817923886,0.213425222442165,0.848814413405607,3.75286612957649,0.00413588981697895,0.012164381814644,3,3,"higher_in_neuropathy","neuropathy_above_control","NC_GSE246156",2.18692610093016,0.00138243751382438,TRUE,TRUE
"HALLMARK_KRAS_SIGNALING_DN",0.31406638855114,-0.30863681412402,-0.62270320267516,-0.863124018342806,-0.382282387007514,-5.81419275942935,0.000208684157440339,0.00208684157440339,3,3,"lower_in_neuropathy","neuropathy_below_control","NC_GSE246156",-1.97598283975583,0.00114768397374099,TRUE,FALSE
"HALLMARK_KRAS_SIGNALING_UP",-0.135461064862952,0.129614630971933,0.265075695834885,0.0339992593736396,0.496152132296131,2.57510321734193,0.0287707696407831,0.0599391034182981,3,3,"higher_in_neuropathy","neuropathy_above_control","NC_GSE246156",1.90105061137364,0.00138243751382438,TRUE,FALSE
"HALLMARK_MITOTIC_SPINDLE",-0.086600410316348,0.108432728899467,0.195033139215815,-0.146321780748196,0.536388059179825,1.28257460668829,0.230112452660725,0.328732075229607,3,3,"higher_in_neuropathy","overlap","NC_GSE246156",1.34934385387471,0.0223966805761841,TRUE,FALSE
"HALLMARK_MTORC1_SIGNALING",-0.0463845217408067,0.0527760674473047,0.0991605891881113,-0.270586107801602,0.468907286177825,0.602025917605523,0.561277884304172,0.637815777618377,3,3,"higher_in_neuropathy","overlap","NC_GSE246156",-1.4019932021313,0.0264243546517106,FALSE,FALSE
"HALLMARK_MYC_TARGETS_V1",-0.344722777811207,0.346784013701833,0.69150679151304,0.301988537467461,1.08102504555862,3.98518996196241,0.00286728489587184,0.0104225960839812,3,3,"higher_in_neuropathy","neuropathy_above_control","NC_GSE246156",2.5605834924765,0.00138243751382438,TRUE,FALSE
"HALLMARK_MYC_TARGETS_V2",-0.348312270403892,0.36754680002974,0.715859070433632,0.373459104696955,1.05825903617031,4.69325565810016,0.000982416546692228,0.00545786970384571,3,3,"higher_in_neuropathy","neuropathy_above_control","NC_GSE246156",1.99789969452434,0.00138243751382438,TRUE,FALSE
"HALLMARK_MYOGENESIS",0.361484894769829,-0.352996676243666,-0.714481571013495,-0.931667533787548,-0.497295608239441,-7.38481587778492,3.15343439538536e-05,0.000525572399230893,3,3,"lower_in_neuropathy","neuropathy_below_control","NC_GSE246156",-2.77822026786161,0.00114768397374099,TRUE,FALSE
"HALLMARK_NOTCH_SIGNALING",0.128773864050248,-0.113820554872999,-0.242594418923247,-0.472488784296937,-0.0127000535495574,-2.36882441809406,0.0406515799596312,0.0752807036289467,3,3,"lower_in_neuropathy","neuropathy_below_control","NC_GSE246156",-0.949032843986135,0.593875604605218,TRUE,FALSE
"HALLMARK_OXIDATIVE_PHOSPHORYLATION",0.347311598143598,-0.292307617157531,-0.639619215301129,-1.09500116412175,-0.184237266480511,-3.15301534026814,0.0109618226566705,0.0277427781133777,3,3,"lower_in_neuropathy","neuropathy_below_control","NC_GSE246156",-2.11514887661567,0.00114768397374099,TRUE,FALSE
"HALLMARK_P53_PATHWAY",-0.100273192185027,0.106181115468912,0.20645430765394,-0.0433452632338036,0.456253878541683,1.85529363072598,0.0948624905722355,0.153004017051993,3,3,"higher_in_neuropathy","overlap","NC_GSE246156",1.67837161126477,0.00138243751382438,TRUE,FALSE
"HALLMARK_PANCREAS_BETA_CELLS",0.20080709271705,-0.162565397268404,-0.363372489985454,-0.685393307835144,-0.0413516721357645,-2.53307756820512,0.0308721924618833,0.0617443849237665,3,3,"lower_in_neuropathy","overlap","NC_GSE246156",-0.668082270793318,0.892801495793082,TRUE,FALSE
"HALLMARK_PEROXISOME",0.0206951922794847,0.00192737141700137,-0.0187678208624833,-0.345785407922181,0.308249766197214,-0.128831817175152,0.900182758817592,0.918553835528155,3,3,"lower_in_neuropathy","overlap","NC_GSE246156",-1.13159187696872,0.318188119849731,TRUE,FALSE
"HALLMARK_PI3K_AKT_MTOR_SIGNALING",-0.127380430434067,0.154632704636136,0.282013135070203,0.0220998671169826,0.541926403023423,2.43568588616613,0.0363472274002967,0.0698985142313397,3,3,"higher_in_neuropathy","neuropathy_above_control","NC_GSE246156",1.15982246264907,0.208908956129119,TRUE,FALSE
"HALLMARK_PROTEIN_SECRETION",0.0507872455917621,-0.0397731647086074,-0.0905604103003695,-0.344327513738106,0.163206693137367,-0.801093949741078,0.442691715187347,0.518936382847026,3,3,"lower_in_neuropathy","overlap","NC_GSE246156",-1.02053088836207,0.492504638106256,TRUE,FALSE
"HALLMARK_REACTIVE_OXYGEN_SPECIES_PATHWAY",-0.0489899316441287,-0.0203841913386845,0.0286057403054441,-0.268174530779068,0.325386011389956,0.216370753374087,0.83328332898331,0.868003467690948,3,3,"higher_in_neuropathy","overlap","NC_GSE246156",0.754780654297978,0.892801495793082,TRUE,FALSE
"HALLMARK_SPERMATOGENESIS",0.0828731768201389,-0.0963115705615663,-0.179184747381705,-0.433701735855702,0.0753322410922912,-1.58039139254719,0.146767062457044,0.215833915378006,3,3,"lower_in_neuropathy","overlap","NC_GSE246156",-0.971138340735076,0.580186197868879,TRUE,FALSE
"HALLMARK_TGF_BETA_SIGNALING",-0.237874521807403,0.214506076883428,0.452380598690831,0.136367994640728,0.768393202740934,3.21351224534794,0.00991960912328741,0.0275544697869095,3,3,"higher_in_neuropathy","neuropathy_above_control","NC_GSE246156",1.84384241679567,0.00138243751382438,TRUE,FALSE
"HALLMARK_TNFA_SIGNALING_VIA_NFKB",-0.343603436577478,0.3161474377561,0.659750874333578,0.412855180326649,0.906646568340507,5.99855785048039,0.000164483952293225,0.00205604940366531,3,3,"higher_in_neuropathy","neuropathy_above_control","NC_GSE246156",2.5707841609148,0.00138243751382438,TRUE,TRUE
"HALLMARK_UNFOLDED_PROTEIN_RESPONSE",-0.15539757859456,0.197490263550458,0.352887842145018,0.0107677971721289,0.695007887117908,2.31546685414996,0.044443049857603,0.079362589031434,3,3,"higher_in_neuropathy","overlap","NC_GSE246156",1.17066301005582,0.186664089212145,TRUE,FALSE
"HALLMARK_UV_RESPONSE_DN",0.0680364234106693,-0.102182782686889,-0.170219206097558,-0.554590351540455,0.214151939345339,-0.994118544957882,0.344860912902945,0.431076141128682,3,3,"lower_in_neuropathy","overlap","NC_GSE246156",-1.44010073113922,0.0272614622057001,TRUE,FALSE
"HALLMARK_UV_RESPONSE_UP",-0.0618178265161067,0.0811239817490251,0.142941808265132,-0.152494047901897,0.43837766443216,1.08611662492048,0.304271891500074,0.411178231756857,3,3,"higher_in_neuropathy","overlap","NC_GSE246156",-1.06472333814263,0.411602402376936,FALSE,FALSE
"HALLMARK_WNT_BETA_CATENIN_SIGNALING",-0.223145759077907,0.193148299805382,0.416294058883289,0.116401890897518,0.71618622686906,3.1161293861004,0.0116519668076187,0.0277427781133777,3,3,"higher_in_neuropathy","neuropathy_above_control","NC_GSE246156",1.29637050121881,0.161001042752868,TRUE,FALSE
"HALLMARK_XENOBIOTIC_METABOLISM",0.050688865907726,-0.0595786017159837,-0.11026746762371,-0.408099489282787,0.187564554035368,-0.831105974175331,0.426350404548597,0.518936382847026,3,3,"lower_in_neuropathy","overlap","NC_GSE246156",-0.946867969131445,0.629333046702854,TRUE,FALSE
"HALLMARK_ADIPOGENESIS",0.0272552345016108,0.00234179850650237,-0.0249134359951085,-0.256983355393772,0.207156483403555,-0.239199808889063,0.815782089454303,0.933431861214909,3,3,"lower_in_neuropathy","overlap","CCI_GSE212311",1.06378877063235,0.438963210702341,FALSE,FALSE
"HALLMARK_ALLOGRAFT_REJECTION",-0.264759108734309,0.263589411749722,0.528348520484032,0.293471982274277,0.763225058693787,5.01218289021872,0.00052788011766709,0.00659850147083863,3,3,"higher_in_neuropathy","neuropathy_above_control","CCI_GSE212311",2.24643927507488,0.00148729847105717,TRUE,FALSE
"HALLMARK_ANDROGEN_RESPONSE",-0.0930611689308593,0.0907380518820911,0.18379922081295,-0.092514202731342,0.460112644357243,1.48213489885387,0.169117984907236,0.367647793276599,3,3,"higher_in_neuropathy","overlap","CCI_GSE212311",1.39324702461237,0.10888732146006,TRUE,FALSE
"HALLMARK_ANGIOGENESIS",0.0190220503863774,0.00495488617435507,-0.0140671642120223,-0.376992633476332,0.348858305052287,-0.0863644798021338,0.93288159525182,0.951919995154918,3,3,"lower_in_neuropathy","overlap","CCI_GSE212311",0.880151703252425,0.666651154132539,FALSE,FALSE
"HALLMARK_APICAL_JUNCTION",0.0014963987111206,0.0172802207537505,0.0157838220426299,-0.214996279984945,0.246563924070205,0.152391191985215,0.88190945346675,0.933822379041847,3,3,"higher_in_neuropathy","overlap","CCI_GSE212311",-1.07135811103061,0.395401980472266,FALSE,FALSE
"HALLMARK_APICAL_SURFACE",-0.242110150227284,0.185630834025031,0.427740984252315,0.208761093977393,0.646720874527238,4.352338670413,0.00143851656542454,0.0119876380452045,3,3,"higher_in_neuropathy","neuropathy_above_control","CCI_GSE212311",1.35165686643266,0.194167119604085,TRUE,FALSE
"HALLMARK_APOPTOSIS",-0.114575322993224,0.11856546656719,0.233140789560414,-0.00526577790629953,0.471547357027127,2.17894415344153,0.0543440874499396,0.214707811838626,3,3,"higher_in_neuropathy","overlap","CCI_GSE212311",1.65171119990134,0.00995449374288965,TRUE,FALSE
"HALLMARK_BILE_ACID_METABOLISM",0.0304652780467602,-0.028420018458097,-0.0588852965048572,-0.294676729267233,0.176906136257519,-0.556448397617589,0.590139102311185,0.819637642098868,3,3,"lower_in_neuropathy","overlap","CCI_GSE212311",-0.964333957888621,0.571924090986556,TRUE,FALSE
"HALLMARK_CHOLESTEROL_HOMEOSTASIS",-0.00924814923735353,0.016653522626959,0.0259016718643125,-0.321718649627198,0.373521993355823,0.166023166086407,0.871447608515994,0.933822379041847,3,3,"higher_in_neuropathy","overlap","CCI_GSE212311",1.50937857202666,0.0622744957049858,TRUE,FALSE
"HALLMARK_COAGULATION",-0.150550784793883,0.151893814388965,0.302444599182848,0.0037511546025189,0.601138043763177,2.25614077058521,0.0476815882054063,0.214707811838626,3,3,"higher_in_neuropathy","overlap","CCI_GSE212311",1.84289154543157,0.00192067607797945,TRUE,FALSE
"HALLMARK_COMPLEMENT",-0.126080630519832,0.131297956896081,0.257378587415912,0.0542290288343121,0.460528145997512,2.82294606956742,0.0180702506921441,0.100390281623023,3,3,"higher_in_neuropathy","neuropathy_above_control","CCI_GSE212311",1.65571186438199,0.00676018252492817,TRUE,TRUE
"HALLMARK_DNA_REPAIR",0.0348122106067956,-0.0323284593020852,-0.0671406699088808,-0.28168094252719,0.147399602709428,-0.697305183152598,0.501502166239217,0.759851767029116,3,3,"lower_in_neuropathy","overlap","CCI_GSE212311",-1.01737041638344,0.511296076099881,TRUE,FALSE
"HALLMARK_E2F_TARGETS",-0.0773502067300965,0.0770140460276954,0.154364252757792,-0.0701577893564949,0.378886294872079,1.53191194524712,0.156548351159991,0.355791707181797,3,3,"higher_in_neuropathy","neuropathy_above_control","CCI_GSE212311",1.08823610435494,0.395401980472266,TRUE,TRUE
"HALLMARK_EPITHELIAL_MESENCHYMAL_TRANSITION",-0.120716879970433,0.154103712212388,0.274820592182821,-0.117120999090878,0.66676218345652,1.5623343122505,0.149275051820858,0.355416790049662,3,3,"higher_in_neuropathy","overlap","CCI_GSE212311",1.83160154638796,0.00148729847105717,TRUE,FALSE
"HALLMARK_ESTROGEN_RESPONSE_EARLY",-0.0461127526889555,0.0497030707471603,0.0958158234361157,-0.117658033326674,0.309289680198906,1.00008886341944,0.34085367474304,0.549763991521032,3,3,"higher_in_neuropathy","overlap","CCI_GSE212311",1.31413652935149,0.115760347845728,TRUE,FALSE
"HALLMARK_ESTROGEN_RESPONSE_LATE",-0.0135642939734335,0.00804366955465132,0.0216079635280848,-0.170071550343132,0.213287477399302,0.251179499196171,0.806761687837834,0.933431861214909,3,3,"higher_in_neuropathy","overlap","CCI_GSE212311",1.2731826238435,0.140840804458444,TRUE,FALSE
"HALLMARK_FATTY_ACID_METABOLISM",0.104887561512252,-0.0714708110415114,-0.176358372553763,-0.421941395461421,0.0692246503538941,-1.60008772286286,0.14066423915631,0.355416790049662,3,3,"lower_in_neuropathy","neuropathy_below_control","CCI_GSE212311",-1.45694341457902,0.0313194009452765,TRUE,FALSE
"HALLMARK_G2M_CHECKPOINT",-0.0784405024913508,0.0813721163971741,0.159812618888525,-0.0645428781935169,0.384168115970567,1.58715888574168,0.143562231331712,0.355416790049662,3,3,"higher_in_neuropathy","overlap","CCI_GSE212311",1.48257407385836,0.0258831981068289,TRUE,TRUE
"HALLMARK_GLYCOLYSIS",0.0319842398761477,-0.00720255241676666,-0.0391867922929143,-0.276411352357326,0.198037767771497,-0.368066351655865,0.72049569882168,0.92330014364997,3,3,"lower_in_neuropathy","overlap","CCI_GSE212311",-0.9807883716543,0.551206586160163,TRUE,FALSE
"HALLMARK_HEDGEHOG_SIGNALING",-0.052302840741332,0.0416767242751,0.093979565016432,-0.223547415375075,0.411506545407939,0.659475777447645,0.524487150991255,0.771304633810669,3,3,"higher_in_neuropathy","overlap","CCI_GSE212311",0.928815496971056,0.593742083103785,TRUE,FALSE
"HALLMARK_HEME_METABOLISM",-0.0043742683483605,-0.0269810141812636,-0.0226067458329031,-0.239976569752705,0.194763078086899,-0.231731380747695,0.82142003786912,0.933431861214909,3,3,"lower_in_neuropathy","overlap","CCI_GSE212311",-1.23916427242275,0.140840804458444,TRUE,TRUE
"HALLMARK_HYPOXIA",-0.0583103086351252,0.0645668450010954,0.122877153636221,-0.0832442174734313,0.328998524745873,1.32829387887568,0.213599534331105,0.444999029856469,3,3,"higher_in_neuropathy","overlap","CCI_GSE212311",1.50825589961404,0.0212243074173369,TRUE,FALSE
"HALLMARK_IL2_STAT5_SIGNALING",-0.227781585924326,0.225726149979323,0.453507735903649,0.257611443497768,0.649404028309531,5.15827550816499,0.000426381354834846,0.00659850147083863,3,3,"higher_in_neuropathy","neuropathy_above_control","CCI_GSE212311",1.77328359844081,0.00192067607797945,TRUE,FALSE
"HALLMARK_IL6_JAK_STAT3_SIGNALING",-0.3585757115819,0.354175141011282,0.712750852593182,0.486272101292435,0.939229603893929,7.01223294694659,3.66241847588266e-05,0.00183120923794133,3,3,"higher_in_neuropathy","neuropathy_above_control","CCI_GSE212311",2.44957584089756,0.00148729847105717,TRUE,TRUE
"HALLMARK_INFLAMMATORY_RESPONSE",-0.211265214886838,0.246353637886809,0.457618852773647,0.241457547114359,0.673780158432935,4.71706656063044,0.00082021957587986,0.0082021957587986,3,3,"higher_in_neuropathy","neuropathy_above_control","CCI_GSE212311",2.32555646211451,0.00148729847105717,TRUE,FALSE
"HALLMARK_INTERFERON_ALPHA_RESPONSE",-0.122698435145676,0.134287669666741,0.256986104812417,-0.1896724064987,0.703644616123534,1.28197654369637,0.22877576227569,0.45755152455138,3,3,"higher_in_neuropathy","overlap","CCI_GSE212311",1.80882876224347,0.00808799741184083,TRUE,TRUE
"HALLMARK_INTERFERON_GAMMA_RESPONSE",-0.213950448446829,0.229744045264151,0.44369449371098,0.176744907574784,0.710644079847176,3.70340184475451,0.00408595986141764,0.0291854275815546,3,3,"higher_in_neuropathy","neuropathy_above_control","CCI_GSE212311",2.35329975009228,0.00148729847105717,TRUE,TRUE
"HALLMARK_KRAS_SIGNALING_DN",-0.00386708966204017,0.0096229392407966,0.0134900289028368,-0.202973640222592,0.229953698028266,0.138858962452193,0.892318371150822,0.933822379041847,3,3,"higher_in_neuropathy","overlap","CCI_GSE212311",1.14936195678323,0.305300767918089,TRUE,FALSE
"HALLMARK_KRAS_SIGNALING_UP",-0.115470048240307,0.117195808960249,0.232665857200557,0.00951665818020422,0.455815056220909,2.32318275887884,0.0425430521316478,0.212715260658239,3,3,"higher_in_neuropathy","neuropathy_above_control","CCI_GSE212311",1.59134124368995,0.0117380076688317,TRUE,FALSE
"HALLMARK_MITOTIC_SPINDLE",-0.0837748186572697,0.0955903392874431,0.179365157944713,-0.0527122571924751,0.411442573081901,1.72207180793022,0.115787262017112,0.340550770638564,3,3,"higher_in_neuropathy","overlap","CCI_GSE212311",1.03355636589664,0.482741035581083,TRUE,FALSE
"HALLMARK_MTORC1_SIGNALING",-0.0406588274973751,0.0189196496496308,0.0595784771470059,-0.249109757311515,0.368266711605527,0.430046455768997,0.676282296654532,0.913894995479097,3,3,"higher_in_neuropathy","overlap","CCI_GSE212311",1.14722091793292,0.301764935137242,TRUE,FALSE
"HALLMARK_MYC_TARGETS_V1",-0.0107826476483417,0.025111744708519,0.0358943923568607,-0.291178304547626,0.362967089261347,0.244527870113561,0.811766620885996,0.933431861214909,3,3,"higher_in_neuropathy","overlap","CCI_GSE212311",0.632140029886787,0.999151391717583,TRUE,FALSE
"HALLMARK_MYC_TARGETS_V2",-0.0851088274489024,0.0642280896170883,0.149336917065991,-0.158260163999384,0.456933998131365,1.08176025971373,0.304756486611452,0.53657990572111,3,3,"higher_in_neuropathy","overlap","CCI_GSE212311",0.971968479808122,0.551206586160163,TRUE,FALSE
"HALLMARK_MYOGENESIS",-0.0220377694133824,0.0219371235520125,0.0439748929653949,-0.228346315152087,0.316296101082877,0.359806808672273,0.726474650982433,0.92330014364997,3,3,"higher_in_neuropathy","overlap","CCI_GSE212311",-1.36546053442159,0.0622744957049858,FALSE,FALSE
"HALLMARK_NOTCH_SIGNALING",0.162617911199662,-0.101852148377238,-0.2644700595769,-0.536902036964382,0.00796191781058125,-2.1630396566235,0.0558240310780428,0.214707811838626,3,3,"lower_in_neuropathy","overlap","CCI_GSE212311",-1.01670618168731,0.516483251473083,TRUE,FALSE
"HALLMARK_OXIDATIVE_PHOSPHORYLATION",0.233526458622559,-0.25604820923444,-0.489574667856999,-0.8244179969872,-0.154731338726799,-3.25779189204605,0.00860694770155167,0.0537934231346979,3,3,"lower_in_neuropathy","overlap","CCI_GSE212311",-2.148932559987,0.00176672202395675,TRUE,FALSE
"HALLMARK_P53_PATHWAY",-0.0875671245985336,0.0790230098071961,0.16659013440573,-0.0266275022231436,0.359807771034603,1.92109377284447,0.0836594559926773,0.298783771402419,3,3,"higher_in_neuropathy","neuropathy_above_control","CCI_GSE212311",1.55119233834525,0.014476319154583,TRUE,FALSE
"HALLMARK_PANCREAS_BETA_CELLS",0.0444642185872386,-0.0562027519421563,-0.100666970529395,-0.339002173231742,0.137668232172952,-0.941119684065324,0.368823134778313,0.576286148091114,3,3,"lower_in_neuropathy","overlap","CCI_GSE212311",-1.22055530146851,0.305300767918089,TRUE,FALSE
"HALLMARK_PEROXISOME",0.0455113242412774,-0.0241516701936086,-0.069662994434886,-0.323718035444768,0.184392046574996,-0.610970685413631,0.554852299440151,0.792646142057358,3,3,"lower_in_neuropathy","overlap","CCI_GSE212311",1.06869271086464,0.439765015410772,FALSE,FALSE
"HALLMARK_PI3K_AKT_MTOR_SIGNALING",-0.0920023589960396,0.0941195488764086,0.186121907872448,-0.0542375496379403,0.426481365382837,1.72537035534928,0.115173456774842,0.340550770638564,3,3,"higher_in_neuropathy","overlap","CCI_GSE212311",1.04746265947237,0.477266610362973,TRUE,FALSE
"HALLMARK_PROTEIN_SECRETION",0.127194950772357,-0.085981825643203,-0.21317677641556,-0.511609732464173,0.0852561796330528,-1.59161916995075,0.14255653900326,0.355416790049662,3,3,"lower_in_neuropathy","overlap","CCI_GSE212311",-1.33048355301084,0.132366482504604,TRUE,FALSE
"HALLMARK_REACTIVE_OXYGEN_SPECIES_PATHWAY",-0.0589900228676165,0.0819335254687084,0.140923548336325,-0.16041899857703,0.44226609524968,1.04200347330298,0.321947943432666,0.53657990572111,3,3,"higher_in_neuropathy","overlap","CCI_GSE212311",1.24571622774772,0.2807836703789,TRUE,FALSE
"HALLMARK_SPERMATOGENESIS",-0.0302976469895686,0.0748196274160771,0.105117274405646,-0.119389760768822,0.329624309580114,1.04325431145689,0.321396111357457,0.53657990572111,3,3,"higher_in_neuropathy","overlap","CCI_GSE212311",1.0010512117191,0.516483251473083,TRUE,FALSE
"HALLMARK_TGF_BETA_SIGNALING",-0.0888311291746161,0.0927363203731149,0.181567449547731,-0.0425124221436771,0.405647321239139,1.80543225605005,0.101154823521904,0.337182745073015,3,3,"higher_in_neuropathy","overlap","CCI_GSE212311",1.35890335182728,0.153507968492398,TRUE,FALSE
"HALLMARK_TNFA_SIGNALING_VIA_NFKB",-0.25623079769889,0.260320611308468,0.516551409007357,0.323551293084754,0.709551524929961,5.96351110058974,0.000138744819390122,0.00346862048475304,3,3,"higher_in_neuropathy","neuropathy_above_control","CCI_GSE212311",2.46979155663855,0.00148729847105717,TRUE,TRUE
"HALLMARK_UNFOLDED_PROTEIN_RESPONSE",0.071063810172685,-0.0748111733777723,-0.145874983550457,-0.428135618951677,0.136385651850763,-1.15153344630746,0.276302364542673,0.511671045449394,3,3,"lower_in_neuropathy","overlap","CCI_GSE212311",-1.13126942861004,0.346503304944254,TRUE,FALSE
"HALLMARK_UV_RESPONSE_DN",0.0189513213757258,0.00241535525483794,-0.0165359661208879,-0.292588250531236,0.25951631828946,-0.133470190327871,0.896469483880173,0.933822379041847,3,3,"lower_in_neuropathy","overlap","CCI_GSE212311",1.00080418916056,0.516483251473083,FALSE,FALSE
"HALLMARK_UV_RESPONSE_UP",0.0243258800491062,0.0266998909929105,0.00237401094380424,-0.210034679876998,0.214782701764606,0.0249032762278115,0.98062208721864,0.98062208721864,3,3,"higher_in_neuropathy","overlap","CCI_GSE212311",1.23372504748052,0.202566047275945,TRUE,FALSE
"HALLMARK_WNT_BETA_CATENIN_SIGNALING",0.00427423859751973,-0.0302060733502231,-0.0344803119477428,-0.258413791197177,0.189453167301691,-0.343082218597772,0.738640114919976,0.92330014364997,3,3,"lower_in_neuropathy","overlap","CCI_GSE212311",0.694769787581101,0.926631747373506,FALSE,FALSE
"HALLMARK_XENOBIOTIC_METABOLISM",-0.0444310522189563,0.0641958407490878,0.108626892968044,-0.099118629975475,0.316372415911563,1.16506923886463,0.271031730520034,0.511671045449394,3,3,"higher_in_neuropathy","overlap","CCI_GSE212311",1.21781174196887,0.209192335677904,TRUE,FALSE
