"study","pathway","sample","condition","source_group","GSVA_score","within_study_z","sample_label"
"OIPN_GSE160543","HALLMARK_E2F_TARGETS","GSM4875003","Control","Vehicle",-0.357978407688709,-1.09180819573258,"Ctrl1"
"OIPN_GSE160543","HALLMARK_G2M_CHECKPOINT","GSM4875003","Control","Vehicle",-0.330818078226363,-1.03492098928011,"Ctrl1"
"OIPN_GSE160543","HALLMARK_IL6_JAK_STAT3_SIGNALING","GSM4875003","Control","Vehicle",-0.200273593888979,-0.903890955025106,"Ctrl1"
"OIPN_GSE160543","HALLMARK_INTERFERON_ALPHA_RESPONSE","GSM4875003","Control","Vehicle",-0.370726529108131,-1.05840983201877,"Ctrl1"
"OIPN_GSE160543","HALLMARK_INTERFERON_GAMMA_RESPONSE","GSM4875003","Control","Vehicle",-0.266499977921657,-0.959449041457094,"Ctrl1"
"OIPN_GSE160543","HALLMARK_TNFA_SIGNALING_VIA_NFKB","GSM4875003","Control","Vehicle",-0.12865085401942,-0.542773997609779,"Ctrl1"
"OIPN_GSE160543","HALLMARK_HEME_METABOLISM","GSM4875003","Control","Vehicle",-0.0314147100417828,-0.119447372683416,"Ctrl1"
"OIPN_GSE160543","HALLMARK_COMPLEMENT","GSM4875003","Control","Vehicle",-0.123485092231508,-1.07227528724636,"Ctrl1"
"OIPN_GSE160543","HALLMARK_E2F_TARGETS","GSM4875004","Control","Vehicle",0.0260136353781742,0.0808971603951359,"Ctrl2"
"OIPN_GSE160543","HALLMARK_G2M_CHECKPOINT","GSM4875004","Control","Vehicle",-0.17139880378971,-0.5208854890075,"Ctrl2"
"OIPN_GSE160543","HALLMARK_IL6_JAK_STAT3_SIGNALING","GSM4875004","Control","Vehicle",-0.128244551694887,-0.605106085396679,"Ctrl2"
"OIPN_GSE160543","HALLMARK_INTERFERON_ALPHA_RESPONSE","GSM4875004","Control","Vehicle",-0.199396856593258,-0.521626801753419,"Ctrl2"
"OIPN_GSE160543","HALLMARK_INTERFERON_GAMMA_RESPONSE","GSM4875004","Control","Vehicle",-0.161724776112412,-0.572187884208144,"Ctrl2"
"OIPN_GSE160543","HALLMARK_TNFA_SIGNALING_VIA_NFKB","GSM4875004","Control","Vehicle",-0.239674127581178,-1.01645431765655,"Ctrl2"
"OIPN_GSE160543","HALLMARK_HEME_METABOLISM","GSM4875004","Control","Vehicle",-0.198339136672263,-1.13936181642961,"Ctrl2"
"OIPN_GSE160543","HALLMARK_COMPLEMENT","GSM4875004","Control","Vehicle",0.0233051733843992,0.0904683789270283,"Ctrl2"
"OIPN_GSE160543","HALLMARK_E2F_TARGETS","GSM4875005","Control","Vehicle",-0.450791559802612,-1.37525802905143,"Ctrl3"
"OIPN_GSE160543","HALLMARK_G2M_CHECKPOINT","GSM4875005","Control","Vehicle",-0.369312485467971,-1.15904331987069,"Ctrl3"
"OIPN_GSE160543","HALLMARK_IL6_JAK_STAT3_SIGNALING","GSM4875005","Control","Vehicle",0.287159808849776,1.11803966148093,"Ctrl3"
"OIPN_GSE160543","HALLMARK_INTERFERON_ALPHA_RESPONSE","GSM4875005","Control","Vehicle",-0.257037452352729,-0.702217199224604,"Ctrl3"
"OIPN_GSE160543","HALLMARK_INTERFERON_GAMMA_RESPONSE","GSM4875005","Control","Vehicle",-0.0656608109001978,-0.217124456072399,"Ctrl3"
"OIPN_GSE160543","HALLMARK_TNFA_SIGNALING_VIA_NFKB","GSM4875005","Control","Vehicle",0.136201734409663,0.587218433954739,"Ctrl3"
"OIPN_GSE160543","HALLMARK_HEME_METABOLISM","GSM4875005","Control","Vehicle",-0.0246602334657781,-0.0781772700455163,"Ctrl3"
"OIPN_GSE160543","HALLMARK_COMPLEMENT","GSM4875005","Control","Vehicle",0.239230309431996,1.80083781830056,"Ctrl3"
"OIPN_GSE160543","HALLMARK_E2F_TARGETS","GSM4875006","Control","Vehicle",-0.314587409201553,-0.959292803155151,"Ctrl4"
"OIPN_GSE160543","HALLMARK_G2M_CHECKPOINT","GSM4875006","Control","Vehicle",-0.286184667612751,-0.891003902499253,"Ctrl4"
"OIPN_GSE160543","HALLMARK_IL6_JAK_STAT3_SIGNALING","GSM4875006","Control","Vehicle",-0.317519343655354,-1.39024000245568,"Ctrl4"
"OIPN_GSE160543","HALLMARK_INTERFERON_ALPHA_RESPONSE","GSM4875006","Control","Vehicle",-0.284012199828714,-0.786730211350655,"Ctrl4"
"OIPN_GSE160543","HALLMARK_INTERFERON_GAMMA_RESPONSE","GSM4875006","Control","Vehicle",-0.32566974232273,-1.17814727386733,"Ctrl4"
"OIPN_GSE160543","HALLMARK_TNFA_SIGNALING_VIA_NFKB","GSM4875006","Control","Vehicle",-0.318938889487946,-1.35463708406132,"Ctrl4"
"OIPN_GSE160543","HALLMARK_HEME_METABOLISM","GSM4875006","Control","Vehicle",0.112224075472161,0.758190939366248,"Ctrl4"
"OIPN_GSE160543","HALLMARK_COMPLEMENT","GSM4875006","Control","Vehicle",0.0171582809171274,0.0417780911005126,"Ctrl4"
"OIPN_GSE160543","HALLMARK_E2F_TARGETS","GSM4875011","Neuropathy","Oxaliplatin",0.334217559068492,1.02214685193695,"Inj1"
"OIPN_GSE160543","HALLMARK_G2M_CHECKPOINT","GSM4875011","Neuropathy","Oxaliplatin",0.142803423990743,0.492236041714756,"Inj1"
"OIPN_GSE160543","HALLMARK_IL6_JAK_STAT3_SIGNALING","GSM4875011","Neuropathy","Oxaliplatin",0.00120066190430745,-0.0681522388490489,"Inj1"
"OIPN_GSE160543","HALLMARK_INTERFERON_ALPHA_RESPONSE","GSM4875011","Neuropathy","Oxaliplatin",-0.158124573866385,-0.392319013657484,"Inj1"
"OIPN_GSE160543","HALLMARK_INTERFERON_GAMMA_RESPONSE","GSM4875011","Neuropathy","Oxaliplatin",-0.144613492282065,-0.50894261754457,"Inj1"
"OIPN_GSE160543","HALLMARK_TNFA_SIGNALING_VIA_NFKB","GSM4875011","Neuropathy","Oxaliplatin",-0.0593308408865031,-0.24702045915749,"Inj1"
"OIPN_GSE160543","HALLMARK_HEME_METABOLISM","GSM4875011","Neuropathy","Oxaliplatin",0.156643687346437,1.02959641698675,"Inj1"
"OIPN_GSE160543","HALLMARK_COMPLEMENT","GSM4875011","Neuropathy","Oxaliplatin",-0.109036246656197,-0.957824212403497,"Inj1"
"OIPN_GSE160543","HALLMARK_E2F_TARGETS","GSM4875012","Neuropathy","Oxaliplatin",0.355179070283234,1.08616296091079,"Inj2"
"OIPN_GSE160543","HALLMARK_G2M_CHECKPOINT","GSM4875012","Neuropathy","Oxaliplatin",0.362487197644612,1.20058990225634,"Inj2"
"OIPN_GSE160543","HALLMARK_IL6_JAK_STAT3_SIGNALING","GSM4875012","Neuropathy","Oxaliplatin",0.198310102652694,0.749480715339663,"Inj2"
"OIPN_GSE160543","HALLMARK_INTERFERON_ALPHA_RESPONSE","GSM4875012","Neuropathy","Oxaliplatin",0.21582663132242,0.779285753608974,"Inj2"
"OIPN_GSE160543","HALLMARK_INTERFERON_GAMMA_RESPONSE","GSM4875012","Neuropathy","Oxaliplatin",0.234458186959485,0.892149765466544,"Inj2"
"OIPN_GSE160543","HALLMARK_TNFA_SIGNALING_VIA_NFKB","GSM4875012","Neuropathy","Oxaliplatin",0.32885925014664,1.40919089779984,"Inj2"
"OIPN_GSE160543","HALLMARK_HEME_METABOLISM","GSM4875012","Neuropathy","Oxaliplatin",-0.0792333201791209,-0.411620855878318,"Inj2"
"OIPN_GSE160543","HALLMARK_COMPLEMENT","GSM4875012","Neuropathy","Oxaliplatin",0.0691729705636232,0.453792816196041,"Inj2"
"OIPN_GSE160543","HALLMARK_E2F_TARGETS","GSM4875013","Neuropathy","Oxaliplatin",0.203261875572032,0.622210357875492,"Inj3"
"OIPN_GSE160543","HALLMARK_G2M_CHECKPOINT","GSM4875013","Neuropathy","Oxaliplatin",0.268710912239556,0.898215299484893,"Inj3"
"OIPN_GSE160543","HALLMARK_IL6_JAK_STAT3_SIGNALING","GSM4875013","Neuropathy","Oxaliplatin",0.356377159457284,1.405161306408,"Inj3"
"OIPN_GSE160543","HALLMARK_INTERFERON_ALPHA_RESPONSE","GSM4875013","Neuropathy","Oxaliplatin",0.311332404574092,1.07850933596548,"Inj3"
"OIPN_GSE160543","HALLMARK_INTERFERON_GAMMA_RESPONSE","GSM4875013","Neuropathy","Oxaliplatin",0.368461312366166,1.38744067900205,"Inj3"
"OIPN_GSE160543","HALLMARK_TNFA_SIGNALING_VIA_NFKB","GSM4875013","Neuropathy","Oxaliplatin",0.280230719836752,1.20171748198691,"Inj3"
"OIPN_GSE160543","HALLMARK_HEME_METABOLISM","GSM4875013","Neuropathy","Oxaliplatin",0.21278046098682,1.37259418799531,"Inj3"
"OIPN_GSE160543","HALLMARK_COMPLEMENT","GSM4875013","Neuropathy","Oxaliplatin",0.0953743236845419,0.661336942223014,"Inj3"
"OIPN_GSE160543","HALLMARK_E2F_TARGETS","GSM4875014","Neuropathy","Oxaliplatin",0.200881816511014,0.614941696820789,"Inj4"
"OIPN_GSE160543","HALLMARK_G2M_CHECKPOINT","GSM4875014","Neuropathy","Oxaliplatin",0.30487151646769,1.01481245720157,"Inj4"
"OIPN_GSE160543","HALLMARK_IL6_JAK_STAT3_SIGNALING","GSM4875014","Neuropathy","Oxaliplatin",-0.0559674898929738,-0.305292401502077,"Inj4"
"OIPN_GSE160543","HALLMARK_INTERFERON_ALPHA_RESPONSE","GSM4875014","Neuropathy","Oxaliplatin",0.478900749136919,1.60350796843047,"Inj4"
"OIPN_GSE160543","HALLMARK_INTERFERON_GAMMA_RESPONSE","GSM4875014","Neuropathy","Oxaliplatin",0.30591459158556,1.15626082868094,"Inj4"
"OIPN_GSE160543","HALLMARK_TNFA_SIGNALING_VIA_NFKB","GSM4875014","Neuropathy","Oxaliplatin",-0.0101617995234028,-0.0372409552563489,"Inj4"
"OIPN_GSE160543","HALLMARK_HEME_METABOLISM","GSM4875014","Neuropathy","Oxaliplatin",-0.242923548733637,-1.41177422931145,"Inj4"
"OIPN_GSE160543","HALLMARK_COMPLEMENT","GSM4875014","Neuropathy","Oxaliplatin",-0.116647583962295,-1.0181145470973,"Inj4"
"OIPN_GSE126773","HALLMARK_E2F_TARGETS","GSM3612635","Control","Vehicle",-0.367877973762337,-1.48397026007199,"Ctrl1"
"OIPN_GSE126773","HALLMARK_G2M_CHECKPOINT","GSM3612635","Control","Vehicle",-0.136566000148317,-1.41301319783102,"Ctrl1"
"OIPN_GSE126773","HALLMARK_IL6_JAK_STAT3_SIGNALING","GSM3612635","Control","Vehicle",0.259936500599973,0.816668513481435,"Ctrl1"
"OIPN_GSE126773","HALLMARK_INTERFERON_ALPHA_RESPONSE","GSM3612635","Control","Vehicle",-0.215245566313446,-0.48384536716287,"Ctrl1"
"OIPN_GSE126773","HALLMARK_INTERFERON_GAMMA_RESPONSE","GSM3612635","Control","Vehicle",0.045950107074405,0.219991250470378,"Ctrl1"
"OIPN_GSE126773","HALLMARK_TNFA_SIGNALING_VIA_NFKB","GSM3612635","Control","Vehicle",0.328994235203118,0.987395367868244,"Ctrl1"
"OIPN_GSE126773","HALLMARK_HEME_METABOLISM","GSM3612635","Control","Vehicle",0.0963644838522506,0.46187391349256,"Ctrl1"
"OIPN_GSE126773","HALLMARK_COMPLEMENT","GSM3612635","Control","Vehicle",0.12062822596198,0.678392956514618,"Ctrl1"
"OIPN_GSE126773","HALLMARK_E2F_TARGETS","GSM3612636","Control","Vehicle",-0.220130828421659,-0.950455095681869,"Ctrl2"
"OIPN_GSE126773","HALLMARK_G2M_CHECKPOINT","GSM3612636","Control","Vehicle",-0.0359058790554654,-0.463919907956169,"Ctrl2"
"OIPN_GSE126773","HALLMARK_IL6_JAK_STAT3_SIGNALING","GSM3612636","Control","Vehicle",0.350251889192963,1.0993979891883,"Ctrl2"
"OIPN_GSE126773","HALLMARK_INTERFERON_ALPHA_RESPONSE","GSM3612636","Control","Vehicle",0.0502704310218483,0.300333705682304,"Ctrl2"
"OIPN_GSE126773","HALLMARK_INTERFERON_GAMMA_RESPONSE","GSM3612636","Control","Vehicle",0.129371440624043,0.470449801739826,"Ctrl2"
"OIPN_GSE126773","HALLMARK_TNFA_SIGNALING_VIA_NFKB","GSM3612636","Control","Vehicle",0.432452607628644,1.29727989060373,"Ctrl2"
"OIPN_GSE126773","HALLMARK_HEME_METABOLISM","GSM3612636","Control","Vehicle",0.104664524652242,0.509017375215457,"Ctrl2"
"OIPN_GSE126773","HALLMARK_COMPLEMENT","GSM3612636","Control","Vehicle",0.0642489728311582,0.415817932238765,"Ctrl2"
"OIPN_GSE126773","HALLMARK_E2F_TARGETS","GSM3612637","Control","Vehicle",0.137737739094143,0.34180884070758,"Ctrl3"
"OIPN_GSE126773","HALLMARK_G2M_CHECKPOINT","GSM3612637","Control","Vehicle",0.140848981250078,1.20264724939917,"Ctrl3"
"OIPN_GSE126773","HALLMARK_IL6_JAK_STAT3_SIGNALING","GSM3612637","Control","Vehicle",-0.412576078012364,-1.28861090478259,"Ctrl3"
"OIPN_GSE126773","HALLMARK_INTERFERON_ALPHA_RESPONSE","GSM3612637","Control","Vehicle",-0.160596423703509,-0.322443740090558,"Ctrl3"
"OIPN_GSE126773","HALLMARK_INTERFERON_GAMMA_RESPONSE","GSM3612637","Control","Vehicle",-0.176667729267777,-0.44838143556233,"Ctrl3"
"OIPN_GSE126773","HALLMARK_TNFA_SIGNALING_VIA_NFKB","GSM3612637","Control","Vehicle",-0.470859195905537,-1.40837205961441,"Ctrl3"
"OIPN_GSE126773","HALLMARK_HEME_METABOLISM","GSM3612637","Control","Vehicle",-0.186859013736419,-1.14680927727081,"Ctrl3"
"OIPN_GSE126773","HALLMARK_COMPLEMENT","GSM3612637","Control","Vehicle",-0.214141675690838,-0.880730482906371,"Ctrl3"
"OIPN_GSE126773","HALLMARK_E2F_TARGETS","GSM3612638","Neuropathy","Oxaliplatin",0.306862469642169,0.952518497484427,"Inj1"
"OIPN_GSE126773","HALLMARK_G2M_CHECKPOINT","GSM3612638","Neuropathy","Oxaliplatin",0.0179045478842364,0.0434420401450304,"Inj1"
"OIPN_GSE126773","HALLMARK_IL6_JAK_STAT3_SIGNALING","GSM3612638","Neuropathy","Oxaliplatin",-0.189516830445884,-0.590330964912695,"Inj1"
"OIPN_GSE126773","HALLMARK_INTERFERON_ALPHA_RESPONSE","GSM3612638","Neuropathy","Oxaliplatin",-0.333608676011644,-0.833420814795857,"Inj1"
"OIPN_GSE126773","HALLMARK_INTERFERON_GAMMA_RESPONSE","GSM3612638","Neuropathy","Oxaliplatin",-0.360206253589214,-0.999425046922568,"Inj1"
"OIPN_GSE126773","HALLMARK_TNFA_SIGNALING_VIA_NFKB","GSM3612638","Neuropathy","Oxaliplatin",-0.0832038967731112,-0.247244404682406,"Inj1"
"OIPN_GSE126773","HALLMARK_HEME_METABOLISM","GSM3612638","Neuropathy","Oxaliplatin",-0.204811418669442,-1.24877727178896,"Inj1"
"OIPN_GSE126773","HALLMARK_COMPLEMENT","GSM3612638","Neuropathy","Oxaliplatin",-0.188475758383651,-0.761196638703805,"Inj1"
"OIPN_GSE126773","HALLMARK_E2F_TARGETS","GSM3612639","Neuropathy","Oxaliplatin",0.292882305387106,0.902036103299805,"Inj2"
"OIPN_GSE126773","HALLMARK_G2M_CHECKPOINT","GSM3612639","Neuropathy","Oxaliplatin",0.12685659649655,1.07071736162692,"Inj2"
"OIPN_GSE126773","HALLMARK_IL6_JAK_STAT3_SIGNALING","GSM3612639","Neuropathy","Oxaliplatin",-0.245349692532411,-0.765113978869221,"Inj2"
"OIPN_GSE126773","HALLMARK_INTERFERON_ALPHA_RESPONSE","GSM3612639","Neuropathy","Oxaliplatin",-0.237984206569512,-0.551002020670434,"Inj2"
"OIPN_GSE126773","HALLMARK_INTERFERON_GAMMA_RESPONSE","GSM3612639","Neuropathy","Oxaliplatin",-0.325362699057418,-0.894813123116304,"Inj2"
"OIPN_GSE126773","HALLMARK_TNFA_SIGNALING_VIA_NFKB","GSM3612639","Neuropathy","Oxaliplatin",-0.180177913522736,-0.537706608887602,"Inj2"
"OIPN_GSE126773","HALLMARK_HEME_METABOLISM","GSM3612639","Neuropathy","Oxaliplatin",0.0410181151965261,0.147511674185836,"Inj2"
"OIPN_GSE126773","HALLMARK_COMPLEMENT","GSM3612639","Neuropathy","Oxaliplatin",-0.223075735134877,-0.922339066651834,"Inj2"
"OIPN_GSE126773","HALLMARK_E2F_TARGETS","GSM3612640","Neuropathy","Oxaliplatin",0.109006948962395,0.238061914262043,"Inj3"
"OIPN_GSE126773","HALLMARK_G2M_CHECKPOINT","GSM3612640","Neuropathy","Oxaliplatin",-0.033355539911583,-0.439873545383933,"Inj3"
"OIPN_GSE126773","HALLMARK_IL6_JAK_STAT3_SIGNALING","GSM3612640","Neuropathy","Oxaliplatin",0.231608737954537,0.727989345894768,"Inj3"
"OIPN_GSE126773","HALLMARK_INTERFERON_ALPHA_RESPONSE","GSM3612640","Neuropathy","Oxaliplatin",0.588645241278532,1.89037823703741,"Inj3"
"OIPN_GSE126773","HALLMARK_INTERFERON_GAMMA_RESPONSE","GSM3612640","Neuropathy","Oxaliplatin",0.522975044322261,1.652178553391,"Inj3"
"OIPN_GSE126773","HALLMARK_TNFA_SIGNALING_VIA_NFKB","GSM3612640","Neuropathy","Oxaliplatin",-0.0311575565750834,-0.0913521852875532,"Inj3"
"OIPN_GSE126773","HALLMARK_HEME_METABOLISM","GSM3612640","Neuropathy","Oxaliplatin",0.239907263709884,1.27718358616592,"Inj3"
"OIPN_GSE126773","HALLMARK_COMPLEMENT","GSM3612640","Neuropathy","Oxaliplatin",0.290611383167779,1.47005529950863,"Inj3"
"NC_GSE246156","HALLMARK_E2F_TARGETS","GSM7863794","Control","Sham",-0.491794779790546,-0.891041880468655,"Ctrl1"
"NC_GSE246156","HALLMARK_G2M_CHECKPOINT","GSM7863794","Control","Sham",-0.329975090736797,-0.740017275657934,"Ctrl1"
"NC_GSE246156","HALLMARK_IL6_JAK_STAT3_SIGNALING","GSM7863794","Control","Sham",-0.336146914438237,-0.898629387899941,"Ctrl1"
"NC_GSE246156","HALLMARK_INTERFERON_ALPHA_RESPONSE","GSM7863794","Control","Sham",-0.265622880873605,-0.756412963924646,"Ctrl1"
"NC_GSE246156","HALLMARK_INTERFERON_GAMMA_RESPONSE","GSM7863794","Control","Sham",-0.315023418043982,-0.873360243849453,"Ctrl1"
"NC_GSE246156","HALLMARK_TNFA_SIGNALING_VIA_NFKB","GSM7863794","Control","Sham",-0.334839617534439,-0.860614456168621,"Ctrl1"
"NC_GSE246156","HALLMARK_HEME_METABOLISM","GSM7863794","Control","Sham",0.452170212467668,1.68356547790269,"Ctrl1"
"NC_GSE246156","HALLMARK_COMPLEMENT","GSM7863794","Control","Sham",-0.214807075447005,-0.755328882867602,"Ctrl1"
"NC_GSE246156","HALLMARK_E2F_TARGETS","GSM7863795","Control","Sham",-0.439408080622652,-0.794118757913931,"Ctrl2"
"NC_GSE246156","HALLMARK_G2M_CHECKPOINT","GSM7863795","Control","Sham",-0.408503357228987,-0.914946535648593,"Ctrl2"
"NC_GSE246156","HALLMARK_IL6_JAK_STAT3_SIGNALING","GSM7863795","Control","Sham",-0.160162840218872,-0.435576397913577,"Ctrl2"
"NC_GSE246156","HALLMARK_INTERFERON_ALPHA_RESPONSE","GSM7863795","Control","Sham",0.0281783098895759,0.190295824669873,"Ctrl2"
"NC_GSE246156","HALLMARK_INTERFERON_GAMMA_RESPONSE","GSM7863795","Control","Sham",-0.111390384482059,-0.275015306855584,"Ctrl2"
"NC_GSE246156","HALLMARK_TNFA_SIGNALING_VIA_NFKB","GSM7863795","Control","Sham",-0.347580862516948,-0.894762394152314,"Ctrl2"
"NC_GSE246156","HALLMARK_HEME_METABOLISM","GSM7863795","Control","Sham",-0.114048296428636,-0.374680736320311,"Ctrl2"
"NC_GSE246156","HALLMARK_COMPLEMENT","GSM7863795","Control","Sham",-0.148430901226148,-0.509944188969235,"Ctrl2"
"NC_GSE246156","HALLMARK_E2F_TARGETS","GSM7863796","Control","Sham",-0.536437578264801,-0.973637644210875,"Ctrl3"
"NC_GSE246156","HALLMARK_G2M_CHECKPOINT","GSM7863796","Control","Sham",-0.463513417854837,-1.03748673202843,"Ctrl3"
"NC_GSE246156","HALLMARK_IL6_JAK_STAT3_SIGNALING","GSM7863796","Control","Sham",-0.448177681271608,-1.1934070931143,"Ctrl3"
"NC_GSE246156","HALLMARK_INTERFERON_ALPHA_RESPONSE","GSM7863796","Control","Sham",-0.351036000470167,-1.03163768569413,"Ctrl3"
"NC_GSE246156","HALLMARK_INTERFERON_GAMMA_RESPONSE","GSM7863796","Control","Sham",-0.423651542163305,-1.19254759250806,"Ctrl3"
"NC_GSE246156","HALLMARK_TNFA_SIGNALING_VIA_NFKB","GSM7863796","Control","Sham",-0.348389829681046,-0.89693051513173,"Ctrl3"
"NC_GSE246156","HALLMARK_HEME_METABOLISM","GSM7863796","Control","Sham",0.193810328622497,0.744408165882,"Ctrl3"
"NC_GSE246156","HALLMARK_COMPLEMENT","GSM7863796","Control","Sham",-0.346768568248994,-1.24317457294675,"Ctrl3"
"NC_GSE246156","HALLMARK_E2F_TARGETS","GSM7863770","Neuropathy","Compression",0.476885835108182,0.901160175501994,"Inj1"
"NC_GSE246156","HALLMARK_G2M_CHECKPOINT","GSM7863770","Neuropathy","Compression",0.428633444246418,0.949856136489899,"Inj1"
"NC_GSE246156","HALLMARK_IL6_JAK_STAT3_SIGNALING","GSM7863770","Neuropathy","Compression",0.491391016556196,1.27880578612864,"Inj1"
"NC_GSE246156","HALLMARK_INTERFERON_ALPHA_RESPONSE","GSM7863770","Neuropathy","Compression",0.530464359231578,1.80880055593145,"Inj1"
"NC_GSE246156","HALLMARK_INTERFERON_GAMMA_RESPONSE","GSM7863770","Neuropathy","Compression",0.508362929318989,1.5460362730948,"Inj1"
"NC_GSE246156","HALLMARK_TNFA_SIGNALING_VIA_NFKB","GSM7863770","Neuropathy","Compression",0.25368689275456,0.716701324408305,"Inj1"
"NC_GSE246156","HALLMARK_HEME_METABOLISM","GSM7863770","Neuropathy","Compression",-0.252170303487576,-0.876764461354475,"Inj1"
"NC_GSE246156","HALLMARK_COMPLEMENT","GSM7863770","Neuropathy","Compression",0.251234711956139,0.967571279549922,"Inj1"
"NC_GSE246156","HALLMARK_E2F_TARGETS","GSM7863771","Neuropathy","Compression",0.663664357232924,1.24672799859518,"Inj2"
"NC_GSE246156","HALLMARK_G2M_CHECKPOINT","GSM7863771","Neuropathy","Compression",0.502557845946145,1.11452984523491,"Inj2"
"NC_GSE246156","HALLMARK_IL6_JAK_STAT3_SIGNALING","GSM7863771","Neuropathy","Compression",0.351320009963444,0.91024801349562,"Inj2"
"NC_GSE246156","HALLMARK_INTERFERON_ALPHA_RESPONSE","GSM7863771","Neuropathy","Compression",-0.0235686736084244,0.0235527153803654,"Inj2"
"NC_GSE246156","HALLMARK_INTERFERON_GAMMA_RESPONSE","GSM7863771","Neuropathy","Compression",0.161371737012197,0.526455022123065,"Inj2"
"NC_GSE246156","HALLMARK_TNFA_SIGNALING_VIA_NFKB","GSM7863771","Neuropathy","Compression",0.210969025180952,0.602212740702263,"Inj2"
"NC_GSE246156","HALLMARK_HEME_METABOLISM","GSM7863771","Neuropathy","Compression",-0.192501075129482,-0.659862397144231,"Inj2"
"NC_GSE246156","HALLMARK_COMPLEMENT","GSM7863771","Neuropathy","Compression",0.333241942232759,1.27074209852367,"Inj2"
"NC_GSE246156","HALLMARK_E2F_TARGETS","GSM7863772","Neuropathy","Compression",0.2659566747426,0.510910108496286,"Inj3"
"NC_GSE246156","HALLMARK_G2M_CHECKPOINT","GSM7863772","Neuropathy","Compression",0.284176567515516,0.628064561610149,"Inj3"
"NC_GSE246156","HALLMARK_IL6_JAK_STAT3_SIGNALING","GSM7863772","Neuropathy","Compression",0.13404866089342,0.338559079303556,"Inj3"
"NC_GSE246156","HALLMARK_INTERFERON_ALPHA_RESPONSE","GSM7863772","Neuropathy","Compression",-0.103683192065227,-0.23459844636291,"Inj3"
"NC_GSE246156","HALLMARK_INTERFERON_GAMMA_RESPONSE","GSM7863772","Neuropathy","Compression",0.0735594427511253,0.268431847995227,"Inj3"
"NC_GSE246156","HALLMARK_TNFA_SIGNALING_VIA_NFKB","GSM7863772","Neuropathy","Compression",0.483786395332789,1.3333933003421,"Inj3"
"NC_GSE246156","HALLMARK_HEME_METABOLISM","GSM7863772","Neuropathy","Compression",-0.153108109319673,-0.516666048965679,"Inj3"
"NC_GSE246156","HALLMARK_COMPLEMENT","GSM7863772","Neuropathy","Compression",0.0625790955976442,0.270134266709996,"Inj3"
"CCI_GSE212311","HALLMARK_E2F_TARGETS","GSM6523751","Control","Sham",-0.0406718954689943,-0.316385239142218,"Ctrl1"
"CCI_GSE212311","HALLMARK_G2M_CHECKPOINT","GSM6523751","Control","Sham",0.0391134696269044,0.289961221053032,"Ctrl1"
"CCI_GSE212311","HALLMARK_IL6_JAK_STAT3_SIGNALING","GSM6523751","Control","Sham",-0.248376863140245,-0.611294660082291,"Ctrl1"
"CCI_GSE212311","HALLMARK_INTERFERON_ALPHA_RESPONSE","GSM6523751","Control","Sham",-0.304492902767933,-0.898950111987609,"Ctrl1"
"CCI_GSE212311","HALLMARK_INTERFERON_GAMMA_RESPONSE","GSM6523751","Control","Sham",-0.252520786381503,-0.91558208305537,"Ctrl1"
"CCI_GSE212311","HALLMARK_TNFA_SIGNALING_VIA_NFKB","GSM6523751","Control","Sham",-0.211886954317185,-0.750125445010114,"Ctrl1"
"CCI_GSE212311","HALLMARK_HEME_METABOLISM","GSM6523751","Control","Sham",0.0618844190032991,0.896541329427843,"Ctrl1"
"CCI_GSE212311","HALLMARK_COMPLEMENT","GSM6523751","Control","Sham",-0.0730746311689907,-0.492750288317348,"Ctrl1"
"CCI_GSE212311","HALLMARK_E2F_TARGETS","GSM6523752","Control","Sham",0.0382294029209237,0.299932164221573,"Ctrl2"
"CCI_GSE212311","HALLMARK_G2M_CHECKPOINT","GSM6523752","Control","Sham",-0.0825819087301499,-0.647333102116162,"Ctrl2"
"CCI_GSE212311","HALLMARK_IL6_JAK_STAT3_SIGNALING","GSM6523752","Control","Sham",-0.462347374717512,-1.14261665782058,"Ctrl2"
"CCI_GSE212311","HALLMARK_INTERFERON_ALPHA_RESPONSE","GSM6523752","Control","Sham",-0.312964673246617,-0.923494118848883,"Ctrl2"
"CCI_GSE212311","HALLMARK_INTERFERON_GAMMA_RESPONSE","GSM6523752","Control","Sham",-0.322832888514315,-1.16278697510071,"Ctrl2"
"CCI_GSE212311","HALLMARK_TNFA_SIGNALING_VIA_NFKB","GSM6523752","Control","Sham",-0.249327648500055,-0.881406579283984,"Ctrl2"
"CCI_GSE212311","HALLMARK_HEME_METABOLISM","GSM6523752","Control","Sham",-0.0367610788812776,-0.243703856295659,"Ctrl2"
"CCI_GSE212311","HALLMARK_COMPLEMENT","GSM6523752","Control","Sham",-0.155962603661958,-1.03240798544705,"Ctrl2"
"CCI_GSE212311","HALLMARK_E2F_TARGETS","GSM6523753","Control","Sham",-0.229608127642219,-1.79221251183029,"Ctrl3"
"CCI_GSE212311","HALLMARK_G2M_CHECKPOINT","GSM6523753","Control","Sham",-0.191853068370807,-1.48893644811016,"Ctrl3"
"CCI_GSE212311","HALLMARK_IL6_JAK_STAT3_SIGNALING","GSM6523753","Control","Sham",-0.365002896887944,-0.900895207290142,"Ctrl3"
"CCI_GSE212311","HALLMARK_INTERFERON_ALPHA_RESPONSE","GSM6523753","Control","Sham",0.249362270577522,0.7056525161108,"Ctrl3"
"CCI_GSE212311","HALLMARK_INTERFERON_GAMMA_RESPONSE","GSM6523753","Control","Sham",-0.0664976704446677,-0.261557770053866,"Ctrl3"
"CCI_GSE212311","HALLMARK_TNFA_SIGNALING_VIA_NFKB","GSM6523753","Control","Sham",-0.307477790279429,-1.08530281405186,"Ctrl3"
"CCI_GSE212311","HALLMARK_HEME_METABOLISM","GSM6523753","Control","Sham",-0.038246145167103,-0.26086976573102,"Ctrl3"
"CCI_GSE212311","HALLMARK_COMPLEMENT","GSM6523753","Control","Sham",-0.149204656728546,-0.988409103948055,"Ctrl3"
"CCI_GSE212311","HALLMARK_E2F_TARGETS","GSM6523748","Neuropathy","CCI",0.151471252451063,1.18449203939147,"Inj1"
"CCI_GSE212311","HALLMARK_G2M_CHECKPOINT","GSM6523748","Neuropathy","CCI",0.186412277688082,1.42445242745083,"Inj1"
"CCI_GSE212311","HALLMARK_IL6_JAK_STAT3_SIGNALING","GSM6523748","Neuropathy","CCI",0.357129154747297,0.892270783095087,"Inj1"
"CCI_GSE212311","HALLMARK_INTERFERON_ALPHA_RESPONSE","GSM6523748","Neuropathy","CCI",-0.290362950026658,-0.858013491017538,"Inj1"
"CCI_GSE212311","HALLMARK_INTERFERON_GAMMA_RESPONSE","GSM6523748","Neuropathy","CCI",0.0074803962270954,-0.00146399628540539,"Inj1"
"CCI_GSE212311","HALLMARK_TNFA_SIGNALING_VIA_NFKB","GSM6523748","Neuropathy","CCI",0.270951926608036,0.942888996703704,"Inj1"
"CCI_GSE212311","HALLMARK_HEME_METABOLISM","GSM6523748","Neuropathy","CCI",-0.0954803750293768,-0.922441316978202,"Inj1"
"CCI_GSE212311","HALLMARK_COMPLEMENT","GSM6523748","Neuropathy","CCI",0.13895079095276,0.887681004592908,"Inj1"
"CCI_GSE212311","HALLMARK_E2F_TARGETS","GSM6523749","Neuropathy","CCI",0.0388907184787814,0.305097862324648,"Inj2"
"CCI_GSE212311","HALLMARK_G2M_CHECKPOINT","GSM6523749","Neuropathy","CCI",0.0657933890891442,0.495449197607066,"Inj2"
"CCI_GSE212311","HALLMARK_IL6_JAK_STAT3_SIGNALING","GSM6523749","Neuropathy","CCI",0.466503188450587,1.16386348836813,"Inj2"
"CCI_GSE212311","HALLMARK_INTERFERON_ALPHA_RESPONSE","GSM6523749","Neuropathy","CCI",0.250526740838319,0.709026163466175,"Inj2"
"CCI_GSE212311","HALLMARK_INTERFERON_GAMMA_RESPONSE","GSM6523749","Neuropathy","CCI",0.338286220690643,1.16159066491666,"Inj2"
"CCI_GSE212311","HALLMARK_TNFA_SIGNALING_VIA_NFKB","GSM6523749","Neuropathy","CCI",0.283574635855333,0.987148955653733,"Inj2"
"CCI_GSE212311","HALLMARK_HEME_METABOLISM","GSM6523749","Neuropathy","CCI",0.114578559804448,1.50563390489084,"Inj2"
"CCI_GSE212311","HALLMARK_COMPLEMENT","GSM6523749","Neuropathy","CCI",0.211923412810182,1.36278295099936,"Inj2"
"CCI_GSE212311","HALLMARK_E2F_TARGETS","GSM6523750","Neuropathy","CCI",0.0406801671532417,0.319075685034813,"Inj3"
"CCI_GSE212311","HALLMARK_G2M_CHECKPOINT","GSM6523750","Neuropathy","CCI",-0.00808931758570403,-0.0735932958846005,"Inj3"
"CCI_GSE212311","HALLMARK_IL6_JAK_STAT3_SIGNALING","GSM6523750","Neuropathy","CCI",0.238893079835961,0.598672253729795,"Inj3"
"CCI_GSE212311","HALLMARK_INTERFERON_ALPHA_RESPONSE","GSM6523750","Neuropathy","CCI",0.442699218188562,1.26577904227706,"Inj3"
"CCI_GSE212311","HALLMARK_INTERFERON_GAMMA_RESPONSE","GSM6523750","Neuropathy","CCI",0.343465518874716,1.1798001595787,"Inj3"
"CCI_GSE212311","HALLMARK_TNFA_SIGNALING_VIA_NFKB","GSM6523750","Neuropathy","CCI",0.226435271462034,0.786796885988519,"Inj3"
"CCI_GSE212311","HALLMARK_HEME_METABOLISM","GSM6523750","Neuropathy","CCI",-0.100041227318862,-0.975160295313802,"Inj3"
"CCI_GSE212311","HALLMARK_COMPLEMENT","GSM6523750","Neuropathy","CCI",0.0430196669252999,0.263103422120189,"Inj3"
